sample_index,video_id,subject,label,score,prediction,threshold,variant,seed,policy
0,S1_ADL_01,1,0,0.8907170295715332,1,0.5,A0_pose_average,142,fixed
1,S1_ADL_02,1,0,0.6733793616294861,1,0.5,A0_pose_average,142,fixed
2,S1_ADL_03,1,0,0.8263176083564758,1,0.5,A0_pose_average,142,fixed
3,S1_ADL_04,1,0,0.0009434682433493435,0,0.5,A0_pose_average,142,fixed
4,S1_ADL_05,1,0,0.00016061592032201588,0,0.5,A0_pose_average,142,fixed
5,S1_ADL_06,1,0,0.01851751282811165,0,0.5,A0_pose_average,142,fixed
6,S1_ADL_07,1,0,0.00019645989232230932,0,0.5,A0_pose_average,142,fixed
7,S1_ADL_08,1,0,0.004217950627207756,0,0.5,A0_pose_average,142,fixed
8,S1_ADL_09,1,0,0.03841172531247139,0,0.5,A0_pose_average,142,fixed
9,S1_ADL_10,1,0,0.012279074639081955,0,0.5,A0_pose_average,142,fixed
10,S1_ADL_11,1,0,0.00011304956569802016,0,0.5,A0_pose_average,142,fixed
11,S1_ADL_12,1,0,0.0042363121174275875,0,0.5,A0_pose_average,142,fixed
12,S1_ADL_13,1,0,0.0005353088490664959,0,0.5,A0_pose_average,142,fixed
13,S1_ADL_14,1,0,0.009604262188076973,0,0.5,A0_pose_average,142,fixed
14,S1_ADL_15,1,0,0.0004535262705758214,0,0.5,A0_pose_average,142,fixed
15,S1_ADL_16,1,0,0.002387166256085038,0,0.5,A0_pose_average,142,fixed
16,S1_FALL_01,1,1,0.9781067967414856,1,0.5,A0_pose_average,142,fixed
17,S1_FALL_02,1,1,0.9880727529525757,1,0.5,A0_pose_average,142,fixed
18,S1_FALL_03,1,1,0.9527975916862488,1,0.5,A0_pose_average,142,fixed
19,S1_FALL_04,1,1,0.9954057931900024,1,0.5,A0_pose_average,142,fixed
20,S1_FALL_05,1,1,0.9921348094940186,1,0.5,A0_pose_average,142,fixed
21,S1_FALL_06,1,1,0.9899868369102478,1,0.5,A0_pose_average,142,fixed
22,S1_FALL_07,1,1,0.964034378528595,1,0.5,A0_pose_average,142,fixed
23,S1_FALL_08,1,1,0.9250587821006775,1,0.5,A0_pose_average,142,fixed
24,S1_FALL_09,1,1,0.9732834100723267,1,0.5,A0_pose_average,142,fixed
25,S1_FALL_10,1,1,0.9870327711105347,1,0.5,A0_pose_average,142,fixed
26,S1_FALL_11,1,1,0.4155689775943756,0,0.5,A0_pose_average,142,fixed
27,S1_FALL_12,1,1,0.8813455104827881,1,0.5,A0_pose_average,142,fixed
28,S1_FALL_13,1,1,0.004154560621827841,0,0.5,A0_pose_average,142,fixed
29,S1_FALL_14,1,1,0.8429712057113647,1,0.5,A0_pose_average,142,fixed
30,S1_FALL_15,1,1,0.9166538119316101,1,0.5,A0_pose_average,142,fixed
31,S1_FALL_16,1,1,0.9297317862510681,1,0.5,A0_pose_average,142,fixed
0,S1_ADL_01,1,0,0.8907170295715332,1,0.22499999999999998,A0_pose_average,142,balanced
1,S1_ADL_02,1,0,0.6733793616294861,1,0.22499999999999998,A0_pose_average,142,balanced
2,S1_ADL_03,1,0,0.8263176083564758,1,0.22499999999999998,A0_pose_average,142,balanced
3,S1_ADL_04,1,0,0.0009434682433493435,0,0.22499999999999998,A0_pose_average,142,balanced
4,S1_ADL_05,1,0,0.00016061592032201588,0,0.22499999999999998,A0_pose_average,142,balanced
5,S1_ADL_06,1,0,0.01851751282811165,0,0.22499999999999998,A0_pose_average,142,balanced
6,S1_ADL_07,1,0,0.00019645989232230932,0,0.22499999999999998,A0_pose_average,142,balanced
7,S1_ADL_08,1,0,0.004217950627207756,0,0.22499999999999998,A0_pose_average,142,balanced
8,S1_ADL_09,1,0,0.03841172531247139,0,0.22499999999999998,A0_pose_average,142,balanced
9,S1_ADL_10,1,0,0.012279074639081955,0,0.22499999999999998,A0_pose_average,142,balanced
10,S1_ADL_11,1,0,0.00011304956569802016,0,0.22499999999999998,A0_pose_average,142,balanced
11,S1_ADL_12,1,0,0.0042363121174275875,0,0.22499999999999998,A0_pose_average,142,balanced
12,S1_ADL_13,1,0,0.0005353088490664959,0,0.22499999999999998,A0_pose_average,142,balanced
13,S1_ADL_14,1,0,0.009604262188076973,0,0.22499999999999998,A0_pose_average,142,balanced
14,S1_ADL_15,1,0,0.0004535262705758214,0,0.22499999999999998,A0_pose_average,142,balanced
15,S1_ADL_16,1,0,0.002387166256085038,0,0.22499999999999998,A0_pose_average,142,balanced
16,S1_FALL_01,1,1,0.9781067967414856,1,0.22499999999999998,A0_pose_average,142,balanced
17,S1_FALL_02,1,1,0.9880727529525757,1,0.22499999999999998,A0_pose_average,142,balanced
18,S1_FALL_03,1,1,0.9527975916862488,1,0.22499999999999998,A0_pose_average,142,balanced
19,S1_FALL_04,1,1,0.9954057931900024,1,0.22499999999999998,A0_pose_average,142,balanced
20,S1_FALL_05,1,1,0.9921348094940186,1,0.22499999999999998,A0_pose_average,142,balanced
21,S1_FALL_06,1,1,0.9899868369102478,1,0.22499999999999998,A0_pose_average,142,balanced
22,S1_FALL_07,1,1,0.964034378528595,1,0.22499999999999998,A0_pose_average,142,balanced
23,S1_FALL_08,1,1,0.9250587821006775,1,0.22499999999999998,A0_pose_average,142,balanced
24,S1_FALL_09,1,1,0.9732834100723267,1,0.22499999999999998,A0_pose_average,142,balanced
25,S1_FALL_10,1,1,0.9870327711105347,1,0.22499999999999998,A0_pose_average,142,balanced
26,S1_FALL_11,1,1,0.4155689775943756,1,0.22499999999999998,A0_pose_average,142,balanced
27,S1_FALL_12,1,1,0.8813455104827881,1,0.22499999999999998,A0_pose_average,142,balanced
28,S1_FALL_13,1,1,0.004154560621827841,0,0.22499999999999998,A0_pose_average,142,balanced
29,S1_FALL_14,1,1,0.8429712057113647,1,0.22499999999999998,A0_pose_average,142,balanced
30,S1_FALL_15,1,1,0.9166538119316101,1,0.22499999999999998,A0_pose_average,142,balanced
31,S1_FALL_16,1,1,0.9297317862510681,1,0.22499999999999998,A0_pose_average,142,balanced
0,S1_ADL_01,1,0,0.8907170295715332,1,0.22499999999999998,A0_pose_average,142,sensitivity
1,S1_ADL_02,1,0,0.6733793616294861,1,0.22499999999999998,A0_pose_average,142,sensitivity
2,S1_ADL_03,1,0,0.8263176083564758,1,0.22499999999999998,A0_pose_average,142,sensitivity
3,S1_ADL_04,1,0,0.0009434682433493435,0,0.22499999999999998,A0_pose_average,142,sensitivity
4,S1_ADL_05,1,0,0.00016061592032201588,0,0.22499999999999998,A0_pose_average,142,sensitivity
5,S1_ADL_06,1,0,0.01851751282811165,0,0.22499999999999998,A0_pose_average,142,sensitivity
6,S1_ADL_07,1,0,0.00019645989232230932,0,0.22499999999999998,A0_pose_average,142,sensitivity
7,S1_ADL_08,1,0,0.004217950627207756,0,0.22499999999999998,A0_pose_average,142,sensitivity
8,S1_ADL_09,1,0,0.03841172531247139,0,0.22499999999999998,A0_pose_average,142,sensitivity
9,S1_ADL_10,1,0,0.012279074639081955,0,0.22499999999999998,A0_pose_average,142,sensitivity
10,S1_ADL_11,1,0,0.00011304956569802016,0,0.22499999999999998,A0_pose_average,142,sensitivity
11,S1_ADL_12,1,0,0.0042363121174275875,0,0.22499999999999998,A0_pose_average,142,sensitivity
12,S1_ADL_13,1,0,0.0005353088490664959,0,0.22499999999999998,A0_pose_average,142,sensitivity
13,S1_ADL_14,1,0,0.009604262188076973,0,0.22499999999999998,A0_pose_average,142,sensitivity
14,S1_ADL_15,1,0,0.0004535262705758214,0,0.22499999999999998,A0_pose_average,142,sensitivity
15,S1_ADL_16,1,0,0.002387166256085038,0,0.22499999999999998,A0_pose_average,142,sensitivity
16,S1_FALL_01,1,1,0.9781067967414856,1,0.22499999999999998,A0_pose_average,142,sensitivity
17,S1_FALL_02,1,1,0.9880727529525757,1,0.22499999999999998,A0_pose_average,142,sensitivity
18,S1_FALL_03,1,1,0.9527975916862488,1,0.22499999999999998,A0_pose_average,142,sensitivity
19,S1_FALL_04,1,1,0.9954057931900024,1,0.22499999999999998,A0_pose_average,142,sensitivity
20,S1_FALL_05,1,1,0.9921348094940186,1,0.22499999999999998,A0_pose_average,142,sensitivity
21,S1_FALL_06,1,1,0.9899868369102478,1,0.22499999999999998,A0_pose_average,142,sensitivity
22,S1_FALL_07,1,1,0.964034378528595,1,0.22499999999999998,A0_pose_average,142,sensitivity
23,S1_FALL_08,1,1,0.9250587821006775,1,0.22499999999999998,A0_pose_average,142,sensitivity
24,S1_FALL_09,1,1,0.9732834100723267,1,0.22499999999999998,A0_pose_average,142,sensitivity
25,S1_FALL_10,1,1,0.9870327711105347,1,0.22499999999999998,A0_pose_average,142,sensitivity
26,S1_FALL_11,1,1,0.4155689775943756,1,0.22499999999999998,A0_pose_average,142,sensitivity
27,S1_FALL_12,1,1,0.8813455104827881,1,0.22499999999999998,A0_pose_average,142,sensitivity
28,S1_FALL_13,1,1,0.004154560621827841,0,0.22499999999999998,A0_pose_average,142,sensitivity
29,S1_FALL_14,1,1,0.8429712057113647,1,0.22499999999999998,A0_pose_average,142,sensitivity
30,S1_FALL_15,1,1,0.9166538119316101,1,0.22499999999999998,A0_pose_average,142,sensitivity
31,S1_FALL_16,1,1,0.9297317862510681,1,0.22499999999999998,A0_pose_average,142,sensitivity
32,S2_ADL_01,2,0,0.6488208174705505,1,0.5,A0_pose_average,142,fixed
33,S2_ADL_02,2,0,0.0291103757917881,0,0.5,A0_pose_average,142,fixed
34,S2_ADL_03,2,0,0.060522351413965225,0,0.5,A0_pose_average,142,fixed
35,S2_ADL_04,2,0,0.4472895860671997,0,0.5,A0_pose_average,142,fixed
36,S2_ADL_05,2,0,0.015688173472881317,0,0.5,A0_pose_average,142,fixed
37,S2_ADL_06,2,0,0.035483118146657944,0,0.5,A0_pose_average,142,fixed
38,S2_ADL_07,2,0,0.07278728485107422,0,0.5,A0_pose_average,142,fixed
39,S2_ADL_08,2,0,0.23863983154296875,0,0.5,A0_pose_average,142,fixed
40,S2_ADL_09,2,0,0.03222307935357094,0,0.5,A0_pose_average,142,fixed
41,S2_ADL_10,2,0,0.06937991082668304,0,0.5,A0_pose_average,142,fixed
42,S2_ADL_11,2,0,0.023644516244530678,0,0.5,A0_pose_average,142,fixed
43,S2_ADL_12,2,0,0.5573675632476807,1,0.5,A0_pose_average,142,fixed
44,S2_ADL_13,2,0,0.03676691651344299,0,0.5,A0_pose_average,142,fixed
45,S2_ADL_14,2,0,0.43643060326576233,0,0.5,A0_pose_average,142,fixed
46,S2_ADL_15,2,0,0.013546617701649666,0,0.5,A0_pose_average,142,fixed
47,S2_ADL_16,2,0,0.47242850065231323,0,0.5,A0_pose_average,142,fixed
48,S2_ADL_17,2,0,0.10847881436347961,0,0.5,A0_pose_average,142,fixed
49,S2_ADL_18,2,0,0.09970422834157944,0,0.5,A0_pose_average,142,fixed
50,S2_ADL_19,2,0,0.14292995631694794,0,0.5,A0_pose_average,142,fixed
51,S2_ADL_20,2,0,0.01438406016677618,0,0.5,A0_pose_average,142,fixed
52,S2_ADL_21,2,0,0.15440893173217773,0,0.5,A0_pose_average,142,fixed
53,S2_ADL_22,2,0,0.5006847977638245,1,0.5,A0_pose_average,142,fixed
54,S2_ADL_23,2,0,0.004512613173574209,0,0.5,A0_pose_average,142,fixed
55,S2_FALL_01,2,1,0.8481792211532593,1,0.5,A0_pose_average,142,fixed
56,S2_FALL_02,2,1,0.9074713587760925,1,0.5,A0_pose_average,142,fixed
57,S2_FALL_03,2,1,0.6766223907470703,1,0.5,A0_pose_average,142,fixed
58,S2_FALL_04,2,1,0.8131617307662964,1,0.5,A0_pose_average,142,fixed
59,S2_FALL_05,2,1,0.7404699921607971,1,0.5,A0_pose_average,142,fixed
60,S2_FALL_06,2,1,0.27779144048690796,0,0.5,A0_pose_average,142,fixed
61,S2_FALL_07,2,1,0.6922008991241455,1,0.5,A0_pose_average,142,fixed
62,S2_FALL_08,2,1,0.5007826685905457,1,0.5,A0_pose_average,142,fixed
63,S2_FALL_09,2,1,0.7116907238960266,1,0.5,A0_pose_average,142,fixed
64,S2_FALL_10,2,1,0.9762496948242188,1,0.5,A0_pose_average,142,fixed
65,S2_FALL_11,2,1,0.7446481585502625,1,0.5,A0_pose_average,142,fixed
66,S2_FALL_12,2,1,0.28512734174728394,0,0.5,A0_pose_average,142,fixed
67,S2_FALL_13,2,1,0.45613303780555725,0,0.5,A0_pose_average,142,fixed
68,S2_FALL_14,2,1,0.9724987745285034,1,0.5,A0_pose_average,142,fixed
69,S2_FALL_15,2,1,0.20125794410705566,0,0.5,A0_pose_average,142,fixed
70,S2_FALL_16,2,1,0.8490824699401855,1,0.5,A0_pose_average,142,fixed
71,S2_FALL_17,2,1,0.810236930847168,1,0.5,A0_pose_average,142,fixed
72,S2_FALL_18,2,1,0.03726346418261528,0,0.5,A0_pose_average,142,fixed
73,S2_FALL_19,2,1,0.09546595066785812,0,0.5,A0_pose_average,142,fixed
74,S2_FALL_20,2,1,0.09956726431846619,0,0.5,A0_pose_average,142,fixed
75,S2_FALL_21,2,1,0.08423491567373276,0,0.5,A0_pose_average,142,fixed
76,S2_FALL_22,2,1,0.8142489790916443,1,0.5,A0_pose_average,142,fixed
77,S2_FALL_23,2,1,0.38743582367897034,0,0.5,A0_pose_average,142,fixed
78,S2_FALL_24,2,1,0.5519008636474609,1,0.5,A0_pose_average,142,fixed
79,S2_FALL_25,2,1,0.5681135058403015,1,0.5,A0_pose_average,142,fixed
32,S2_ADL_01,2,0,0.6488208174705505,1,0.49999999999999994,A0_pose_average,142,balanced
33,S2_ADL_02,2,0,0.0291103757917881,0,0.49999999999999994,A0_pose_average,142,balanced
34,S2_ADL_03,2,0,0.060522351413965225,0,0.49999999999999994,A0_pose_average,142,balanced
35,S2_ADL_04,2,0,0.4472895860671997,0,0.49999999999999994,A0_pose_average,142,balanced
36,S2_ADL_05,2,0,0.015688173472881317,0,0.49999999999999994,A0_pose_average,142,balanced
37,S2_ADL_06,2,0,0.035483118146657944,0,0.49999999999999994,A0_pose_average,142,balanced
38,S2_ADL_07,2,0,0.07278728485107422,0,0.49999999999999994,A0_pose_average,142,balanced
39,S2_ADL_08,2,0,0.23863983154296875,0,0.49999999999999994,A0_pose_average,142,balanced
40,S2_ADL_09,2,0,0.03222307935357094,0,0.49999999999999994,A0_pose_average,142,balanced
41,S2_ADL_10,2,0,0.06937991082668304,0,0.49999999999999994,A0_pose_average,142,balanced
42,S2_ADL_11,2,0,0.023644516244530678,0,0.49999999999999994,A0_pose_average,142,balanced
43,S2_ADL_12,2,0,0.5573675632476807,1,0.49999999999999994,A0_pose_average,142,balanced
44,S2_ADL_13,2,0,0.03676691651344299,0,0.49999999999999994,A0_pose_average,142,balanced
45,S2_ADL_14,2,0,0.43643060326576233,0,0.49999999999999994,A0_pose_average,142,balanced
46,S2_ADL_15,2,0,0.013546617701649666,0,0.49999999999999994,A0_pose_average,142,balanced
47,S2_ADL_16,2,0,0.47242850065231323,0,0.49999999999999994,A0_pose_average,142,balanced
48,S2_ADL_17,2,0,0.10847881436347961,0,0.49999999999999994,A0_pose_average,142,balanced
49,S2_ADL_18,2,0,0.09970422834157944,0,0.49999999999999994,A0_pose_average,142,balanced
50,S2_ADL_19,2,0,0.14292995631694794,0,0.49999999999999994,A0_pose_average,142,balanced
51,S2_ADL_20,2,0,0.01438406016677618,0,0.49999999999999994,A0_pose_average,142,balanced
52,S2_ADL_21,2,0,0.15440893173217773,0,0.49999999999999994,A0_pose_average,142,balanced
53,S2_ADL_22,2,0,0.5006847977638245,1,0.49999999999999994,A0_pose_average,142,balanced
54,S2_ADL_23,2,0,0.004512613173574209,0,0.49999999999999994,A0_pose_average,142,balanced
55,S2_FALL_01,2,1,0.8481792211532593,1,0.49999999999999994,A0_pose_average,142,balanced
56,S2_FALL_02,2,1,0.9074713587760925,1,0.49999999999999994,A0_pose_average,142,balanced
57,S2_FALL_03,2,1,0.6766223907470703,1,0.49999999999999994,A0_pose_average,142,balanced
58,S2_FALL_04,2,1,0.8131617307662964,1,0.49999999999999994,A0_pose_average,142,balanced
59,S2_FALL_05,2,1,0.7404699921607971,1,0.49999999999999994,A0_pose_average,142,balanced
60,S2_FALL_06,2,1,0.27779144048690796,0,0.49999999999999994,A0_pose_average,142,balanced
61,S2_FALL_07,2,1,0.6922008991241455,1,0.49999999999999994,A0_pose_average,142,balanced
62,S2_FALL_08,2,1,0.5007826685905457,1,0.49999999999999994,A0_pose_average,142,balanced
63,S2_FALL_09,2,1,0.7116907238960266,1,0.49999999999999994,A0_pose_average,142,balanced
64,S2_FALL_10,2,1,0.9762496948242188,1,0.49999999999999994,A0_pose_average,142,balanced
65,S2_FALL_11,2,1,0.7446481585502625,1,0.49999999999999994,A0_pose_average,142,balanced
66,S2_FALL_12,2,1,0.28512734174728394,0,0.49999999999999994,A0_pose_average,142,balanced
67,S2_FALL_13,2,1,0.45613303780555725,0,0.49999999999999994,A0_pose_average,142,balanced
68,S2_FALL_14,2,1,0.9724987745285034,1,0.49999999999999994,A0_pose_average,142,balanced
69,S2_FALL_15,2,1,0.20125794410705566,0,0.49999999999999994,A0_pose_average,142,balanced
70,S2_FALL_16,2,1,0.8490824699401855,1,0.49999999999999994,A0_pose_average,142,balanced
71,S2_FALL_17,2,1,0.810236930847168,1,0.49999999999999994,A0_pose_average,142,balanced
72,S2_FALL_18,2,1,0.03726346418261528,0,0.49999999999999994,A0_pose_average,142,balanced
73,S2_FALL_19,2,1,0.09546595066785812,0,0.49999999999999994,A0_pose_average,142,balanced
74,S2_FALL_20,2,1,0.09956726431846619,0,0.49999999999999994,A0_pose_average,142,balanced
75,S2_FALL_21,2,1,0.08423491567373276,0,0.49999999999999994,A0_pose_average,142,balanced
76,S2_FALL_22,2,1,0.8142489790916443,1,0.49999999999999994,A0_pose_average,142,balanced
77,S2_FALL_23,2,1,0.38743582367897034,0,0.49999999999999994,A0_pose_average,142,balanced
78,S2_FALL_24,2,1,0.5519008636474609,1,0.49999999999999994,A0_pose_average,142,balanced
79,S2_FALL_25,2,1,0.5681135058403015,1,0.49999999999999994,A0_pose_average,142,balanced
32,S2_ADL_01,2,0,0.6488208174705505,1,0.27499999999999997,A0_pose_average,142,sensitivity
33,S2_ADL_02,2,0,0.0291103757917881,0,0.27499999999999997,A0_pose_average,142,sensitivity
34,S2_ADL_03,2,0,0.060522351413965225,0,0.27499999999999997,A0_pose_average,142,sensitivity
35,S2_ADL_04,2,0,0.4472895860671997,1,0.27499999999999997,A0_pose_average,142,sensitivity
36,S2_ADL_05,2,0,0.015688173472881317,0,0.27499999999999997,A0_pose_average,142,sensitivity
37,S2_ADL_06,2,0,0.035483118146657944,0,0.27499999999999997,A0_pose_average,142,sensitivity
38,S2_ADL_07,2,0,0.07278728485107422,0,0.27499999999999997,A0_pose_average,142,sensitivity
39,S2_ADL_08,2,0,0.23863983154296875,0,0.27499999999999997,A0_pose_average,142,sensitivity
40,S2_ADL_09,2,0,0.03222307935357094,0,0.27499999999999997,A0_pose_average,142,sensitivity
41,S2_ADL_10,2,0,0.06937991082668304,0,0.27499999999999997,A0_pose_average,142,sensitivity
42,S2_ADL_11,2,0,0.023644516244530678,0,0.27499999999999997,A0_pose_average,142,sensitivity
43,S2_ADL_12,2,0,0.5573675632476807,1,0.27499999999999997,A0_pose_average,142,sensitivity
44,S2_ADL_13,2,0,0.03676691651344299,0,0.27499999999999997,A0_pose_average,142,sensitivity
45,S2_ADL_14,2,0,0.43643060326576233,1,0.27499999999999997,A0_pose_average,142,sensitivity
46,S2_ADL_15,2,0,0.013546617701649666,0,0.27499999999999997,A0_pose_average,142,sensitivity
47,S2_ADL_16,2,0,0.47242850065231323,1,0.27499999999999997,A0_pose_average,142,sensitivity
48,S2_ADL_17,2,0,0.10847881436347961,0,0.27499999999999997,A0_pose_average,142,sensitivity
49,S2_ADL_18,2,0,0.09970422834157944,0,0.27499999999999997,A0_pose_average,142,sensitivity
50,S2_ADL_19,2,0,0.14292995631694794,0,0.27499999999999997,A0_pose_average,142,sensitivity
51,S2_ADL_20,2,0,0.01438406016677618,0,0.27499999999999997,A0_pose_average,142,sensitivity
52,S2_ADL_21,2,0,0.15440893173217773,0,0.27499999999999997,A0_pose_average,142,sensitivity
53,S2_ADL_22,2,0,0.5006847977638245,1,0.27499999999999997,A0_pose_average,142,sensitivity
54,S2_ADL_23,2,0,0.004512613173574209,0,0.27499999999999997,A0_pose_average,142,sensitivity
55,S2_FALL_01,2,1,0.8481792211532593,1,0.27499999999999997,A0_pose_average,142,sensitivity
56,S2_FALL_02,2,1,0.9074713587760925,1,0.27499999999999997,A0_pose_average,142,sensitivity
57,S2_FALL_03,2,1,0.6766223907470703,1,0.27499999999999997,A0_pose_average,142,sensitivity
58,S2_FALL_04,2,1,0.8131617307662964,1,0.27499999999999997,A0_pose_average,142,sensitivity
59,S2_FALL_05,2,1,0.7404699921607971,1,0.27499999999999997,A0_pose_average,142,sensitivity
60,S2_FALL_06,2,1,0.27779144048690796,1,0.27499999999999997,A0_pose_average,142,sensitivity
61,S2_FALL_07,2,1,0.6922008991241455,1,0.27499999999999997,A0_pose_average,142,sensitivity
62,S2_FALL_08,2,1,0.5007826685905457,1,0.27499999999999997,A0_pose_average,142,sensitivity
63,S2_FALL_09,2,1,0.7116907238960266,1,0.27499999999999997,A0_pose_average,142,sensitivity
64,S2_FALL_10,2,1,0.9762496948242188,1,0.27499999999999997,A0_pose_average,142,sensitivity
65,S2_FALL_11,2,1,0.7446481585502625,1,0.27499999999999997,A0_pose_average,142,sensitivity
66,S2_FALL_12,2,1,0.28512734174728394,1,0.27499999999999997,A0_pose_average,142,sensitivity
67,S2_FALL_13,2,1,0.45613303780555725,1,0.27499999999999997,A0_pose_average,142,sensitivity
68,S2_FALL_14,2,1,0.9724987745285034,1,0.27499999999999997,A0_pose_average,142,sensitivity
69,S2_FALL_15,2,1,0.20125794410705566,0,0.27499999999999997,A0_pose_average,142,sensitivity
70,S2_FALL_16,2,1,0.8490824699401855,1,0.27499999999999997,A0_pose_average,142,sensitivity
71,S2_FALL_17,2,1,0.810236930847168,1,0.27499999999999997,A0_pose_average,142,sensitivity
72,S2_FALL_18,2,1,0.03726346418261528,0,0.27499999999999997,A0_pose_average,142,sensitivity
73,S2_FALL_19,2,1,0.09546595066785812,0,0.27499999999999997,A0_pose_average,142,sensitivity
74,S2_FALL_20,2,1,0.09956726431846619,0,0.27499999999999997,A0_pose_average,142,sensitivity
75,S2_FALL_21,2,1,0.08423491567373276,0,0.27499999999999997,A0_pose_average,142,sensitivity
76,S2_FALL_22,2,1,0.8142489790916443,1,0.27499999999999997,A0_pose_average,142,sensitivity
77,S2_FALL_23,2,1,0.38743582367897034,1,0.27499999999999997,A0_pose_average,142,sensitivity
78,S2_FALL_24,2,1,0.5519008636474609,1,0.27499999999999997,A0_pose_average,142,sensitivity
79,S2_FALL_25,2,1,0.5681135058403015,1,0.27499999999999997,A0_pose_average,142,sensitivity
80,S3_ADL_01,3,0,0.0025805910117924213,0,0.5,A0_pose_average,142,fixed
81,S3_ADL_02,3,0,0.024442804977297783,0,0.5,A0_pose_average,142,fixed
82,S3_ADL_03,3,0,0.15383552014827728,0,0.5,A0_pose_average,142,fixed
83,S3_ADL_04,3,0,0.05923757702112198,0,0.5,A0_pose_average,142,fixed
84,S3_ADL_05,3,0,0.6765661239624023,1,0.5,A0_pose_average,142,fixed
85,S3_ADL_06,3,0,0.5190367102622986,1,0.5,A0_pose_average,142,fixed
86,S3_ADL_07,3,0,0.004974924027919769,0,0.5,A0_pose_average,142,fixed
87,S3_ADL_08,3,0,0.9849064946174622,1,0.5,A0_pose_average,142,fixed
88,S3_ADL_09,3,0,0.08541262149810791,0,0.5,A0_pose_average,142,fixed
89,S3_ADL_10,3,0,0.019740380346775055,0,0.5,A0_pose_average,142,fixed
90,S3_ADL_11,3,0,0.05793578177690506,0,0.5,A0_pose_average,142,fixed
91,S3_ADL_12,3,0,0.025185976177453995,0,0.5,A0_pose_average,142,fixed
92,S3_ADL_13,3,0,0.19159699976444244,0,0.5,A0_pose_average,142,fixed
93,S3_ADL_14,3,0,0.03253485634922981,0,0.5,A0_pose_average,142,fixed
94,S3_ADL_15,3,0,0.028624732047319412,0,0.5,A0_pose_average,142,fixed
95,S3_ADL_16,3,0,0.01377013884484768,0,0.5,A0_pose_average,142,fixed
96,S3_ADL_17,3,0,0.006397701799869537,0,0.5,A0_pose_average,142,fixed
97,S3_ADL_18,3,0,0.004273187834769487,0,0.5,A0_pose_average,142,fixed
98,S3_ADL_19,3,0,0.043975070118904114,0,0.5,A0_pose_average,142,fixed
99,S3_ADL_20,3,0,0.011194819584488869,0,0.5,A0_pose_average,142,fixed
100,S3_ADL_21,3,0,0.02308930829167366,0,0.5,A0_pose_average,142,fixed
101,S3_ADL_22,3,0,0.05120088532567024,0,0.5,A0_pose_average,142,fixed
102,S3_FALL_01,3,1,0.9892222881317139,1,0.5,A0_pose_average,142,fixed
103,S3_FALL_02,3,1,0.9810025691986084,1,0.5,A0_pose_average,142,fixed
104,S3_FALL_03,3,1,0.8193764090538025,1,0.5,A0_pose_average,142,fixed
105,S3_FALL_04,3,1,0.9780774116516113,1,0.5,A0_pose_average,142,fixed
106,S3_FALL_05,3,1,0.9865245819091797,1,0.5,A0_pose_average,142,fixed
107,S3_FALL_06,3,1,0.7722558975219727,1,0.5,A0_pose_average,142,fixed
108,S3_FALL_07,3,1,0.9743392467498779,1,0.5,A0_pose_average,142,fixed
109,S3_FALL_08,3,1,0.9685567617416382,1,0.5,A0_pose_average,142,fixed
110,S3_FALL_09,3,1,0.9299306869506836,1,0.5,A0_pose_average,142,fixed
111,S3_FALL_10,3,1,0.6278026700019836,1,0.5,A0_pose_average,142,fixed
112,S3_FALL_11,3,1,0.6529095768928528,1,0.5,A0_pose_average,142,fixed
113,S3_FALL_12,3,1,0.8417748808860779,1,0.5,A0_pose_average,142,fixed
114,S3_FALL_13,3,1,0.9129080772399902,1,0.5,A0_pose_average,142,fixed
115,S3_FALL_14,3,1,0.7175911664962769,1,0.5,A0_pose_average,142,fixed
116,S3_FALL_15,3,1,0.9698759317398071,1,0.5,A0_pose_average,142,fixed
117,S3_FALL_16,3,1,0.921221911907196,1,0.5,A0_pose_average,142,fixed
118,S3_FALL_17,3,1,0.9630990624427795,1,0.5,A0_pose_average,142,fixed
119,S3_FALL_18,3,1,0.9883207082748413,1,0.5,A0_pose_average,142,fixed
120,S3_FALL_19,3,1,0.9734326004981995,1,0.5,A0_pose_average,142,fixed
121,S3_FALL_20,3,1,0.8983114361763,1,0.5,A0_pose_average,142,fixed
122,S3_FALL_21,3,1,0.4899314045906067,0,0.5,A0_pose_average,142,fixed
80,S3_ADL_01,3,0,0.0025805910117924213,0,0.42499999999999993,A0_pose_average,142,balanced
81,S3_ADL_02,3,0,0.024442804977297783,0,0.42499999999999993,A0_pose_average,142,balanced
82,S3_ADL_03,3,0,0.15383552014827728,0,0.42499999999999993,A0_pose_average,142,balanced
83,S3_ADL_04,3,0,0.05923757702112198,0,0.42499999999999993,A0_pose_average,142,balanced
84,S3_ADL_05,3,0,0.6765661239624023,1,0.42499999999999993,A0_pose_average,142,balanced
85,S3_ADL_06,3,0,0.5190367102622986,1,0.42499999999999993,A0_pose_average,142,balanced
86,S3_ADL_07,3,0,0.004974924027919769,0,0.42499999999999993,A0_pose_average,142,balanced
87,S3_ADL_08,3,0,0.9849064946174622,1,0.42499999999999993,A0_pose_average,142,balanced
88,S3_ADL_09,3,0,0.08541262149810791,0,0.42499999999999993,A0_pose_average,142,balanced
89,S3_ADL_10,3,0,0.019740380346775055,0,0.42499999999999993,A0_pose_average,142,balanced
90,S3_ADL_11,3,0,0.05793578177690506,0,0.42499999999999993,A0_pose_average,142,balanced
91,S3_ADL_12,3,0,0.025185976177453995,0,0.42499999999999993,A0_pose_average,142,balanced
92,S3_ADL_13,3,0,0.19159699976444244,0,0.42499999999999993,A0_pose_average,142,balanced
93,S3_ADL_14,3,0,0.03253485634922981,0,0.42499999999999993,A0_pose_average,142,balanced
94,S3_ADL_15,3,0,0.028624732047319412,0,0.42499999999999993,A0_pose_average,142,balanced
95,S3_ADL_16,3,0,0.01377013884484768,0,0.42499999999999993,A0_pose_average,142,balanced
96,S3_ADL_17,3,0,0.006397701799869537,0,0.42499999999999993,A0_pose_average,142,balanced
97,S3_ADL_18,3,0,0.004273187834769487,0,0.42499999999999993,A0_pose_average,142,balanced
98,S3_ADL_19,3,0,0.043975070118904114,0,0.42499999999999993,A0_pose_average,142,balanced
99,S3_ADL_20,3,0,0.011194819584488869,0,0.42499999999999993,A0_pose_average,142,balanced
100,S3_ADL_21,3,0,0.02308930829167366,0,0.42499999999999993,A0_pose_average,142,balanced
101,S3_ADL_22,3,0,0.05120088532567024,0,0.42499999999999993,A0_pose_average,142,balanced
102,S3_FALL_01,3,1,0.9892222881317139,1,0.42499999999999993,A0_pose_average,142,balanced
103,S3_FALL_02,3,1,0.9810025691986084,1,0.42499999999999993,A0_pose_average,142,balanced
104,S3_FALL_03,3,1,0.8193764090538025,1,0.42499999999999993,A0_pose_average,142,balanced
105,S3_FALL_04,3,1,0.9780774116516113,1,0.42499999999999993,A0_pose_average,142,balanced
106,S3_FALL_05,3,1,0.9865245819091797,1,0.42499999999999993,A0_pose_average,142,balanced
107,S3_FALL_06,3,1,0.7722558975219727,1,0.42499999999999993,A0_pose_average,142,balanced
108,S3_FALL_07,3,1,0.9743392467498779,1,0.42499999999999993,A0_pose_average,142,balanced
109,S3_FALL_08,3,1,0.9685567617416382,1,0.42499999999999993,A0_pose_average,142,balanced
110,S3_FALL_09,3,1,0.9299306869506836,1,0.42499999999999993,A0_pose_average,142,balanced
111,S3_FALL_10,3,1,0.6278026700019836,1,0.42499999999999993,A0_pose_average,142,balanced
112,S3_FALL_11,3,1,0.6529095768928528,1,0.42499999999999993,A0_pose_average,142,balanced
113,S3_FALL_12,3,1,0.8417748808860779,1,0.42499999999999993,A0_pose_average,142,balanced
114,S3_FALL_13,3,1,0.9129080772399902,1,0.42499999999999993,A0_pose_average,142,balanced
115,S3_FALL_14,3,1,0.7175911664962769,1,0.42499999999999993,A0_pose_average,142,balanced
116,S3_FALL_15,3,1,0.9698759317398071,1,0.42499999999999993,A0_pose_average,142,balanced
117,S3_FALL_16,3,1,0.921221911907196,1,0.42499999999999993,A0_pose_average,142,balanced
118,S3_FALL_17,3,1,0.9630990624427795,1,0.42499999999999993,A0_pose_average,142,balanced
119,S3_FALL_18,3,1,0.9883207082748413,1,0.42499999999999993,A0_pose_average,142,balanced
120,S3_FALL_19,3,1,0.9734326004981995,1,0.42499999999999993,A0_pose_average,142,balanced
121,S3_FALL_20,3,1,0.8983114361763,1,0.42499999999999993,A0_pose_average,142,balanced
122,S3_FALL_21,3,1,0.4899314045906067,1,0.42499999999999993,A0_pose_average,142,balanced
80,S3_ADL_01,3,0,0.0025805910117924213,0,0.37499999999999994,A0_pose_average,142,sensitivity
81,S3_ADL_02,3,0,0.024442804977297783,0,0.37499999999999994,A0_pose_average,142,sensitivity
82,S3_ADL_03,3,0,0.15383552014827728,0,0.37499999999999994,A0_pose_average,142,sensitivity
83,S3_ADL_04,3,0,0.05923757702112198,0,0.37499999999999994,A0_pose_average,142,sensitivity
84,S3_ADL_05,3,0,0.6765661239624023,1,0.37499999999999994,A0_pose_average,142,sensitivity
85,S3_ADL_06,3,0,0.5190367102622986,1,0.37499999999999994,A0_pose_average,142,sensitivity
86,S3_ADL_07,3,0,0.004974924027919769,0,0.37499999999999994,A0_pose_average,142,sensitivity
87,S3_ADL_08,3,0,0.9849064946174622,1,0.37499999999999994,A0_pose_average,142,sensitivity
88,S3_ADL_09,3,0,0.08541262149810791,0,0.37499999999999994,A0_pose_average,142,sensitivity
89,S3_ADL_10,3,0,0.019740380346775055,0,0.37499999999999994,A0_pose_average,142,sensitivity
90,S3_ADL_11,3,0,0.05793578177690506,0,0.37499999999999994,A0_pose_average,142,sensitivity
91,S3_ADL_12,3,0,0.025185976177453995,0,0.37499999999999994,A0_pose_average,142,sensitivity
92,S3_ADL_13,3,0,0.19159699976444244,0,0.37499999999999994,A0_pose_average,142,sensitivity
93,S3_ADL_14,3,0,0.03253485634922981,0,0.37499999999999994,A0_pose_average,142,sensitivity
94,S3_ADL_15,3,0,0.028624732047319412,0,0.37499999999999994,A0_pose_average,142,sensitivity
95,S3_ADL_16,3,0,0.01377013884484768,0,0.37499999999999994,A0_pose_average,142,sensitivity
96,S3_ADL_17,3,0,0.006397701799869537,0,0.37499999999999994,A0_pose_average,142,sensitivity
97,S3_ADL_18,3,0,0.004273187834769487,0,0.37499999999999994,A0_pose_average,142,sensitivity
98,S3_ADL_19,3,0,0.043975070118904114,0,0.37499999999999994,A0_pose_average,142,sensitivity
99,S3_ADL_20,3,0,0.011194819584488869,0,0.37499999999999994,A0_pose_average,142,sensitivity
100,S3_ADL_21,3,0,0.02308930829167366,0,0.37499999999999994,A0_pose_average,142,sensitivity
101,S3_ADL_22,3,0,0.05120088532567024,0,0.37499999999999994,A0_pose_average,142,sensitivity
102,S3_FALL_01,3,1,0.9892222881317139,1,0.37499999999999994,A0_pose_average,142,sensitivity
103,S3_FALL_02,3,1,0.9810025691986084,1,0.37499999999999994,A0_pose_average,142,sensitivity
104,S3_FALL_03,3,1,0.8193764090538025,1,0.37499999999999994,A0_pose_average,142,sensitivity
105,S3_FALL_04,3,1,0.9780774116516113,1,0.37499999999999994,A0_pose_average,142,sensitivity
106,S3_FALL_05,3,1,0.9865245819091797,1,0.37499999999999994,A0_pose_average,142,sensitivity
107,S3_FALL_06,3,1,0.7722558975219727,1,0.37499999999999994,A0_pose_average,142,sensitivity
108,S3_FALL_07,3,1,0.9743392467498779,1,0.37499999999999994,A0_pose_average,142,sensitivity
109,S3_FALL_08,3,1,0.9685567617416382,1,0.37499999999999994,A0_pose_average,142,sensitivity
110,S3_FALL_09,3,1,0.9299306869506836,1,0.37499999999999994,A0_pose_average,142,sensitivity
111,S3_FALL_10,3,1,0.6278026700019836,1,0.37499999999999994,A0_pose_average,142,sensitivity
112,S3_FALL_11,3,1,0.6529095768928528,1,0.37499999999999994,A0_pose_average,142,sensitivity
113,S3_FALL_12,3,1,0.8417748808860779,1,0.37499999999999994,A0_pose_average,142,sensitivity
114,S3_FALL_13,3,1,0.9129080772399902,1,0.37499999999999994,A0_pose_average,142,sensitivity
115,S3_FALL_14,3,1,0.7175911664962769,1,0.37499999999999994,A0_pose_average,142,sensitivity
116,S3_FALL_15,3,1,0.9698759317398071,1,0.37499999999999994,A0_pose_average,142,sensitivity
117,S3_FALL_16,3,1,0.921221911907196,1,0.37499999999999994,A0_pose_average,142,sensitivity
118,S3_FALL_17,3,1,0.9630990624427795,1,0.37499999999999994,A0_pose_average,142,sensitivity
119,S3_FALL_18,3,1,0.9883207082748413,1,0.37499999999999994,A0_pose_average,142,sensitivity
120,S3_FALL_19,3,1,0.9734326004981995,1,0.37499999999999994,A0_pose_average,142,sensitivity
121,S3_FALL_20,3,1,0.8983114361763,1,0.37499999999999994,A0_pose_average,142,sensitivity
122,S3_FALL_21,3,1,0.4899314045906067,1,0.37499999999999994,A0_pose_average,142,sensitivity
123,S4_ADL_01,4,0,0.03476082161068916,0,0.5,A0_pose_average,142,fixed
124,S4_ADL_02,4,0,0.0026841904036700726,0,0.5,A0_pose_average,142,fixed
125,S4_ADL_03,4,0,0.03726150840520859,0,0.5,A0_pose_average,142,fixed
126,S4_ADL_04,4,0,0.3376930058002472,0,0.5,A0_pose_average,142,fixed
127,S4_ADL_05,4,0,0.9964696168899536,1,0.5,A0_pose_average,142,fixed
128,S4_ADL_06,4,0,0.9774558544158936,1,0.5,A0_pose_average,142,fixed
129,S4_ADL_07,4,0,0.8921685814857483,1,0.5,A0_pose_average,142,fixed
130,S4_ADL_08,4,0,0.005275590345263481,0,0.5,A0_pose_average,142,fixed
131,S4_ADL_09,4,0,0.0003871220105793327,0,0.5,A0_pose_average,142,fixed
132,S4_ADL_10,4,0,0.9817314743995667,1,0.5,A0_pose_average,142,fixed
133,S4_ADL_11,4,0,0.016930222511291504,0,0.5,A0_pose_average,142,fixed
134,S4_ADL_12,4,0,0.0018916864646598697,0,0.5,A0_pose_average,142,fixed
135,S4_ADL_13,4,0,0.032282754778862,0,0.5,A0_pose_average,142,fixed
136,S4_ADL_14,4,0,0.00440145842730999,0,0.5,A0_pose_average,142,fixed
137,S4_ADL_15,4,0,0.20905576646327972,0,0.5,A0_pose_average,142,fixed
138,S4_ADL_16,4,0,0.37247440218925476,0,0.5,A0_pose_average,142,fixed
139,S4_ADL_17,4,0,0.008986311964690685,0,0.5,A0_pose_average,142,fixed
140,S4_ADL_18,4,0,0.021995747461915016,0,0.5,A0_pose_average,142,fixed
141,S4_ADL_19,4,0,0.0015239117201417685,0,0.5,A0_pose_average,142,fixed
142,S4_ADL_20,4,0,0.03245727717876434,0,0.5,A0_pose_average,142,fixed
143,S4_FALL_01,4,1,0.5712909698486328,1,0.5,A0_pose_average,142,fixed
144,S4_FALL_02,4,1,0.16755415499210358,0,0.5,A0_pose_average,142,fixed
145,S4_FALL_03,4,1,0.11936813592910767,0,0.5,A0_pose_average,142,fixed
146,S4_FALL_04,4,1,0.984548032283783,1,0.5,A0_pose_average,142,fixed
147,S4_FALL_05,4,1,0.8165411353111267,1,0.5,A0_pose_average,142,fixed
148,S4_FALL_06,4,1,0.9260194301605225,1,0.5,A0_pose_average,142,fixed
149,S4_FALL_07,4,1,0.9665067791938782,1,0.5,A0_pose_average,142,fixed
150,S4_FALL_08,4,1,0.9809768795967102,1,0.5,A0_pose_average,142,fixed
151,S4_FALL_09,4,1,0.9990361928939819,1,0.5,A0_pose_average,142,fixed
152,S4_FALL_10,4,1,0.29865390062332153,0,0.5,A0_pose_average,142,fixed
153,S4_FALL_11,4,1,0.9069973230361938,1,0.5,A0_pose_average,142,fixed
154,S4_FALL_12,4,1,0.15635119378566742,0,0.5,A0_pose_average,142,fixed
155,S4_FALL_13,4,1,0.5732592344284058,1,0.5,A0_pose_average,142,fixed
156,S4_FALL_14,4,1,0.47471997141838074,0,0.5,A0_pose_average,142,fixed
157,S4_FALL_15,4,1,0.9999865293502808,1,0.5,A0_pose_average,142,fixed
158,S4_FALL_16,4,1,0.7170541882514954,1,0.5,A0_pose_average,142,fixed
159,S4_FALL_17,4,1,0.9856960773468018,1,0.5,A0_pose_average,142,fixed
123,S4_ADL_01,4,0,0.03476082161068916,0,0.775,A0_pose_average,142,balanced
124,S4_ADL_02,4,0,0.0026841904036700726,0,0.775,A0_pose_average,142,balanced
125,S4_ADL_03,4,0,0.03726150840520859,0,0.775,A0_pose_average,142,balanced
126,S4_ADL_04,4,0,0.3376930058002472,0,0.775,A0_pose_average,142,balanced
127,S4_ADL_05,4,0,0.9964696168899536,1,0.775,A0_pose_average,142,balanced
128,S4_ADL_06,4,0,0.9774558544158936,1,0.775,A0_pose_average,142,balanced
129,S4_ADL_07,4,0,0.8921685814857483,1,0.775,A0_pose_average,142,balanced
130,S4_ADL_08,4,0,0.005275590345263481,0,0.775,A0_pose_average,142,balanced
131,S4_ADL_09,4,0,0.0003871220105793327,0,0.775,A0_pose_average,142,balanced
132,S4_ADL_10,4,0,0.9817314743995667,1,0.775,A0_pose_average,142,balanced
133,S4_ADL_11,4,0,0.016930222511291504,0,0.775,A0_pose_average,142,balanced
134,S4_ADL_12,4,0,0.0018916864646598697,0,0.775,A0_pose_average,142,balanced
135,S4_ADL_13,4,0,0.032282754778862,0,0.775,A0_pose_average,142,balanced
136,S4_ADL_14,4,0,0.00440145842730999,0,0.775,A0_pose_average,142,balanced
137,S4_ADL_15,4,0,0.20905576646327972,0,0.775,A0_pose_average,142,balanced
138,S4_ADL_16,4,0,0.37247440218925476,0,0.775,A0_pose_average,142,balanced
139,S4_ADL_17,4,0,0.008986311964690685,0,0.775,A0_pose_average,142,balanced
140,S4_ADL_18,4,0,0.021995747461915016,0,0.775,A0_pose_average,142,balanced
141,S4_ADL_19,4,0,0.0015239117201417685,0,0.775,A0_pose_average,142,balanced
142,S4_ADL_20,4,0,0.03245727717876434,0,0.775,A0_pose_average,142,balanced
143,S4_FALL_01,4,1,0.5712909698486328,0,0.775,A0_pose_average,142,balanced
144,S4_FALL_02,4,1,0.16755415499210358,0,0.775,A0_pose_average,142,balanced
145,S4_FALL_03,4,1,0.11936813592910767,0,0.775,A0_pose_average,142,balanced
146,S4_FALL_04,4,1,0.984548032283783,1,0.775,A0_pose_average,142,balanced
147,S4_FALL_05,4,1,0.8165411353111267,1,0.775,A0_pose_average,142,balanced
148,S4_FALL_06,4,1,0.9260194301605225,1,0.775,A0_pose_average,142,balanced
149,S4_FALL_07,4,1,0.9665067791938782,1,0.775,A0_pose_average,142,balanced
150,S4_FALL_08,4,1,0.9809768795967102,1,0.775,A0_pose_average,142,balanced
151,S4_FALL_09,4,1,0.9990361928939819,1,0.775,A0_pose_average,142,balanced
152,S4_FALL_10,4,1,0.29865390062332153,0,0.775,A0_pose_average,142,balanced
153,S4_FALL_11,4,1,0.9069973230361938,1,0.775,A0_pose_average,142,balanced
154,S4_FALL_12,4,1,0.15635119378566742,0,0.775,A0_pose_average,142,balanced
155,S4_FALL_13,4,1,0.5732592344284058,0,0.775,A0_pose_average,142,balanced
156,S4_FALL_14,4,1,0.47471997141838074,0,0.775,A0_pose_average,142,balanced
157,S4_FALL_15,4,1,0.9999865293502808,1,0.775,A0_pose_average,142,balanced
158,S4_FALL_16,4,1,0.7170541882514954,0,0.775,A0_pose_average,142,balanced
159,S4_FALL_17,4,1,0.9856960773468018,1,0.775,A0_pose_average,142,balanced
123,S4_ADL_01,4,0,0.03476082161068916,0,0.22499999999999998,A0_pose_average,142,sensitivity
124,S4_ADL_02,4,0,0.0026841904036700726,0,0.22499999999999998,A0_pose_average,142,sensitivity
125,S4_ADL_03,4,0,0.03726150840520859,0,0.22499999999999998,A0_pose_average,142,sensitivity
126,S4_ADL_04,4,0,0.3376930058002472,1,0.22499999999999998,A0_pose_average,142,sensitivity
127,S4_ADL_05,4,0,0.9964696168899536,1,0.22499999999999998,A0_pose_average,142,sensitivity
128,S4_ADL_06,4,0,0.9774558544158936,1,0.22499999999999998,A0_pose_average,142,sensitivity
129,S4_ADL_07,4,0,0.8921685814857483,1,0.22499999999999998,A0_pose_average,142,sensitivity
130,S4_ADL_08,4,0,0.005275590345263481,0,0.22499999999999998,A0_pose_average,142,sensitivity
131,S4_ADL_09,4,0,0.0003871220105793327,0,0.22499999999999998,A0_pose_average,142,sensitivity
132,S4_ADL_10,4,0,0.9817314743995667,1,0.22499999999999998,A0_pose_average,142,sensitivity
133,S4_ADL_11,4,0,0.016930222511291504,0,0.22499999999999998,A0_pose_average,142,sensitivity
134,S4_ADL_12,4,0,0.0018916864646598697,0,0.22499999999999998,A0_pose_average,142,sensitivity
135,S4_ADL_13,4,0,0.032282754778862,0,0.22499999999999998,A0_pose_average,142,sensitivity
136,S4_ADL_14,4,0,0.00440145842730999,0,0.22499999999999998,A0_pose_average,142,sensitivity
137,S4_ADL_15,4,0,0.20905576646327972,0,0.22499999999999998,A0_pose_average,142,sensitivity
138,S4_ADL_16,4,0,0.37247440218925476,1,0.22499999999999998,A0_pose_average,142,sensitivity
139,S4_ADL_17,4,0,0.008986311964690685,0,0.22499999999999998,A0_pose_average,142,sensitivity
140,S4_ADL_18,4,0,0.021995747461915016,0,0.22499999999999998,A0_pose_average,142,sensitivity
141,S4_ADL_19,4,0,0.0015239117201417685,0,0.22499999999999998,A0_pose_average,142,sensitivity
142,S4_ADL_20,4,0,0.03245727717876434,0,0.22499999999999998,A0_pose_average,142,sensitivity
143,S4_FALL_01,4,1,0.5712909698486328,1,0.22499999999999998,A0_pose_average,142,sensitivity
144,S4_FALL_02,4,1,0.16755415499210358,0,0.22499999999999998,A0_pose_average,142,sensitivity
145,S4_FALL_03,4,1,0.11936813592910767,0,0.22499999999999998,A0_pose_average,142,sensitivity
146,S4_FALL_04,4,1,0.984548032283783,1,0.22499999999999998,A0_pose_average,142,sensitivity
147,S4_FALL_05,4,1,0.8165411353111267,1,0.22499999999999998,A0_pose_average,142,sensitivity
148,S4_FALL_06,4,1,0.9260194301605225,1,0.22499999999999998,A0_pose_average,142,sensitivity
149,S4_FALL_07,4,1,0.9665067791938782,1,0.22499999999999998,A0_pose_average,142,sensitivity
150,S4_FALL_08,4,1,0.9809768795967102,1,0.22499999999999998,A0_pose_average,142,sensitivity
151,S4_FALL_09,4,1,0.9990361928939819,1,0.22499999999999998,A0_pose_average,142,sensitivity
152,S4_FALL_10,4,1,0.29865390062332153,1,0.22499999999999998,A0_pose_average,142,sensitivity
153,S4_FALL_11,4,1,0.9069973230361938,1,0.22499999999999998,A0_pose_average,142,sensitivity
154,S4_FALL_12,4,1,0.15635119378566742,0,0.22499999999999998,A0_pose_average,142,sensitivity
155,S4_FALL_13,4,1,0.5732592344284058,1,0.22499999999999998,A0_pose_average,142,sensitivity
156,S4_FALL_14,4,1,0.47471997141838074,1,0.22499999999999998,A0_pose_average,142,sensitivity
157,S4_FALL_15,4,1,0.9999865293502808,1,0.22499999999999998,A0_pose_average,142,sensitivity
158,S4_FALL_16,4,1,0.7170541882514954,1,0.22499999999999998,A0_pose_average,142,sensitivity
159,S4_FALL_17,4,1,0.9856960773468018,1,0.22499999999999998,A0_pose_average,142,sensitivity
0,S1_ADL_01,1,0,0.7337459921836853,1,0.5,A0_pose_average,242,fixed
1,S1_ADL_02,1,0,0.8674471974372864,1,0.5,A0_pose_average,242,fixed
2,S1_ADL_03,1,0,0.9495446681976318,1,0.5,A0_pose_average,242,fixed
3,S1_ADL_04,1,0,0.00026159631670452654,0,0.5,A0_pose_average,242,fixed
4,S1_ADL_05,1,0,5.7947204368247185e-06,0,0.5,A0_pose_average,242,fixed
5,S1_ADL_06,1,0,0.0014419991057366133,0,0.5,A0_pose_average,242,fixed
6,S1_ADL_07,1,0,3.72690919903107e-06,0,0.5,A0_pose_average,242,fixed
7,S1_ADL_08,1,0,0.0001884911471279338,0,0.5,A0_pose_average,242,fixed
8,S1_ADL_09,1,0,0.0008073513163253665,0,0.5,A0_pose_average,242,fixed
9,S1_ADL_10,1,0,0.00041238745325244963,0,0.5,A0_pose_average,242,fixed
10,S1_ADL_11,1,0,4.521795744949486e-06,0,0.5,A0_pose_average,242,fixed
11,S1_ADL_12,1,0,0.0001999938249355182,0,0.5,A0_pose_average,242,fixed
12,S1_ADL_13,1,0,0.0004007577954325825,0,0.5,A0_pose_average,242,fixed
13,S1_ADL_14,1,0,0.00027260411297902465,0,0.5,A0_pose_average,242,fixed
14,S1_ADL_15,1,0,0.00033555959817022085,0,0.5,A0_pose_average,242,fixed
15,S1_ADL_16,1,0,0.011117828078567982,0,0.5,A0_pose_average,242,fixed
16,S1_FALL_01,1,1,0.890699028968811,1,0.5,A0_pose_average,242,fixed
17,S1_FALL_02,1,1,0.9550626873970032,1,0.5,A0_pose_average,242,fixed
18,S1_FALL_03,1,1,0.888215184211731,1,0.5,A0_pose_average,242,fixed
19,S1_FALL_04,1,1,0.9082962274551392,1,0.5,A0_pose_average,242,fixed
20,S1_FALL_05,1,1,0.8716737627983093,1,0.5,A0_pose_average,242,fixed
21,S1_FALL_06,1,1,0.8821384906768799,1,0.5,A0_pose_average,242,fixed
22,S1_FALL_07,1,1,0.7623720765113831,1,0.5,A0_pose_average,242,fixed
23,S1_FALL_08,1,1,0.9465663433074951,1,0.5,A0_pose_average,242,fixed
24,S1_FALL_09,1,1,0.9682859778404236,1,0.5,A0_pose_average,242,fixed
25,S1_FALL_10,1,1,0.859386146068573,1,0.5,A0_pose_average,242,fixed
26,S1_FALL_11,1,1,0.45638802647590637,0,0.5,A0_pose_average,242,fixed
27,S1_FALL_12,1,1,0.8371954560279846,1,0.5,A0_pose_average,242,fixed
28,S1_FALL_13,1,1,0.0019139132928103209,0,0.5,A0_pose_average,242,fixed
29,S1_FALL_14,1,1,0.8826593160629272,1,0.5,A0_pose_average,242,fixed
30,S1_FALL_15,1,1,0.6313784718513489,1,0.5,A0_pose_average,242,fixed
31,S1_FALL_16,1,1,0.8234743475914001,1,0.5,A0_pose_average,242,fixed
0,S1_ADL_01,1,0,0.7337459921836853,1,0.22499999999999998,A0_pose_average,242,balanced
1,S1_ADL_02,1,0,0.8674471974372864,1,0.22499999999999998,A0_pose_average,242,balanced
2,S1_ADL_03,1,0,0.9495446681976318,1,0.22499999999999998,A0_pose_average,242,balanced
3,S1_ADL_04,1,0,0.00026159631670452654,0,0.22499999999999998,A0_pose_average,242,balanced
4,S1_ADL_05,1,0,5.7947204368247185e-06,0,0.22499999999999998,A0_pose_average,242,balanced
5,S1_ADL_06,1,0,0.0014419991057366133,0,0.22499999999999998,A0_pose_average,242,balanced
6,S1_ADL_07,1,0,3.72690919903107e-06,0,0.22499999999999998,A0_pose_average,242,balanced
7,S1_ADL_08,1,0,0.0001884911471279338,0,0.22499999999999998,A0_pose_average,242,balanced
8,S1_ADL_09,1,0,0.0008073513163253665,0,0.22499999999999998,A0_pose_average,242,balanced
9,S1_ADL_10,1,0,0.00041238745325244963,0,0.22499999999999998,A0_pose_average,242,balanced
10,S1_ADL_11,1,0,4.521795744949486e-06,0,0.22499999999999998,A0_pose_average,242,balanced
11,S1_ADL_12,1,0,0.0001999938249355182,0,0.22499999999999998,A0_pose_average,242,balanced
12,S1_ADL_13,1,0,0.0004007577954325825,0,0.22499999999999998,A0_pose_average,242,balanced
13,S1_ADL_14,1,0,0.00027260411297902465,0,0.22499999999999998,A0_pose_average,242,balanced
14,S1_ADL_15,1,0,0.00033555959817022085,0,0.22499999999999998,A0_pose_average,242,balanced
15,S1_ADL_16,1,0,0.011117828078567982,0,0.22499999999999998,A0_pose_average,242,balanced
16,S1_FALL_01,1,1,0.890699028968811,1,0.22499999999999998,A0_pose_average,242,balanced
17,S1_FALL_02,1,1,0.9550626873970032,1,0.22499999999999998,A0_pose_average,242,balanced
18,S1_FALL_03,1,1,0.888215184211731,1,0.22499999999999998,A0_pose_average,242,balanced
19,S1_FALL_04,1,1,0.9082962274551392,1,0.22499999999999998,A0_pose_average,242,balanced
20,S1_FALL_05,1,1,0.8716737627983093,1,0.22499999999999998,A0_pose_average,242,balanced
21,S1_FALL_06,1,1,0.8821384906768799,1,0.22499999999999998,A0_pose_average,242,balanced
22,S1_FALL_07,1,1,0.7623720765113831,1,0.22499999999999998,A0_pose_average,242,balanced
23,S1_FALL_08,1,1,0.9465663433074951,1,0.22499999999999998,A0_pose_average,242,balanced
24,S1_FALL_09,1,1,0.9682859778404236,1,0.22499999999999998,A0_pose_average,242,balanced
25,S1_FALL_10,1,1,0.859386146068573,1,0.22499999999999998,A0_pose_average,242,balanced
26,S1_FALL_11,1,1,0.45638802647590637,1,0.22499999999999998,A0_pose_average,242,balanced
27,S1_FALL_12,1,1,0.8371954560279846,1,0.22499999999999998,A0_pose_average,242,balanced
28,S1_FALL_13,1,1,0.0019139132928103209,0,0.22499999999999998,A0_pose_average,242,balanced
29,S1_FALL_14,1,1,0.8826593160629272,1,0.22499999999999998,A0_pose_average,242,balanced
30,S1_FALL_15,1,1,0.6313784718513489,1,0.22499999999999998,A0_pose_average,242,balanced
31,S1_FALL_16,1,1,0.8234743475914001,1,0.22499999999999998,A0_pose_average,242,balanced
0,S1_ADL_01,1,0,0.7337459921836853,1,0.39999999999999997,A0_pose_average,242,sensitivity
1,S1_ADL_02,1,0,0.8674471974372864,1,0.39999999999999997,A0_pose_average,242,sensitivity
2,S1_ADL_03,1,0,0.9495446681976318,1,0.39999999999999997,A0_pose_average,242,sensitivity
3,S1_ADL_04,1,0,0.00026159631670452654,0,0.39999999999999997,A0_pose_average,242,sensitivity
4,S1_ADL_05,1,0,5.7947204368247185e-06,0,0.39999999999999997,A0_pose_average,242,sensitivity
5,S1_ADL_06,1,0,0.0014419991057366133,0,0.39999999999999997,A0_pose_average,242,sensitivity
6,S1_ADL_07,1,0,3.72690919903107e-06,0,0.39999999999999997,A0_pose_average,242,sensitivity
7,S1_ADL_08,1,0,0.0001884911471279338,0,0.39999999999999997,A0_pose_average,242,sensitivity
8,S1_ADL_09,1,0,0.0008073513163253665,0,0.39999999999999997,A0_pose_average,242,sensitivity
9,S1_ADL_10,1,0,0.00041238745325244963,0,0.39999999999999997,A0_pose_average,242,sensitivity
10,S1_ADL_11,1,0,4.521795744949486e-06,0,0.39999999999999997,A0_pose_average,242,sensitivity
11,S1_ADL_12,1,0,0.0001999938249355182,0,0.39999999999999997,A0_pose_average,242,sensitivity
12,S1_ADL_13,1,0,0.0004007577954325825,0,0.39999999999999997,A0_pose_average,242,sensitivity
13,S1_ADL_14,1,0,0.00027260411297902465,0,0.39999999999999997,A0_pose_average,242,sensitivity
14,S1_ADL_15,1,0,0.00033555959817022085,0,0.39999999999999997,A0_pose_average,242,sensitivity
15,S1_ADL_16,1,0,0.011117828078567982,0,0.39999999999999997,A0_pose_average,242,sensitivity
16,S1_FALL_01,1,1,0.890699028968811,1,0.39999999999999997,A0_pose_average,242,sensitivity
17,S1_FALL_02,1,1,0.9550626873970032,1,0.39999999999999997,A0_pose_average,242,sensitivity
18,S1_FALL_03,1,1,0.888215184211731,1,0.39999999999999997,A0_pose_average,242,sensitivity
19,S1_FALL_04,1,1,0.9082962274551392,1,0.39999999999999997,A0_pose_average,242,sensitivity
20,S1_FALL_05,1,1,0.8716737627983093,1,0.39999999999999997,A0_pose_average,242,sensitivity
21,S1_FALL_06,1,1,0.8821384906768799,1,0.39999999999999997,A0_pose_average,242,sensitivity
22,S1_FALL_07,1,1,0.7623720765113831,1,0.39999999999999997,A0_pose_average,242,sensitivity
23,S1_FALL_08,1,1,0.9465663433074951,1,0.39999999999999997,A0_pose_average,242,sensitivity
24,S1_FALL_09,1,1,0.9682859778404236,1,0.39999999999999997,A0_pose_average,242,sensitivity
25,S1_FALL_10,1,1,0.859386146068573,1,0.39999999999999997,A0_pose_average,242,sensitivity
26,S1_FALL_11,1,1,0.45638802647590637,1,0.39999999999999997,A0_pose_average,242,sensitivity
27,S1_FALL_12,1,1,0.8371954560279846,1,0.39999999999999997,A0_pose_average,242,sensitivity
28,S1_FALL_13,1,1,0.0019139132928103209,0,0.39999999999999997,A0_pose_average,242,sensitivity
29,S1_FALL_14,1,1,0.8826593160629272,1,0.39999999999999997,A0_pose_average,242,sensitivity
30,S1_FALL_15,1,1,0.6313784718513489,1,0.39999999999999997,A0_pose_average,242,sensitivity
31,S1_FALL_16,1,1,0.8234743475914001,1,0.39999999999999997,A0_pose_average,242,sensitivity
32,S2_ADL_01,2,0,0.8862428665161133,1,0.5,A0_pose_average,242,fixed
33,S2_ADL_02,2,0,0.0006877895211800933,0,0.5,A0_pose_average,242,fixed
34,S2_ADL_03,2,0,0.6888803839683533,1,0.5,A0_pose_average,242,fixed
35,S2_ADL_04,2,0,0.21162685751914978,0,0.5,A0_pose_average,242,fixed
36,S2_ADL_05,2,0,0.0013915859162807465,0,0.5,A0_pose_average,242,fixed
37,S2_ADL_06,2,0,0.002793795894831419,0,0.5,A0_pose_average,242,fixed
38,S2_ADL_07,2,0,0.0037175347097218037,0,0.5,A0_pose_average,242,fixed
39,S2_ADL_08,2,0,0.03867579996585846,0,0.5,A0_pose_average,242,fixed
40,S2_ADL_09,2,0,0.016369663178920746,0,0.5,A0_pose_average,242,fixed
41,S2_ADL_10,2,0,0.019107647240161896,0,0.5,A0_pose_average,242,fixed
42,S2_ADL_11,2,0,0.0018471708754077554,0,0.5,A0_pose_average,242,fixed
43,S2_ADL_12,2,0,0.6188642978668213,1,0.5,A0_pose_average,242,fixed
44,S2_ADL_13,2,0,0.017380395904183388,0,0.5,A0_pose_average,242,fixed
45,S2_ADL_14,2,0,0.30910080671310425,0,0.5,A0_pose_average,242,fixed
46,S2_ADL_15,2,0,0.0005915295914746821,0,0.5,A0_pose_average,242,fixed
47,S2_ADL_16,2,0,0.9871468544006348,1,0.5,A0_pose_average,242,fixed
48,S2_ADL_17,2,0,0.032293155789375305,0,0.5,A0_pose_average,242,fixed
49,S2_ADL_18,2,0,0.015040220692753792,0,0.5,A0_pose_average,242,fixed
50,S2_ADL_19,2,0,0.11283626407384872,0,0.5,A0_pose_average,242,fixed
51,S2_ADL_20,2,0,0.0002943503495771438,0,0.5,A0_pose_average,242,fixed
52,S2_ADL_21,2,0,0.013797000050544739,0,0.5,A0_pose_average,242,fixed
53,S2_ADL_22,2,0,0.47797635197639465,0,0.5,A0_pose_average,242,fixed
54,S2_ADL_23,2,0,0.00022457906743511558,0,0.5,A0_pose_average,242,fixed
55,S2_FALL_01,2,1,0.8712131977081299,1,0.5,A0_pose_average,242,fixed
56,S2_FALL_02,2,1,0.982446551322937,1,0.5,A0_pose_average,242,fixed
57,S2_FALL_03,2,1,0.6945738792419434,1,0.5,A0_pose_average,242,fixed
58,S2_FALL_04,2,1,0.9814421534538269,1,0.5,A0_pose_average,242,fixed
59,S2_FALL_05,2,1,0.621115505695343,1,0.5,A0_pose_average,242,fixed
60,S2_FALL_06,2,1,0.48082953691482544,0,0.5,A0_pose_average,242,fixed
61,S2_FALL_07,2,1,0.7370630502700806,1,0.5,A0_pose_average,242,fixed
62,S2_FALL_08,2,1,0.89023357629776,1,0.5,A0_pose_average,242,fixed
63,S2_FALL_09,2,1,0.8765886425971985,1,0.5,A0_pose_average,242,fixed
64,S2_FALL_10,2,1,0.9415475726127625,1,0.5,A0_pose_average,242,fixed
65,S2_FALL_11,2,1,0.8161857724189758,1,0.5,A0_pose_average,242,fixed
66,S2_FALL_12,2,1,0.7915820479393005,1,0.5,A0_pose_average,242,fixed
67,S2_FALL_13,2,1,0.9093848466873169,1,0.5,A0_pose_average,242,fixed
68,S2_FALL_14,2,1,0.9974437952041626,1,0.5,A0_pose_average,242,fixed
69,S2_FALL_15,2,1,0.46996480226516724,0,0.5,A0_pose_average,242,fixed
70,S2_FALL_16,2,1,0.9716843962669373,1,0.5,A0_pose_average,242,fixed
71,S2_FALL_17,2,1,0.9917524456977844,1,0.5,A0_pose_average,242,fixed
72,S2_FALL_18,2,1,0.018840594217181206,0,0.5,A0_pose_average,242,fixed
73,S2_FALL_19,2,1,0.28686627745628357,0,0.5,A0_pose_average,242,fixed
74,S2_FALL_20,2,1,0.354701966047287,0,0.5,A0_pose_average,242,fixed
75,S2_FALL_21,2,1,0.35501617193222046,0,0.5,A0_pose_average,242,fixed
76,S2_FALL_22,2,1,0.9774519801139832,1,0.5,A0_pose_average,242,fixed
77,S2_FALL_23,2,1,0.7977812886238098,1,0.5,A0_pose_average,242,fixed
78,S2_FALL_24,2,1,0.9840908646583557,1,0.5,A0_pose_average,242,fixed
79,S2_FALL_25,2,1,0.8310295343399048,1,0.5,A0_pose_average,242,fixed
32,S2_ADL_01,2,0,0.8862428665161133,1,0.32499999999999996,A0_pose_average,242,balanced
33,S2_ADL_02,2,0,0.0006877895211800933,0,0.32499999999999996,A0_pose_average,242,balanced
34,S2_ADL_03,2,0,0.6888803839683533,1,0.32499999999999996,A0_pose_average,242,balanced
35,S2_ADL_04,2,0,0.21162685751914978,0,0.32499999999999996,A0_pose_average,242,balanced
36,S2_ADL_05,2,0,0.0013915859162807465,0,0.32499999999999996,A0_pose_average,242,balanced
37,S2_ADL_06,2,0,0.002793795894831419,0,0.32499999999999996,A0_pose_average,242,balanced
38,S2_ADL_07,2,0,0.0037175347097218037,0,0.32499999999999996,A0_pose_average,242,balanced
39,S2_ADL_08,2,0,0.03867579996585846,0,0.32499999999999996,A0_pose_average,242,balanced
40,S2_ADL_09,2,0,0.016369663178920746,0,0.32499999999999996,A0_pose_average,242,balanced
41,S2_ADL_10,2,0,0.019107647240161896,0,0.32499999999999996,A0_pose_average,242,balanced
42,S2_ADL_11,2,0,0.0018471708754077554,0,0.32499999999999996,A0_pose_average,242,balanced
43,S2_ADL_12,2,0,0.6188642978668213,1,0.32499999999999996,A0_pose_average,242,balanced
44,S2_ADL_13,2,0,0.017380395904183388,0,0.32499999999999996,A0_pose_average,242,balanced
45,S2_ADL_14,2,0,0.30910080671310425,0,0.32499999999999996,A0_pose_average,242,balanced
46,S2_ADL_15,2,0,0.0005915295914746821,0,0.32499999999999996,A0_pose_average,242,balanced
47,S2_ADL_16,2,0,0.9871468544006348,1,0.32499999999999996,A0_pose_average,242,balanced
48,S2_ADL_17,2,0,0.032293155789375305,0,0.32499999999999996,A0_pose_average,242,balanced
49,S2_ADL_18,2,0,0.015040220692753792,0,0.32499999999999996,A0_pose_average,242,balanced
50,S2_ADL_19,2,0,0.11283626407384872,0,0.32499999999999996,A0_pose_average,242,balanced
51,S2_ADL_20,2,0,0.0002943503495771438,0,0.32499999999999996,A0_pose_average,242,balanced
52,S2_ADL_21,2,0,0.013797000050544739,0,0.32499999999999996,A0_pose_average,242,balanced
53,S2_ADL_22,2,0,0.47797635197639465,1,0.32499999999999996,A0_pose_average,242,balanced
54,S2_ADL_23,2,0,0.00022457906743511558,0,0.32499999999999996,A0_pose_average,242,balanced
55,S2_FALL_01,2,1,0.8712131977081299,1,0.32499999999999996,A0_pose_average,242,balanced
56,S2_FALL_02,2,1,0.982446551322937,1,0.32499999999999996,A0_pose_average,242,balanced
57,S2_FALL_03,2,1,0.6945738792419434,1,0.32499999999999996,A0_pose_average,242,balanced
58,S2_FALL_04,2,1,0.9814421534538269,1,0.32499999999999996,A0_pose_average,242,balanced
59,S2_FALL_05,2,1,0.621115505695343,1,0.32499999999999996,A0_pose_average,242,balanced
60,S2_FALL_06,2,1,0.48082953691482544,1,0.32499999999999996,A0_pose_average,242,balanced
61,S2_FALL_07,2,1,0.7370630502700806,1,0.32499999999999996,A0_pose_average,242,balanced
62,S2_FALL_08,2,1,0.89023357629776,1,0.32499999999999996,A0_pose_average,242,balanced
63,S2_FALL_09,2,1,0.8765886425971985,1,0.32499999999999996,A0_pose_average,242,balanced
64,S2_FALL_10,2,1,0.9415475726127625,1,0.32499999999999996,A0_pose_average,242,balanced
65,S2_FALL_11,2,1,0.8161857724189758,1,0.32499999999999996,A0_pose_average,242,balanced
66,S2_FALL_12,2,1,0.7915820479393005,1,0.32499999999999996,A0_pose_average,242,balanced
67,S2_FALL_13,2,1,0.9093848466873169,1,0.32499999999999996,A0_pose_average,242,balanced
68,S2_FALL_14,2,1,0.9974437952041626,1,0.32499999999999996,A0_pose_average,242,balanced
69,S2_FALL_15,2,1,0.46996480226516724,1,0.32499999999999996,A0_pose_average,242,balanced
70,S2_FALL_16,2,1,0.9716843962669373,1,0.32499999999999996,A0_pose_average,242,balanced
71,S2_FALL_17,2,1,0.9917524456977844,1,0.32499999999999996,A0_pose_average,242,balanced
72,S2_FALL_18,2,1,0.018840594217181206,0,0.32499999999999996,A0_pose_average,242,balanced
73,S2_FALL_19,2,1,0.28686627745628357,0,0.32499999999999996,A0_pose_average,242,balanced
74,S2_FALL_20,2,1,0.354701966047287,1,0.32499999999999996,A0_pose_average,242,balanced
75,S2_FALL_21,2,1,0.35501617193222046,1,0.32499999999999996,A0_pose_average,242,balanced
76,S2_FALL_22,2,1,0.9774519801139832,1,0.32499999999999996,A0_pose_average,242,balanced
77,S2_FALL_23,2,1,0.7977812886238098,1,0.32499999999999996,A0_pose_average,242,balanced
78,S2_FALL_24,2,1,0.9840908646583557,1,0.32499999999999996,A0_pose_average,242,balanced
79,S2_FALL_25,2,1,0.8310295343399048,1,0.32499999999999996,A0_pose_average,242,balanced
32,S2_ADL_01,2,0,0.8862428665161133,1,0.3,A0_pose_average,242,sensitivity
33,S2_ADL_02,2,0,0.0006877895211800933,0,0.3,A0_pose_average,242,sensitivity
34,S2_ADL_03,2,0,0.6888803839683533,1,0.3,A0_pose_average,242,sensitivity
35,S2_ADL_04,2,0,0.21162685751914978,0,0.3,A0_pose_average,242,sensitivity
36,S2_ADL_05,2,0,0.0013915859162807465,0,0.3,A0_pose_average,242,sensitivity
37,S2_ADL_06,2,0,0.002793795894831419,0,0.3,A0_pose_average,242,sensitivity
38,S2_ADL_07,2,0,0.0037175347097218037,0,0.3,A0_pose_average,242,sensitivity
39,S2_ADL_08,2,0,0.03867579996585846,0,0.3,A0_pose_average,242,sensitivity
40,S2_ADL_09,2,0,0.016369663178920746,0,0.3,A0_pose_average,242,sensitivity
41,S2_ADL_10,2,0,0.019107647240161896,0,0.3,A0_pose_average,242,sensitivity
42,S2_ADL_11,2,0,0.0018471708754077554,0,0.3,A0_pose_average,242,sensitivity
43,S2_ADL_12,2,0,0.6188642978668213,1,0.3,A0_pose_average,242,sensitivity
44,S2_ADL_13,2,0,0.017380395904183388,0,0.3,A0_pose_average,242,sensitivity
45,S2_ADL_14,2,0,0.30910080671310425,1,0.3,A0_pose_average,242,sensitivity
46,S2_ADL_15,2,0,0.0005915295914746821,0,0.3,A0_pose_average,242,sensitivity
47,S2_ADL_16,2,0,0.9871468544006348,1,0.3,A0_pose_average,242,sensitivity
48,S2_ADL_17,2,0,0.032293155789375305,0,0.3,A0_pose_average,242,sensitivity
49,S2_ADL_18,2,0,0.015040220692753792,0,0.3,A0_pose_average,242,sensitivity
50,S2_ADL_19,2,0,0.11283626407384872,0,0.3,A0_pose_average,242,sensitivity
51,S2_ADL_20,2,0,0.0002943503495771438,0,0.3,A0_pose_average,242,sensitivity
52,S2_ADL_21,2,0,0.013797000050544739,0,0.3,A0_pose_average,242,sensitivity
53,S2_ADL_22,2,0,0.47797635197639465,1,0.3,A0_pose_average,242,sensitivity
54,S2_ADL_23,2,0,0.00022457906743511558,0,0.3,A0_pose_average,242,sensitivity
55,S2_FALL_01,2,1,0.8712131977081299,1,0.3,A0_pose_average,242,sensitivity
56,S2_FALL_02,2,1,0.982446551322937,1,0.3,A0_pose_average,242,sensitivity
57,S2_FALL_03,2,1,0.6945738792419434,1,0.3,A0_pose_average,242,sensitivity
58,S2_FALL_04,2,1,0.9814421534538269,1,0.3,A0_pose_average,242,sensitivity
59,S2_FALL_05,2,1,0.621115505695343,1,0.3,A0_pose_average,242,sensitivity
60,S2_FALL_06,2,1,0.48082953691482544,1,0.3,A0_pose_average,242,sensitivity
61,S2_FALL_07,2,1,0.7370630502700806,1,0.3,A0_pose_average,242,sensitivity
62,S2_FALL_08,2,1,0.89023357629776,1,0.3,A0_pose_average,242,sensitivity
63,S2_FALL_09,2,1,0.8765886425971985,1,0.3,A0_pose_average,242,sensitivity
64,S2_FALL_10,2,1,0.9415475726127625,1,0.3,A0_pose_average,242,sensitivity
65,S2_FALL_11,2,1,0.8161857724189758,1,0.3,A0_pose_average,242,sensitivity
66,S2_FALL_12,2,1,0.7915820479393005,1,0.3,A0_pose_average,242,sensitivity
67,S2_FALL_13,2,1,0.9093848466873169,1,0.3,A0_pose_average,242,sensitivity
68,S2_FALL_14,2,1,0.9974437952041626,1,0.3,A0_pose_average,242,sensitivity
69,S2_FALL_15,2,1,0.46996480226516724,1,0.3,A0_pose_average,242,sensitivity
70,S2_FALL_16,2,1,0.9716843962669373,1,0.3,A0_pose_average,242,sensitivity
71,S2_FALL_17,2,1,0.9917524456977844,1,0.3,A0_pose_average,242,sensitivity
72,S2_FALL_18,2,1,0.018840594217181206,0,0.3,A0_pose_average,242,sensitivity
73,S2_FALL_19,2,1,0.28686627745628357,0,0.3,A0_pose_average,242,sensitivity
74,S2_FALL_20,2,1,0.354701966047287,1,0.3,A0_pose_average,242,sensitivity
75,S2_FALL_21,2,1,0.35501617193222046,1,0.3,A0_pose_average,242,sensitivity
76,S2_FALL_22,2,1,0.9774519801139832,1,0.3,A0_pose_average,242,sensitivity
77,S2_FALL_23,2,1,0.7977812886238098,1,0.3,A0_pose_average,242,sensitivity
78,S2_FALL_24,2,1,0.9840908646583557,1,0.3,A0_pose_average,242,sensitivity
79,S2_FALL_25,2,1,0.8310295343399048,1,0.3,A0_pose_average,242,sensitivity
80,S3_ADL_01,3,0,1.9318846170790493e-05,0,0.5,A0_pose_average,242,fixed
81,S3_ADL_02,3,0,0.0026592060457915068,0,0.5,A0_pose_average,242,fixed
82,S3_ADL_03,3,0,0.009481789544224739,0,0.5,A0_pose_average,242,fixed
83,S3_ADL_04,3,0,0.007234015967696905,0,0.5,A0_pose_average,242,fixed
84,S3_ADL_05,3,0,0.6113108396530151,1,0.5,A0_pose_average,242,fixed
85,S3_ADL_06,3,0,0.15917305648326874,0,0.5,A0_pose_average,242,fixed
86,S3_ADL_07,3,0,0.00013420548930298537,0,0.5,A0_pose_average,242,fixed
87,S3_ADL_08,3,0,0.9213106632232666,1,0.5,A0_pose_average,242,fixed
88,S3_ADL_09,3,0,0.00993410311639309,0,0.5,A0_pose_average,242,fixed
89,S3_ADL_10,3,0,0.0037042389158159494,0,0.5,A0_pose_average,242,fixed
90,S3_ADL_11,3,0,0.006918087601661682,0,0.5,A0_pose_average,242,fixed
91,S3_ADL_12,3,0,0.001232133829034865,0,0.5,A0_pose_average,242,fixed
92,S3_ADL_13,3,0,0.05792124569416046,0,0.5,A0_pose_average,242,fixed
93,S3_ADL_14,3,0,0.0009757124353200197,0,0.5,A0_pose_average,242,fixed
94,S3_ADL_15,3,0,0.0019178148359060287,0,0.5,A0_pose_average,242,fixed
95,S3_ADL_16,3,0,0.0009547690278850496,0,0.5,A0_pose_average,242,fixed
96,S3_ADL_17,3,0,9.65275612543337e-05,0,0.5,A0_pose_average,242,fixed
97,S3_ADL_18,3,0,0.0001119947264669463,0,0.5,A0_pose_average,242,fixed
98,S3_ADL_19,3,0,0.00482715992256999,0,0.5,A0_pose_average,242,fixed
99,S3_ADL_20,3,0,0.0002134931128239259,0,0.5,A0_pose_average,242,fixed
100,S3_ADL_21,3,0,0.0031885781791061163,0,0.5,A0_pose_average,242,fixed
101,S3_ADL_22,3,0,0.004887924063950777,0,0.5,A0_pose_average,242,fixed
102,S3_FALL_01,3,1,0.7721537947654724,1,0.5,A0_pose_average,242,fixed
103,S3_FALL_02,3,1,0.9105201959609985,1,0.5,A0_pose_average,242,fixed
104,S3_FALL_03,3,1,0.6048721075057983,1,0.5,A0_pose_average,242,fixed
105,S3_FALL_04,3,1,0.8367924094200134,1,0.5,A0_pose_average,242,fixed
106,S3_FALL_05,3,1,0.9537387490272522,1,0.5,A0_pose_average,242,fixed
107,S3_FALL_06,3,1,0.5023922920227051,1,0.5,A0_pose_average,242,fixed
108,S3_FALL_07,3,1,0.7528022527694702,1,0.5,A0_pose_average,242,fixed
109,S3_FALL_08,3,1,0.7452309727668762,1,0.5,A0_pose_average,242,fixed
110,S3_FALL_09,3,1,0.8011656403541565,1,0.5,A0_pose_average,242,fixed
111,S3_FALL_10,3,1,0.4884054958820343,0,0.5,A0_pose_average,242,fixed
112,S3_FALL_11,3,1,0.6101940274238586,1,0.5,A0_pose_average,242,fixed
113,S3_FALL_12,3,1,0.5971950888633728,1,0.5,A0_pose_average,242,fixed
114,S3_FALL_13,3,1,0.8773195743560791,1,0.5,A0_pose_average,242,fixed
115,S3_FALL_14,3,1,0.5765233039855957,1,0.5,A0_pose_average,242,fixed
116,S3_FALL_15,3,1,0.836774468421936,1,0.5,A0_pose_average,242,fixed
117,S3_FALL_16,3,1,0.8953539729118347,1,0.5,A0_pose_average,242,fixed
118,S3_FALL_17,3,1,0.976924479007721,1,0.5,A0_pose_average,242,fixed
119,S3_FALL_18,3,1,0.9841396808624268,1,0.5,A0_pose_average,242,fixed
120,S3_FALL_19,3,1,0.9672102928161621,1,0.5,A0_pose_average,242,fixed
121,S3_FALL_20,3,1,0.7393754720687866,1,0.5,A0_pose_average,242,fixed
122,S3_FALL_21,3,1,0.6586045622825623,1,0.5,A0_pose_average,242,fixed
80,S3_ADL_01,3,0,1.9318846170790493e-05,0,0.42499999999999993,A0_pose_average,242,balanced
81,S3_ADL_02,3,0,0.0026592060457915068,0,0.42499999999999993,A0_pose_average,242,balanced
82,S3_ADL_03,3,0,0.009481789544224739,0,0.42499999999999993,A0_pose_average,242,balanced
83,S3_ADL_04,3,0,0.007234015967696905,0,0.42499999999999993,A0_pose_average,242,balanced
84,S3_ADL_05,3,0,0.6113108396530151,1,0.42499999999999993,A0_pose_average,242,balanced
85,S3_ADL_06,3,0,0.15917305648326874,0,0.42499999999999993,A0_pose_average,242,balanced
86,S3_ADL_07,3,0,0.00013420548930298537,0,0.42499999999999993,A0_pose_average,242,balanced
87,S3_ADL_08,3,0,0.9213106632232666,1,0.42499999999999993,A0_pose_average,242,balanced
88,S3_ADL_09,3,0,0.00993410311639309,0,0.42499999999999993,A0_pose_average,242,balanced
89,S3_ADL_10,3,0,0.0037042389158159494,0,0.42499999999999993,A0_pose_average,242,balanced
90,S3_ADL_11,3,0,0.006918087601661682,0,0.42499999999999993,A0_pose_average,242,balanced
91,S3_ADL_12,3,0,0.001232133829034865,0,0.42499999999999993,A0_pose_average,242,balanced
92,S3_ADL_13,3,0,0.05792124569416046,0,0.42499999999999993,A0_pose_average,242,balanced
93,S3_ADL_14,3,0,0.0009757124353200197,0,0.42499999999999993,A0_pose_average,242,balanced
94,S3_ADL_15,3,0,0.0019178148359060287,0,0.42499999999999993,A0_pose_average,242,balanced
95,S3_ADL_16,3,0,0.0009547690278850496,0,0.42499999999999993,A0_pose_average,242,balanced
96,S3_ADL_17,3,0,9.65275612543337e-05,0,0.42499999999999993,A0_pose_average,242,balanced
97,S3_ADL_18,3,0,0.0001119947264669463,0,0.42499999999999993,A0_pose_average,242,balanced
98,S3_ADL_19,3,0,0.00482715992256999,0,0.42499999999999993,A0_pose_average,242,balanced
99,S3_ADL_20,3,0,0.0002134931128239259,0,0.42499999999999993,A0_pose_average,242,balanced
100,S3_ADL_21,3,0,0.0031885781791061163,0,0.42499999999999993,A0_pose_average,242,balanced
101,S3_ADL_22,3,0,0.004887924063950777,0,0.42499999999999993,A0_pose_average,242,balanced
102,S3_FALL_01,3,1,0.7721537947654724,1,0.42499999999999993,A0_pose_average,242,balanced
103,S3_FALL_02,3,1,0.9105201959609985,1,0.42499999999999993,A0_pose_average,242,balanced
104,S3_FALL_03,3,1,0.6048721075057983,1,0.42499999999999993,A0_pose_average,242,balanced
105,S3_FALL_04,3,1,0.8367924094200134,1,0.42499999999999993,A0_pose_average,242,balanced
106,S3_FALL_05,3,1,0.9537387490272522,1,0.42499999999999993,A0_pose_average,242,balanced
107,S3_FALL_06,3,1,0.5023922920227051,1,0.42499999999999993,A0_pose_average,242,balanced
108,S3_FALL_07,3,1,0.7528022527694702,1,0.42499999999999993,A0_pose_average,242,balanced
109,S3_FALL_08,3,1,0.7452309727668762,1,0.42499999999999993,A0_pose_average,242,balanced
110,S3_FALL_09,3,1,0.8011656403541565,1,0.42499999999999993,A0_pose_average,242,balanced
111,S3_FALL_10,3,1,0.4884054958820343,1,0.42499999999999993,A0_pose_average,242,balanced
112,S3_FALL_11,3,1,0.6101940274238586,1,0.42499999999999993,A0_pose_average,242,balanced
113,S3_FALL_12,3,1,0.5971950888633728,1,0.42499999999999993,A0_pose_average,242,balanced
114,S3_FALL_13,3,1,0.8773195743560791,1,0.42499999999999993,A0_pose_average,242,balanced
115,S3_FALL_14,3,1,0.5765233039855957,1,0.42499999999999993,A0_pose_average,242,balanced
116,S3_FALL_15,3,1,0.836774468421936,1,0.42499999999999993,A0_pose_average,242,balanced
117,S3_FALL_16,3,1,0.8953539729118347,1,0.42499999999999993,A0_pose_average,242,balanced
118,S3_FALL_17,3,1,0.976924479007721,1,0.42499999999999993,A0_pose_average,242,balanced
119,S3_FALL_18,3,1,0.9841396808624268,1,0.42499999999999993,A0_pose_average,242,balanced
120,S3_FALL_19,3,1,0.9672102928161621,1,0.42499999999999993,A0_pose_average,242,balanced
121,S3_FALL_20,3,1,0.7393754720687866,1,0.42499999999999993,A0_pose_average,242,balanced
122,S3_FALL_21,3,1,0.6586045622825623,1,0.42499999999999993,A0_pose_average,242,balanced
80,S3_ADL_01,3,0,1.9318846170790493e-05,0,0.05,A0_pose_average,242,sensitivity
81,S3_ADL_02,3,0,0.0026592060457915068,0,0.05,A0_pose_average,242,sensitivity
82,S3_ADL_03,3,0,0.009481789544224739,0,0.05,A0_pose_average,242,sensitivity
83,S3_ADL_04,3,0,0.007234015967696905,0,0.05,A0_pose_average,242,sensitivity
84,S3_ADL_05,3,0,0.6113108396530151,1,0.05,A0_pose_average,242,sensitivity
85,S3_ADL_06,3,0,0.15917305648326874,1,0.05,A0_pose_average,242,sensitivity
86,S3_ADL_07,3,0,0.00013420548930298537,0,0.05,A0_pose_average,242,sensitivity
87,S3_ADL_08,3,0,0.9213106632232666,1,0.05,A0_pose_average,242,sensitivity
88,S3_ADL_09,3,0,0.00993410311639309,0,0.05,A0_pose_average,242,sensitivity
89,S3_ADL_10,3,0,0.0037042389158159494,0,0.05,A0_pose_average,242,sensitivity
90,S3_ADL_11,3,0,0.006918087601661682,0,0.05,A0_pose_average,242,sensitivity
91,S3_ADL_12,3,0,0.001232133829034865,0,0.05,A0_pose_average,242,sensitivity
92,S3_ADL_13,3,0,0.05792124569416046,1,0.05,A0_pose_average,242,sensitivity
93,S3_ADL_14,3,0,0.0009757124353200197,0,0.05,A0_pose_average,242,sensitivity
94,S3_ADL_15,3,0,0.0019178148359060287,0,0.05,A0_pose_average,242,sensitivity
95,S3_ADL_16,3,0,0.0009547690278850496,0,0.05,A0_pose_average,242,sensitivity
96,S3_ADL_17,3,0,9.65275612543337e-05,0,0.05,A0_pose_average,242,sensitivity
97,S3_ADL_18,3,0,0.0001119947264669463,0,0.05,A0_pose_average,242,sensitivity
98,S3_ADL_19,3,0,0.00482715992256999,0,0.05,A0_pose_average,242,sensitivity
99,S3_ADL_20,3,0,0.0002134931128239259,0,0.05,A0_pose_average,242,sensitivity
100,S3_ADL_21,3,0,0.0031885781791061163,0,0.05,A0_pose_average,242,sensitivity
101,S3_ADL_22,3,0,0.004887924063950777,0,0.05,A0_pose_average,242,sensitivity
102,S3_FALL_01,3,1,0.7721537947654724,1,0.05,A0_pose_average,242,sensitivity
103,S3_FALL_02,3,1,0.9105201959609985,1,0.05,A0_pose_average,242,sensitivity
104,S3_FALL_03,3,1,0.6048721075057983,1,0.05,A0_pose_average,242,sensitivity
105,S3_FALL_04,3,1,0.8367924094200134,1,0.05,A0_pose_average,242,sensitivity
106,S3_FALL_05,3,1,0.9537387490272522,1,0.05,A0_pose_average,242,sensitivity
107,S3_FALL_06,3,1,0.5023922920227051,1,0.05,A0_pose_average,242,sensitivity
108,S3_FALL_07,3,1,0.7528022527694702,1,0.05,A0_pose_average,242,sensitivity
109,S3_FALL_08,3,1,0.7452309727668762,1,0.05,A0_pose_average,242,sensitivity
110,S3_FALL_09,3,1,0.8011656403541565,1,0.05,A0_pose_average,242,sensitivity
111,S3_FALL_10,3,1,0.4884054958820343,1,0.05,A0_pose_average,242,sensitivity
112,S3_FALL_11,3,1,0.6101940274238586,1,0.05,A0_pose_average,242,sensitivity
113,S3_FALL_12,3,1,0.5971950888633728,1,0.05,A0_pose_average,242,sensitivity
114,S3_FALL_13,3,1,0.8773195743560791,1,0.05,A0_pose_average,242,sensitivity
115,S3_FALL_14,3,1,0.5765233039855957,1,0.05,A0_pose_average,242,sensitivity
116,S3_FALL_15,3,1,0.836774468421936,1,0.05,A0_pose_average,242,sensitivity
117,S3_FALL_16,3,1,0.8953539729118347,1,0.05,A0_pose_average,242,sensitivity
118,S3_FALL_17,3,1,0.976924479007721,1,0.05,A0_pose_average,242,sensitivity
119,S3_FALL_18,3,1,0.9841396808624268,1,0.05,A0_pose_average,242,sensitivity
120,S3_FALL_19,3,1,0.9672102928161621,1,0.05,A0_pose_average,242,sensitivity
121,S3_FALL_20,3,1,0.7393754720687866,1,0.05,A0_pose_average,242,sensitivity
122,S3_FALL_21,3,1,0.6586045622825623,1,0.05,A0_pose_average,242,sensitivity
123,S4_ADL_01,4,0,0.0470675453543663,0,0.5,A0_pose_average,242,fixed
124,S4_ADL_02,4,0,0.020871972665190697,0,0.5,A0_pose_average,242,fixed
125,S4_ADL_03,4,0,0.11640104651451111,0,0.5,A0_pose_average,242,fixed
126,S4_ADL_04,4,0,0.12050914764404297,0,0.5,A0_pose_average,242,fixed
127,S4_ADL_05,4,0,0.9999716281890869,1,0.5,A0_pose_average,242,fixed
128,S4_ADL_06,4,0,0.9707064032554626,1,0.5,A0_pose_average,242,fixed
129,S4_ADL_07,4,0,0.9853866100311279,1,0.5,A0_pose_average,242,fixed
130,S4_ADL_08,4,0,0.0029098517261445522,0,0.5,A0_pose_average,242,fixed
131,S4_ADL_09,4,0,0.007119594607502222,0,0.5,A0_pose_average,242,fixed
132,S4_ADL_10,4,0,0.9488293528556824,1,0.5,A0_pose_average,242,fixed
133,S4_ADL_11,4,0,0.19640210270881653,0,0.5,A0_pose_average,242,fixed
134,S4_ADL_12,4,0,0.013237426988780499,0,0.5,A0_pose_average,242,fixed
135,S4_ADL_13,4,0,0.08549705147743225,0,0.5,A0_pose_average,242,fixed
136,S4_ADL_14,4,0,0.0533694364130497,0,0.5,A0_pose_average,242,fixed
137,S4_ADL_15,4,0,0.3415105938911438,0,0.5,A0_pose_average,242,fixed
138,S4_ADL_16,4,0,0.5550540685653687,1,0.5,A0_pose_average,242,fixed
139,S4_ADL_17,4,0,0.01714600995182991,0,0.5,A0_pose_average,242,fixed
140,S4_ADL_18,4,0,0.020004380494356155,0,0.5,A0_pose_average,242,fixed
141,S4_ADL_19,4,0,0.00027161132311448455,0,0.5,A0_pose_average,242,fixed
142,S4_ADL_20,4,0,0.013433683663606644,0,0.5,A0_pose_average,242,fixed
143,S4_FALL_01,4,1,0.7568360567092896,1,0.5,A0_pose_average,242,fixed
144,S4_FALL_02,4,1,0.4772869050502777,0,0.5,A0_pose_average,242,fixed
145,S4_FALL_03,4,1,0.06631641834974289,0,0.5,A0_pose_average,242,fixed
146,S4_FALL_04,4,1,0.9693515300750732,1,0.5,A0_pose_average,242,fixed
147,S4_FALL_05,4,1,0.949255108833313,1,0.5,A0_pose_average,242,fixed
148,S4_FALL_06,4,1,0.6271007061004639,1,0.5,A0_pose_average,242,fixed
149,S4_FALL_07,4,1,0.9786502122879028,1,0.5,A0_pose_average,242,fixed
150,S4_FALL_08,4,1,0.9983293414115906,1,0.5,A0_pose_average,242,fixed
151,S4_FALL_09,4,1,0.9999608993530273,1,0.5,A0_pose_average,242,fixed
152,S4_FALL_10,4,1,0.366726815700531,0,0.5,A0_pose_average,242,fixed
153,S4_FALL_11,4,1,0.8916756510734558,1,0.5,A0_pose_average,242,fixed
154,S4_FALL_12,4,1,0.3204706907272339,0,0.5,A0_pose_average,242,fixed
155,S4_FALL_13,4,1,0.8267948627471924,1,0.5,A0_pose_average,242,fixed
156,S4_FALL_14,4,1,0.48486486077308655,0,0.5,A0_pose_average,242,fixed
157,S4_FALL_15,4,1,0.9999998807907104,1,0.5,A0_pose_average,242,fixed
158,S4_FALL_16,4,1,0.8222014307975769,1,0.5,A0_pose_average,242,fixed
159,S4_FALL_17,4,1,0.9950410723686218,1,0.5,A0_pose_average,242,fixed
123,S4_ADL_01,4,0,0.0470675453543663,0,0.675,A0_pose_average,242,balanced
124,S4_ADL_02,4,0,0.020871972665190697,0,0.675,A0_pose_average,242,balanced
125,S4_ADL_03,4,0,0.11640104651451111,0,0.675,A0_pose_average,242,balanced
126,S4_ADL_04,4,0,0.12050914764404297,0,0.675,A0_pose_average,242,balanced
127,S4_ADL_05,4,0,0.9999716281890869,1,0.675,A0_pose_average,242,balanced
128,S4_ADL_06,4,0,0.9707064032554626,1,0.675,A0_pose_average,242,balanced
129,S4_ADL_07,4,0,0.9853866100311279,1,0.675,A0_pose_average,242,balanced
130,S4_ADL_08,4,0,0.0029098517261445522,0,0.675,A0_pose_average,242,balanced
131,S4_ADL_09,4,0,0.007119594607502222,0,0.675,A0_pose_average,242,balanced
132,S4_ADL_10,4,0,0.9488293528556824,1,0.675,A0_pose_average,242,balanced
133,S4_ADL_11,4,0,0.19640210270881653,0,0.675,A0_pose_average,242,balanced
134,S4_ADL_12,4,0,0.013237426988780499,0,0.675,A0_pose_average,242,balanced
135,S4_ADL_13,4,0,0.08549705147743225,0,0.675,A0_pose_average,242,balanced
136,S4_ADL_14,4,0,0.0533694364130497,0,0.675,A0_pose_average,242,balanced
137,S4_ADL_15,4,0,0.3415105938911438,0,0.675,A0_pose_average,242,balanced
138,S4_ADL_16,4,0,0.5550540685653687,0,0.675,A0_pose_average,242,balanced
139,S4_ADL_17,4,0,0.01714600995182991,0,0.675,A0_pose_average,242,balanced
140,S4_ADL_18,4,0,0.020004380494356155,0,0.675,A0_pose_average,242,balanced
141,S4_ADL_19,4,0,0.00027161132311448455,0,0.675,A0_pose_average,242,balanced
142,S4_ADL_20,4,0,0.013433683663606644,0,0.675,A0_pose_average,242,balanced
143,S4_FALL_01,4,1,0.7568360567092896,1,0.675,A0_pose_average,242,balanced
144,S4_FALL_02,4,1,0.4772869050502777,0,0.675,A0_pose_average,242,balanced
145,S4_FALL_03,4,1,0.06631641834974289,0,0.675,A0_pose_average,242,balanced
146,S4_FALL_04,4,1,0.9693515300750732,1,0.675,A0_pose_average,242,balanced
147,S4_FALL_05,4,1,0.949255108833313,1,0.675,A0_pose_average,242,balanced
148,S4_FALL_06,4,1,0.6271007061004639,0,0.675,A0_pose_average,242,balanced
149,S4_FALL_07,4,1,0.9786502122879028,1,0.675,A0_pose_average,242,balanced
150,S4_FALL_08,4,1,0.9983293414115906,1,0.675,A0_pose_average,242,balanced
151,S4_FALL_09,4,1,0.9999608993530273,1,0.675,A0_pose_average,242,balanced
152,S4_FALL_10,4,1,0.366726815700531,0,0.675,A0_pose_average,242,balanced
153,S4_FALL_11,4,1,0.8916756510734558,1,0.675,A0_pose_average,242,balanced
154,S4_FALL_12,4,1,0.3204706907272339,0,0.675,A0_pose_average,242,balanced
155,S4_FALL_13,4,1,0.8267948627471924,1,0.675,A0_pose_average,242,balanced
156,S4_FALL_14,4,1,0.48486486077308655,0,0.675,A0_pose_average,242,balanced
157,S4_FALL_15,4,1,0.9999998807907104,1,0.675,A0_pose_average,242,balanced
158,S4_FALL_16,4,1,0.8222014307975769,1,0.675,A0_pose_average,242,balanced
159,S4_FALL_17,4,1,0.9950410723686218,1,0.675,A0_pose_average,242,balanced
123,S4_ADL_01,4,0,0.0470675453543663,0,0.27499999999999997,A0_pose_average,242,sensitivity
124,S4_ADL_02,4,0,0.020871972665190697,0,0.27499999999999997,A0_pose_average,242,sensitivity
125,S4_ADL_03,4,0,0.11640104651451111,0,0.27499999999999997,A0_pose_average,242,sensitivity
126,S4_ADL_04,4,0,0.12050914764404297,0,0.27499999999999997,A0_pose_average,242,sensitivity
127,S4_ADL_05,4,0,0.9999716281890869,1,0.27499999999999997,A0_pose_average,242,sensitivity
128,S4_ADL_06,4,0,0.9707064032554626,1,0.27499999999999997,A0_pose_average,242,sensitivity
129,S4_ADL_07,4,0,0.9853866100311279,1,0.27499999999999997,A0_pose_average,242,sensitivity
130,S4_ADL_08,4,0,0.0029098517261445522,0,0.27499999999999997,A0_pose_average,242,sensitivity
131,S4_ADL_09,4,0,0.007119594607502222,0,0.27499999999999997,A0_pose_average,242,sensitivity
132,S4_ADL_10,4,0,0.9488293528556824,1,0.27499999999999997,A0_pose_average,242,sensitivity
133,S4_ADL_11,4,0,0.19640210270881653,0,0.27499999999999997,A0_pose_average,242,sensitivity
134,S4_ADL_12,4,0,0.013237426988780499,0,0.27499999999999997,A0_pose_average,242,sensitivity
135,S4_ADL_13,4,0,0.08549705147743225,0,0.27499999999999997,A0_pose_average,242,sensitivity
136,S4_ADL_14,4,0,0.0533694364130497,0,0.27499999999999997,A0_pose_average,242,sensitivity
137,S4_ADL_15,4,0,0.3415105938911438,1,0.27499999999999997,A0_pose_average,242,sensitivity
138,S4_ADL_16,4,0,0.5550540685653687,1,0.27499999999999997,A0_pose_average,242,sensitivity
139,S4_ADL_17,4,0,0.01714600995182991,0,0.27499999999999997,A0_pose_average,242,sensitivity
140,S4_ADL_18,4,0,0.020004380494356155,0,0.27499999999999997,A0_pose_average,242,sensitivity
141,S4_ADL_19,4,0,0.00027161132311448455,0,0.27499999999999997,A0_pose_average,242,sensitivity
142,S4_ADL_20,4,0,0.013433683663606644,0,0.27499999999999997,A0_pose_average,242,sensitivity
143,S4_FALL_01,4,1,0.7568360567092896,1,0.27499999999999997,A0_pose_average,242,sensitivity
144,S4_FALL_02,4,1,0.4772869050502777,1,0.27499999999999997,A0_pose_average,242,sensitivity
145,S4_FALL_03,4,1,0.06631641834974289,0,0.27499999999999997,A0_pose_average,242,sensitivity
146,S4_FALL_04,4,1,0.9693515300750732,1,0.27499999999999997,A0_pose_average,242,sensitivity
147,S4_FALL_05,4,1,0.949255108833313,1,0.27499999999999997,A0_pose_average,242,sensitivity
148,S4_FALL_06,4,1,0.6271007061004639,1,0.27499999999999997,A0_pose_average,242,sensitivity
149,S4_FALL_07,4,1,0.9786502122879028,1,0.27499999999999997,A0_pose_average,242,sensitivity
150,S4_FALL_08,4,1,0.9983293414115906,1,0.27499999999999997,A0_pose_average,242,sensitivity
151,S4_FALL_09,4,1,0.9999608993530273,1,0.27499999999999997,A0_pose_average,242,sensitivity
152,S4_FALL_10,4,1,0.366726815700531,1,0.27499999999999997,A0_pose_average,242,sensitivity
153,S4_FALL_11,4,1,0.8916756510734558,1,0.27499999999999997,A0_pose_average,242,sensitivity
154,S4_FALL_12,4,1,0.3204706907272339,1,0.27499999999999997,A0_pose_average,242,sensitivity
155,S4_FALL_13,4,1,0.8267948627471924,1,0.27499999999999997,A0_pose_average,242,sensitivity
156,S4_FALL_14,4,1,0.48486486077308655,1,0.27499999999999997,A0_pose_average,242,sensitivity
157,S4_FALL_15,4,1,0.9999998807907104,1,0.27499999999999997,A0_pose_average,242,sensitivity
158,S4_FALL_16,4,1,0.8222014307975769,1,0.27499999999999997,A0_pose_average,242,sensitivity
159,S4_FALL_17,4,1,0.9950410723686218,1,0.27499999999999997,A0_pose_average,242,sensitivity
0,S1_ADL_01,1,0,0.62770676612854,1,0.5,A0_pose_average,42,fixed
1,S1_ADL_02,1,0,0.9977491497993469,1,0.5,A0_pose_average,42,fixed
2,S1_ADL_03,1,0,0.9961395859718323,1,0.5,A0_pose_average,42,fixed
3,S1_ADL_04,1,0,0.0008476150105707347,0,0.5,A0_pose_average,42,fixed
4,S1_ADL_05,1,0,1.0812629625434056e-05,0,0.5,A0_pose_average,42,fixed
5,S1_ADL_06,1,0,0.0034229899756610394,0,0.5,A0_pose_average,42,fixed
6,S1_ADL_07,1,0,3.8748505176045e-05,0,0.5,A0_pose_average,42,fixed
7,S1_ADL_08,1,0,0.0003781375999096781,0,0.5,A0_pose_average,42,fixed
8,S1_ADL_09,1,0,0.0025256637018173933,0,0.5,A0_pose_average,42,fixed
9,S1_ADL_10,1,0,0.0003795953234657645,0,0.5,A0_pose_average,42,fixed
10,S1_ADL_11,1,0,4.441339842742309e-05,0,0.5,A0_pose_average,42,fixed
11,S1_ADL_12,1,0,0.0008162549347616732,0,0.5,A0_pose_average,42,fixed
12,S1_ADL_13,1,0,0.00044504570541903377,0,0.5,A0_pose_average,42,fixed
13,S1_ADL_14,1,0,0.0004562315298244357,0,0.5,A0_pose_average,42,fixed
14,S1_ADL_15,1,0,0.00017433874018024653,0,0.5,A0_pose_average,42,fixed
15,S1_ADL_16,1,0,0.02896769717335701,0,0.5,A0_pose_average,42,fixed
16,S1_FALL_01,1,1,0.997763991355896,1,0.5,A0_pose_average,42,fixed
17,S1_FALL_02,1,1,0.9987925291061401,1,0.5,A0_pose_average,42,fixed
18,S1_FALL_03,1,1,0.9979925155639648,1,0.5,A0_pose_average,42,fixed
19,S1_FALL_04,1,1,0.858079195022583,1,0.5,A0_pose_average,42,fixed
20,S1_FALL_05,1,1,0.9647200107574463,1,0.5,A0_pose_average,42,fixed
21,S1_FALL_06,1,1,0.9245272874832153,1,0.5,A0_pose_average,42,fixed
22,S1_FALL_07,1,1,0.686829149723053,1,0.5,A0_pose_average,42,fixed
23,S1_FALL_08,1,1,0.9950245022773743,1,0.5,A0_pose_average,42,fixed
24,S1_FALL_09,1,1,0.9829112887382507,1,0.5,A0_pose_average,42,fixed
25,S1_FALL_10,1,1,0.9338185787200928,1,0.5,A0_pose_average,42,fixed
26,S1_FALL_11,1,1,0.8878087401390076,1,0.5,A0_pose_average,42,fixed
27,S1_FALL_12,1,1,0.8532125949859619,1,0.5,A0_pose_average,42,fixed
28,S1_FALL_13,1,1,0.0010299466084688902,0,0.5,A0_pose_average,42,fixed
29,S1_FALL_14,1,1,0.9666914343833923,1,0.5,A0_pose_average,42,fixed
30,S1_FALL_15,1,1,0.5366569757461548,1,0.5,A0_pose_average,42,fixed
31,S1_FALL_16,1,1,0.9971320629119873,1,0.5,A0_pose_average,42,fixed
0,S1_ADL_01,1,0,0.62770676612854,1,0.575,A0_pose_average,42,balanced
1,S1_ADL_02,1,0,0.9977491497993469,1,0.575,A0_pose_average,42,balanced
2,S1_ADL_03,1,0,0.9961395859718323,1,0.575,A0_pose_average,42,balanced
3,S1_ADL_04,1,0,0.0008476150105707347,0,0.575,A0_pose_average,42,balanced
4,S1_ADL_05,1,0,1.0812629625434056e-05,0,0.575,A0_pose_average,42,balanced
5,S1_ADL_06,1,0,0.0034229899756610394,0,0.575,A0_pose_average,42,balanced
6,S1_ADL_07,1,0,3.8748505176045e-05,0,0.575,A0_pose_average,42,balanced
7,S1_ADL_08,1,0,0.0003781375999096781,0,0.575,A0_pose_average,42,balanced
8,S1_ADL_09,1,0,0.0025256637018173933,0,0.575,A0_pose_average,42,balanced
9,S1_ADL_10,1,0,0.0003795953234657645,0,0.575,A0_pose_average,42,balanced
10,S1_ADL_11,1,0,4.441339842742309e-05,0,0.575,A0_pose_average,42,balanced
11,S1_ADL_12,1,0,0.0008162549347616732,0,0.575,A0_pose_average,42,balanced
12,S1_ADL_13,1,0,0.00044504570541903377,0,0.575,A0_pose_average,42,balanced
13,S1_ADL_14,1,0,0.0004562315298244357,0,0.575,A0_pose_average,42,balanced
14,S1_ADL_15,1,0,0.00017433874018024653,0,0.575,A0_pose_average,42,balanced
15,S1_ADL_16,1,0,0.02896769717335701,0,0.575,A0_pose_average,42,balanced
16,S1_FALL_01,1,1,0.997763991355896,1,0.575,A0_pose_average,42,balanced
17,S1_FALL_02,1,1,0.9987925291061401,1,0.575,A0_pose_average,42,balanced
18,S1_FALL_03,1,1,0.9979925155639648,1,0.575,A0_pose_average,42,balanced
19,S1_FALL_04,1,1,0.858079195022583,1,0.575,A0_pose_average,42,balanced
20,S1_FALL_05,1,1,0.9647200107574463,1,0.575,A0_pose_average,42,balanced
21,S1_FALL_06,1,1,0.9245272874832153,1,0.575,A0_pose_average,42,balanced
22,S1_FALL_07,1,1,0.686829149723053,1,0.575,A0_pose_average,42,balanced
23,S1_FALL_08,1,1,0.9950245022773743,1,0.575,A0_pose_average,42,balanced
24,S1_FALL_09,1,1,0.9829112887382507,1,0.575,A0_pose_average,42,balanced
25,S1_FALL_10,1,1,0.9338185787200928,1,0.575,A0_pose_average,42,balanced
26,S1_FALL_11,1,1,0.8878087401390076,1,0.575,A0_pose_average,42,balanced
27,S1_FALL_12,1,1,0.8532125949859619,1,0.575,A0_pose_average,42,balanced
28,S1_FALL_13,1,1,0.0010299466084688902,0,0.575,A0_pose_average,42,balanced
29,S1_FALL_14,1,1,0.9666914343833923,1,0.575,A0_pose_average,42,balanced
30,S1_FALL_15,1,1,0.5366569757461548,0,0.575,A0_pose_average,42,balanced
31,S1_FALL_16,1,1,0.9971320629119873,1,0.575,A0_pose_average,42,balanced
0,S1_ADL_01,1,0,0.62770676612854,1,0.39999999999999997,A0_pose_average,42,sensitivity
1,S1_ADL_02,1,0,0.9977491497993469,1,0.39999999999999997,A0_pose_average,42,sensitivity
2,S1_ADL_03,1,0,0.9961395859718323,1,0.39999999999999997,A0_pose_average,42,sensitivity
3,S1_ADL_04,1,0,0.0008476150105707347,0,0.39999999999999997,A0_pose_average,42,sensitivity
4,S1_ADL_05,1,0,1.0812629625434056e-05,0,0.39999999999999997,A0_pose_average,42,sensitivity
5,S1_ADL_06,1,0,0.0034229899756610394,0,0.39999999999999997,A0_pose_average,42,sensitivity
6,S1_ADL_07,1,0,3.8748505176045e-05,0,0.39999999999999997,A0_pose_average,42,sensitivity
7,S1_ADL_08,1,0,0.0003781375999096781,0,0.39999999999999997,A0_pose_average,42,sensitivity
8,S1_ADL_09,1,0,0.0025256637018173933,0,0.39999999999999997,A0_pose_average,42,sensitivity
9,S1_ADL_10,1,0,0.0003795953234657645,0,0.39999999999999997,A0_pose_average,42,sensitivity
10,S1_ADL_11,1,0,4.441339842742309e-05,0,0.39999999999999997,A0_pose_average,42,sensitivity
11,S1_ADL_12,1,0,0.0008162549347616732,0,0.39999999999999997,A0_pose_average,42,sensitivity
12,S1_ADL_13,1,0,0.00044504570541903377,0,0.39999999999999997,A0_pose_average,42,sensitivity
13,S1_ADL_14,1,0,0.0004562315298244357,0,0.39999999999999997,A0_pose_average,42,sensitivity
14,S1_ADL_15,1,0,0.00017433874018024653,0,0.39999999999999997,A0_pose_average,42,sensitivity
15,S1_ADL_16,1,0,0.02896769717335701,0,0.39999999999999997,A0_pose_average,42,sensitivity
16,S1_FALL_01,1,1,0.997763991355896,1,0.39999999999999997,A0_pose_average,42,sensitivity
17,S1_FALL_02,1,1,0.9987925291061401,1,0.39999999999999997,A0_pose_average,42,sensitivity
18,S1_FALL_03,1,1,0.9979925155639648,1,0.39999999999999997,A0_pose_average,42,sensitivity
19,S1_FALL_04,1,1,0.858079195022583,1,0.39999999999999997,A0_pose_average,42,sensitivity
20,S1_FALL_05,1,1,0.9647200107574463,1,0.39999999999999997,A0_pose_average,42,sensitivity
21,S1_FALL_06,1,1,0.9245272874832153,1,0.39999999999999997,A0_pose_average,42,sensitivity
22,S1_FALL_07,1,1,0.686829149723053,1,0.39999999999999997,A0_pose_average,42,sensitivity
23,S1_FALL_08,1,1,0.9950245022773743,1,0.39999999999999997,A0_pose_average,42,sensitivity
24,S1_FALL_09,1,1,0.9829112887382507,1,0.39999999999999997,A0_pose_average,42,sensitivity
25,S1_FALL_10,1,1,0.9338185787200928,1,0.39999999999999997,A0_pose_average,42,sensitivity
26,S1_FALL_11,1,1,0.8878087401390076,1,0.39999999999999997,A0_pose_average,42,sensitivity
27,S1_FALL_12,1,1,0.8532125949859619,1,0.39999999999999997,A0_pose_average,42,sensitivity
28,S1_FALL_13,1,1,0.0010299466084688902,0,0.39999999999999997,A0_pose_average,42,sensitivity
29,S1_FALL_14,1,1,0.9666914343833923,1,0.39999999999999997,A0_pose_average,42,sensitivity
30,S1_FALL_15,1,1,0.5366569757461548,1,0.39999999999999997,A0_pose_average,42,sensitivity
31,S1_FALL_16,1,1,0.9971320629119873,1,0.39999999999999997,A0_pose_average,42,sensitivity
32,S2_ADL_01,2,0,0.9395889639854431,1,0.5,A0_pose_average,42,fixed
33,S2_ADL_02,2,0,0.20822331309318542,0,0.5,A0_pose_average,42,fixed
34,S2_ADL_03,2,0,0.4671814441680908,0,0.5,A0_pose_average,42,fixed
35,S2_ADL_04,2,0,0.4164525866508484,0,0.5,A0_pose_average,42,fixed
36,S2_ADL_05,2,0,0.015957534313201904,0,0.5,A0_pose_average,42,fixed
37,S2_ADL_06,2,0,0.1683465540409088,0,0.5,A0_pose_average,42,fixed
38,S2_ADL_07,2,0,0.07602197676897049,0,0.5,A0_pose_average,42,fixed
39,S2_ADL_08,2,0,0.3252188265323639,0,0.5,A0_pose_average,42,fixed
40,S2_ADL_09,2,0,0.03737470507621765,0,0.5,A0_pose_average,42,fixed
41,S2_ADL_10,2,0,0.11023744940757751,0,0.5,A0_pose_average,42,fixed
42,S2_ADL_11,2,0,0.022408733144402504,0,0.5,A0_pose_average,42,fixed
43,S2_ADL_12,2,0,0.44300326704978943,0,0.5,A0_pose_average,42,fixed
44,S2_ADL_13,2,0,0.1371145397424698,0,0.5,A0_pose_average,42,fixed
45,S2_ADL_14,2,0,0.3845742642879486,0,0.5,A0_pose_average,42,fixed
46,S2_ADL_15,2,0,0.003244842402637005,0,0.5,A0_pose_average,42,fixed
47,S2_ADL_16,2,0,0.9311258792877197,1,0.5,A0_pose_average,42,fixed
48,S2_ADL_17,2,0,0.13251492381095886,0,0.5,A0_pose_average,42,fixed
49,S2_ADL_18,2,0,0.023987174034118652,0,0.5,A0_pose_average,42,fixed
50,S2_ADL_19,2,0,0.048736222088336945,0,0.5,A0_pose_average,42,fixed
51,S2_ADL_20,2,0,0.00189522176515311,0,0.5,A0_pose_average,42,fixed
52,S2_ADL_21,2,0,0.0759606584906578,0,0.5,A0_pose_average,42,fixed
53,S2_ADL_22,2,0,0.20022284984588623,0,0.5,A0_pose_average,42,fixed
54,S2_ADL_23,2,0,0.004860571585595608,0,0.5,A0_pose_average,42,fixed
55,S2_FALL_01,2,1,0.852303147315979,1,0.5,A0_pose_average,42,fixed
56,S2_FALL_02,2,1,0.9615426659584045,1,0.5,A0_pose_average,42,fixed
57,S2_FALL_03,2,1,0.3923433721065521,0,0.5,A0_pose_average,42,fixed
58,S2_FALL_04,2,1,0.9253113269805908,1,0.5,A0_pose_average,42,fixed
59,S2_FALL_05,2,1,0.3924780488014221,0,0.5,A0_pose_average,42,fixed
60,S2_FALL_06,2,1,0.8781205415725708,1,0.5,A0_pose_average,42,fixed
61,S2_FALL_07,2,1,0.835033118724823,1,0.5,A0_pose_average,42,fixed
62,S2_FALL_08,2,1,0.7843160033226013,1,0.5,A0_pose_average,42,fixed
63,S2_FALL_09,2,1,0.8452715277671814,1,0.5,A0_pose_average,42,fixed
64,S2_FALL_10,2,1,0.997115969657898,1,0.5,A0_pose_average,42,fixed
65,S2_FALL_11,2,1,0.5378679633140564,1,0.5,A0_pose_average,42,fixed
66,S2_FALL_12,2,1,0.9534291625022888,1,0.5,A0_pose_average,42,fixed
67,S2_FALL_13,2,1,0.7532675266265869,1,0.5,A0_pose_average,42,fixed
68,S2_FALL_14,2,1,0.9639489650726318,1,0.5,A0_pose_average,42,fixed
69,S2_FALL_15,2,1,0.8412832021713257,1,0.5,A0_pose_average,42,fixed
70,S2_FALL_16,2,1,0.8508700728416443,1,0.5,A0_pose_average,42,fixed
71,S2_FALL_17,2,1,0.9663039445877075,1,0.5,A0_pose_average,42,fixed
72,S2_FALL_18,2,1,0.5144989490509033,1,0.5,A0_pose_average,42,fixed
73,S2_FALL_19,2,1,0.7343701720237732,1,0.5,A0_pose_average,42,fixed
74,S2_FALL_20,2,1,0.8776023983955383,1,0.5,A0_pose_average,42,fixed
75,S2_FALL_21,2,1,0.9342393279075623,1,0.5,A0_pose_average,42,fixed
76,S2_FALL_22,2,1,0.9121928811073303,1,0.5,A0_pose_average,42,fixed
77,S2_FALL_23,2,1,0.9049890041351318,1,0.5,A0_pose_average,42,fixed
78,S2_FALL_24,2,1,0.9925159811973572,1,0.5,A0_pose_average,42,fixed
79,S2_FALL_25,2,1,0.9576541781425476,1,0.5,A0_pose_average,42,fixed
32,S2_ADL_01,2,0,0.9395889639854431,1,0.175,A0_pose_average,42,balanced
33,S2_ADL_02,2,0,0.20822331309318542,1,0.175,A0_pose_average,42,balanced
34,S2_ADL_03,2,0,0.4671814441680908,1,0.175,A0_pose_average,42,balanced
35,S2_ADL_04,2,0,0.4164525866508484,1,0.175,A0_pose_average,42,balanced
36,S2_ADL_05,2,0,0.015957534313201904,0,0.175,A0_pose_average,42,balanced
37,S2_ADL_06,2,0,0.1683465540409088,0,0.175,A0_pose_average,42,balanced
38,S2_ADL_07,2,0,0.07602197676897049,0,0.175,A0_pose_average,42,balanced
39,S2_ADL_08,2,0,0.3252188265323639,1,0.175,A0_pose_average,42,balanced
40,S2_ADL_09,2,0,0.03737470507621765,0,0.175,A0_pose_average,42,balanced
41,S2_ADL_10,2,0,0.11023744940757751,0,0.175,A0_pose_average,42,balanced
42,S2_ADL_11,2,0,0.022408733144402504,0,0.175,A0_pose_average,42,balanced
43,S2_ADL_12,2,0,0.44300326704978943,1,0.175,A0_pose_average,42,balanced
44,S2_ADL_13,2,0,0.1371145397424698,0,0.175,A0_pose_average,42,balanced
45,S2_ADL_14,2,0,0.3845742642879486,1,0.175,A0_pose_average,42,balanced
46,S2_ADL_15,2,0,0.003244842402637005,0,0.175,A0_pose_average,42,balanced
47,S2_ADL_16,2,0,0.9311258792877197,1,0.175,A0_pose_average,42,balanced
48,S2_ADL_17,2,0,0.13251492381095886,0,0.175,A0_pose_average,42,balanced
49,S2_ADL_18,2,0,0.023987174034118652,0,0.175,A0_pose_average,42,balanced
50,S2_ADL_19,2,0,0.048736222088336945,0,0.175,A0_pose_average,42,balanced
51,S2_ADL_20,2,0,0.00189522176515311,0,0.175,A0_pose_average,42,balanced
52,S2_ADL_21,2,0,0.0759606584906578,0,0.175,A0_pose_average,42,balanced
53,S2_ADL_22,2,0,0.20022284984588623,1,0.175,A0_pose_average,42,balanced
54,S2_ADL_23,2,0,0.004860571585595608,0,0.175,A0_pose_average,42,balanced
55,S2_FALL_01,2,1,0.852303147315979,1,0.175,A0_pose_average,42,balanced
56,S2_FALL_02,2,1,0.9615426659584045,1,0.175,A0_pose_average,42,balanced
57,S2_FALL_03,2,1,0.3923433721065521,1,0.175,A0_pose_average,42,balanced
58,S2_FALL_04,2,1,0.9253113269805908,1,0.175,A0_pose_average,42,balanced
59,S2_FALL_05,2,1,0.3924780488014221,1,0.175,A0_pose_average,42,balanced
60,S2_FALL_06,2,1,0.8781205415725708,1,0.175,A0_pose_average,42,balanced
61,S2_FALL_07,2,1,0.835033118724823,1,0.175,A0_pose_average,42,balanced
62,S2_FALL_08,2,1,0.7843160033226013,1,0.175,A0_pose_average,42,balanced
63,S2_FALL_09,2,1,0.8452715277671814,1,0.175,A0_pose_average,42,balanced
64,S2_FALL_10,2,1,0.997115969657898,1,0.175,A0_pose_average,42,balanced
65,S2_FALL_11,2,1,0.5378679633140564,1,0.175,A0_pose_average,42,balanced
66,S2_FALL_12,2,1,0.9534291625022888,1,0.175,A0_pose_average,42,balanced
67,S2_FALL_13,2,1,0.7532675266265869,1,0.175,A0_pose_average,42,balanced
68,S2_FALL_14,2,1,0.9639489650726318,1,0.175,A0_pose_average,42,balanced
69,S2_FALL_15,2,1,0.8412832021713257,1,0.175,A0_pose_average,42,balanced
70,S2_FALL_16,2,1,0.8508700728416443,1,0.175,A0_pose_average,42,balanced
71,S2_FALL_17,2,1,0.9663039445877075,1,0.175,A0_pose_average,42,balanced
72,S2_FALL_18,2,1,0.5144989490509033,1,0.175,A0_pose_average,42,balanced
73,S2_FALL_19,2,1,0.7343701720237732,1,0.175,A0_pose_average,42,balanced
74,S2_FALL_20,2,1,0.8776023983955383,1,0.175,A0_pose_average,42,balanced
75,S2_FALL_21,2,1,0.9342393279075623,1,0.175,A0_pose_average,42,balanced
76,S2_FALL_22,2,1,0.9121928811073303,1,0.175,A0_pose_average,42,balanced
77,S2_FALL_23,2,1,0.9049890041351318,1,0.175,A0_pose_average,42,balanced
78,S2_FALL_24,2,1,0.9925159811973572,1,0.175,A0_pose_average,42,balanced
79,S2_FALL_25,2,1,0.9576541781425476,1,0.175,A0_pose_average,42,balanced
32,S2_ADL_01,2,0,0.9395889639854431,1,0.2,A0_pose_average,42,sensitivity
33,S2_ADL_02,2,0,0.20822331309318542,1,0.2,A0_pose_average,42,sensitivity
34,S2_ADL_03,2,0,0.4671814441680908,1,0.2,A0_pose_average,42,sensitivity
35,S2_ADL_04,2,0,0.4164525866508484,1,0.2,A0_pose_average,42,sensitivity
36,S2_ADL_05,2,0,0.015957534313201904,0,0.2,A0_pose_average,42,sensitivity
37,S2_ADL_06,2,0,0.1683465540409088,0,0.2,A0_pose_average,42,sensitivity
38,S2_ADL_07,2,0,0.07602197676897049,0,0.2,A0_pose_average,42,sensitivity
39,S2_ADL_08,2,0,0.3252188265323639,1,0.2,A0_pose_average,42,sensitivity
40,S2_ADL_09,2,0,0.03737470507621765,0,0.2,A0_pose_average,42,sensitivity
41,S2_ADL_10,2,0,0.11023744940757751,0,0.2,A0_pose_average,42,sensitivity
42,S2_ADL_11,2,0,0.022408733144402504,0,0.2,A0_pose_average,42,sensitivity
43,S2_ADL_12,2,0,0.44300326704978943,1,0.2,A0_pose_average,42,sensitivity
44,S2_ADL_13,2,0,0.1371145397424698,0,0.2,A0_pose_average,42,sensitivity
45,S2_ADL_14,2,0,0.3845742642879486,1,0.2,A0_pose_average,42,sensitivity
46,S2_ADL_15,2,0,0.003244842402637005,0,0.2,A0_pose_average,42,sensitivity
47,S2_ADL_16,2,0,0.9311258792877197,1,0.2,A0_pose_average,42,sensitivity
48,S2_ADL_17,2,0,0.13251492381095886,0,0.2,A0_pose_average,42,sensitivity
49,S2_ADL_18,2,0,0.023987174034118652,0,0.2,A0_pose_average,42,sensitivity
50,S2_ADL_19,2,0,0.048736222088336945,0,0.2,A0_pose_average,42,sensitivity
51,S2_ADL_20,2,0,0.00189522176515311,0,0.2,A0_pose_average,42,sensitivity
52,S2_ADL_21,2,0,0.0759606584906578,0,0.2,A0_pose_average,42,sensitivity
53,S2_ADL_22,2,0,0.20022284984588623,1,0.2,A0_pose_average,42,sensitivity
54,S2_ADL_23,2,0,0.004860571585595608,0,0.2,A0_pose_average,42,sensitivity
55,S2_FALL_01,2,1,0.852303147315979,1,0.2,A0_pose_average,42,sensitivity
56,S2_FALL_02,2,1,0.9615426659584045,1,0.2,A0_pose_average,42,sensitivity
57,S2_FALL_03,2,1,0.3923433721065521,1,0.2,A0_pose_average,42,sensitivity
58,S2_FALL_04,2,1,0.9253113269805908,1,0.2,A0_pose_average,42,sensitivity
59,S2_FALL_05,2,1,0.3924780488014221,1,0.2,A0_pose_average,42,sensitivity
60,S2_FALL_06,2,1,0.8781205415725708,1,0.2,A0_pose_average,42,sensitivity
61,S2_FALL_07,2,1,0.835033118724823,1,0.2,A0_pose_average,42,sensitivity
62,S2_FALL_08,2,1,0.7843160033226013,1,0.2,A0_pose_average,42,sensitivity
63,S2_FALL_09,2,1,0.8452715277671814,1,0.2,A0_pose_average,42,sensitivity
64,S2_FALL_10,2,1,0.997115969657898,1,0.2,A0_pose_average,42,sensitivity
65,S2_FALL_11,2,1,0.5378679633140564,1,0.2,A0_pose_average,42,sensitivity
66,S2_FALL_12,2,1,0.9534291625022888,1,0.2,A0_pose_average,42,sensitivity
67,S2_FALL_13,2,1,0.7532675266265869,1,0.2,A0_pose_average,42,sensitivity
68,S2_FALL_14,2,1,0.9639489650726318,1,0.2,A0_pose_average,42,sensitivity
69,S2_FALL_15,2,1,0.8412832021713257,1,0.2,A0_pose_average,42,sensitivity
70,S2_FALL_16,2,1,0.8508700728416443,1,0.2,A0_pose_average,42,sensitivity
71,S2_FALL_17,2,1,0.9663039445877075,1,0.2,A0_pose_average,42,sensitivity
72,S2_FALL_18,2,1,0.5144989490509033,1,0.2,A0_pose_average,42,sensitivity
73,S2_FALL_19,2,1,0.7343701720237732,1,0.2,A0_pose_average,42,sensitivity
74,S2_FALL_20,2,1,0.8776023983955383,1,0.2,A0_pose_average,42,sensitivity
75,S2_FALL_21,2,1,0.9342393279075623,1,0.2,A0_pose_average,42,sensitivity
76,S2_FALL_22,2,1,0.9121928811073303,1,0.2,A0_pose_average,42,sensitivity
77,S2_FALL_23,2,1,0.9049890041351318,1,0.2,A0_pose_average,42,sensitivity
78,S2_FALL_24,2,1,0.9925159811973572,1,0.2,A0_pose_average,42,sensitivity
79,S2_FALL_25,2,1,0.9576541781425476,1,0.2,A0_pose_average,42,sensitivity
80,S3_ADL_01,3,0,0.00019815284758806229,0,0.5,A0_pose_average,42,fixed
81,S3_ADL_02,3,0,0.006191077176481485,0,0.5,A0_pose_average,42,fixed
82,S3_ADL_03,3,0,0.023054100573062897,0,0.5,A0_pose_average,42,fixed
83,S3_ADL_04,3,0,0.0014349424745887518,0,0.5,A0_pose_average,42,fixed
84,S3_ADL_05,3,0,0.638848066329956,1,0.5,A0_pose_average,42,fixed
85,S3_ADL_06,3,0,0.0313190296292305,0,0.5,A0_pose_average,42,fixed
86,S3_ADL_07,3,0,0.00041772527038119733,0,0.5,A0_pose_average,42,fixed
87,S3_ADL_08,3,0,0.9699497818946838,1,0.5,A0_pose_average,42,fixed
88,S3_ADL_09,3,0,0.035390112549066544,0,0.5,A0_pose_average,42,fixed
89,S3_ADL_10,3,0,0.005578690208494663,0,0.5,A0_pose_average,42,fixed
90,S3_ADL_11,3,0,0.018915584310889244,0,0.5,A0_pose_average,42,fixed
91,S3_ADL_12,3,0,0.016061577945947647,0,0.5,A0_pose_average,42,fixed
92,S3_ADL_13,3,0,0.0025492182467132807,0,0.5,A0_pose_average,42,fixed
93,S3_ADL_14,3,0,0.009100577794015408,0,0.5,A0_pose_average,42,fixed
94,S3_ADL_15,3,0,0.011337579227983952,0,0.5,A0_pose_average,42,fixed
95,S3_ADL_16,3,0,0.003796166740357876,0,0.5,A0_pose_average,42,fixed
96,S3_ADL_17,3,0,0.0013717663241550326,0,0.5,A0_pose_average,42,fixed
97,S3_ADL_18,3,0,0.0024379908572882414,0,0.5,A0_pose_average,42,fixed
98,S3_ADL_19,3,0,0.0012851720675826073,0,0.5,A0_pose_average,42,fixed
99,S3_ADL_20,3,0,0.00563042750582099,0,0.5,A0_pose_average,42,fixed
100,S3_ADL_21,3,0,0.00812248419970274,0,0.5,A0_pose_average,42,fixed
101,S3_ADL_22,3,0,0.0006690044538117945,0,0.5,A0_pose_average,42,fixed
102,S3_FALL_01,3,1,0.9392649531364441,1,0.5,A0_pose_average,42,fixed
103,S3_FALL_02,3,1,0.9880595803260803,1,0.5,A0_pose_average,42,fixed
104,S3_FALL_03,3,1,0.9829463958740234,1,0.5,A0_pose_average,42,fixed
105,S3_FALL_04,3,1,0.9562762379646301,1,0.5,A0_pose_average,42,fixed
106,S3_FALL_05,3,1,0.9959081411361694,1,0.5,A0_pose_average,42,fixed
107,S3_FALL_06,3,1,0.8060780763626099,1,0.5,A0_pose_average,42,fixed
108,S3_FALL_07,3,1,0.9256924390792847,1,0.5,A0_pose_average,42,fixed
109,S3_FALL_08,3,1,0.9537005424499512,1,0.5,A0_pose_average,42,fixed
110,S3_FALL_09,3,1,0.9974574446678162,1,0.5,A0_pose_average,42,fixed
111,S3_FALL_10,3,1,0.621439516544342,1,0.5,A0_pose_average,42,fixed
112,S3_FALL_11,3,1,0.9422143697738647,1,0.5,A0_pose_average,42,fixed
113,S3_FALL_12,3,1,0.9370602965354919,1,0.5,A0_pose_average,42,fixed
114,S3_FALL_13,3,1,0.9987524747848511,1,0.5,A0_pose_average,42,fixed
115,S3_FALL_14,3,1,0.9630958437919617,1,0.5,A0_pose_average,42,fixed
116,S3_FALL_15,3,1,0.9657972455024719,1,0.5,A0_pose_average,42,fixed
117,S3_FALL_16,3,1,0.9763743281364441,1,0.5,A0_pose_average,42,fixed
118,S3_FALL_17,3,1,0.9993336796760559,1,0.5,A0_pose_average,42,fixed
119,S3_FALL_18,3,1,0.9999127388000488,1,0.5,A0_pose_average,42,fixed
120,S3_FALL_19,3,1,0.9966338276863098,1,0.5,A0_pose_average,42,fixed
121,S3_FALL_20,3,1,0.9458833336830139,1,0.5,A0_pose_average,42,fixed
122,S3_FALL_21,3,1,0.8830395340919495,1,0.5,A0_pose_average,42,fixed
80,S3_ADL_01,3,0,0.00019815284758806229,0,0.27499999999999997,A0_pose_average,42,balanced
81,S3_ADL_02,3,0,0.006191077176481485,0,0.27499999999999997,A0_pose_average,42,balanced
82,S3_ADL_03,3,0,0.023054100573062897,0,0.27499999999999997,A0_pose_average,42,balanced
83,S3_ADL_04,3,0,0.0014349424745887518,0,0.27499999999999997,A0_pose_average,42,balanced
84,S3_ADL_05,3,0,0.638848066329956,1,0.27499999999999997,A0_pose_average,42,balanced
85,S3_ADL_06,3,0,0.0313190296292305,0,0.27499999999999997,A0_pose_average,42,balanced
86,S3_ADL_07,3,0,0.00041772527038119733,0,0.27499999999999997,A0_pose_average,42,balanced
87,S3_ADL_08,3,0,0.9699497818946838,1,0.27499999999999997,A0_pose_average,42,balanced
88,S3_ADL_09,3,0,0.035390112549066544,0,0.27499999999999997,A0_pose_average,42,balanced
89,S3_ADL_10,3,0,0.005578690208494663,0,0.27499999999999997,A0_pose_average,42,balanced
90,S3_ADL_11,3,0,0.018915584310889244,0,0.27499999999999997,A0_pose_average,42,balanced
91,S3_ADL_12,3,0,0.016061577945947647,0,0.27499999999999997,A0_pose_average,42,balanced
92,S3_ADL_13,3,0,0.0025492182467132807,0,0.27499999999999997,A0_pose_average,42,balanced
93,S3_ADL_14,3,0,0.009100577794015408,0,0.27499999999999997,A0_pose_average,42,balanced
94,S3_ADL_15,3,0,0.011337579227983952,0,0.27499999999999997,A0_pose_average,42,balanced
95,S3_ADL_16,3,0,0.003796166740357876,0,0.27499999999999997,A0_pose_average,42,balanced
96,S3_ADL_17,3,0,0.0013717663241550326,0,0.27499999999999997,A0_pose_average,42,balanced
97,S3_ADL_18,3,0,0.0024379908572882414,0,0.27499999999999997,A0_pose_average,42,balanced
98,S3_ADL_19,3,0,0.0012851720675826073,0,0.27499999999999997,A0_pose_average,42,balanced
99,S3_ADL_20,3,0,0.00563042750582099,0,0.27499999999999997,A0_pose_average,42,balanced
100,S3_ADL_21,3,0,0.00812248419970274,0,0.27499999999999997,A0_pose_average,42,balanced
101,S3_ADL_22,3,0,0.0006690044538117945,0,0.27499999999999997,A0_pose_average,42,balanced
102,S3_FALL_01,3,1,0.9392649531364441,1,0.27499999999999997,A0_pose_average,42,balanced
103,S3_FALL_02,3,1,0.9880595803260803,1,0.27499999999999997,A0_pose_average,42,balanced
104,S3_FALL_03,3,1,0.9829463958740234,1,0.27499999999999997,A0_pose_average,42,balanced
105,S3_FALL_04,3,1,0.9562762379646301,1,0.27499999999999997,A0_pose_average,42,balanced
106,S3_FALL_05,3,1,0.9959081411361694,1,0.27499999999999997,A0_pose_average,42,balanced
107,S3_FALL_06,3,1,0.8060780763626099,1,0.27499999999999997,A0_pose_average,42,balanced
108,S3_FALL_07,3,1,0.9256924390792847,1,0.27499999999999997,A0_pose_average,42,balanced
109,S3_FALL_08,3,1,0.9537005424499512,1,0.27499999999999997,A0_pose_average,42,balanced
110,S3_FALL_09,3,1,0.9974574446678162,1,0.27499999999999997,A0_pose_average,42,balanced
111,S3_FALL_10,3,1,0.621439516544342,1,0.27499999999999997,A0_pose_average,42,balanced
112,S3_FALL_11,3,1,0.9422143697738647,1,0.27499999999999997,A0_pose_average,42,balanced
113,S3_FALL_12,3,1,0.9370602965354919,1,0.27499999999999997,A0_pose_average,42,balanced
114,S3_FALL_13,3,1,0.9987524747848511,1,0.27499999999999997,A0_pose_average,42,balanced
115,S3_FALL_14,3,1,0.9630958437919617,1,0.27499999999999997,A0_pose_average,42,balanced
116,S3_FALL_15,3,1,0.9657972455024719,1,0.27499999999999997,A0_pose_average,42,balanced
117,S3_FALL_16,3,1,0.9763743281364441,1,0.27499999999999997,A0_pose_average,42,balanced
118,S3_FALL_17,3,1,0.9993336796760559,1,0.27499999999999997,A0_pose_average,42,balanced
119,S3_FALL_18,3,1,0.9999127388000488,1,0.27499999999999997,A0_pose_average,42,balanced
120,S3_FALL_19,3,1,0.9966338276863098,1,0.27499999999999997,A0_pose_average,42,balanced
121,S3_FALL_20,3,1,0.9458833336830139,1,0.27499999999999997,A0_pose_average,42,balanced
122,S3_FALL_21,3,1,0.8830395340919495,1,0.27499999999999997,A0_pose_average,42,balanced
80,S3_ADL_01,3,0,0.00019815284758806229,0,0.27499999999999997,A0_pose_average,42,sensitivity
81,S3_ADL_02,3,0,0.006191077176481485,0,0.27499999999999997,A0_pose_average,42,sensitivity
82,S3_ADL_03,3,0,0.023054100573062897,0,0.27499999999999997,A0_pose_average,42,sensitivity
83,S3_ADL_04,3,0,0.0014349424745887518,0,0.27499999999999997,A0_pose_average,42,sensitivity
84,S3_ADL_05,3,0,0.638848066329956,1,0.27499999999999997,A0_pose_average,42,sensitivity
85,S3_ADL_06,3,0,0.0313190296292305,0,0.27499999999999997,A0_pose_average,42,sensitivity
86,S3_ADL_07,3,0,0.00041772527038119733,0,0.27499999999999997,A0_pose_average,42,sensitivity
87,S3_ADL_08,3,0,0.9699497818946838,1,0.27499999999999997,A0_pose_average,42,sensitivity
88,S3_ADL_09,3,0,0.035390112549066544,0,0.27499999999999997,A0_pose_average,42,sensitivity
89,S3_ADL_10,3,0,0.005578690208494663,0,0.27499999999999997,A0_pose_average,42,sensitivity
90,S3_ADL_11,3,0,0.018915584310889244,0,0.27499999999999997,A0_pose_average,42,sensitivity
91,S3_ADL_12,3,0,0.016061577945947647,0,0.27499999999999997,A0_pose_average,42,sensitivity
92,S3_ADL_13,3,0,0.0025492182467132807,0,0.27499999999999997,A0_pose_average,42,sensitivity
93,S3_ADL_14,3,0,0.009100577794015408,0,0.27499999999999997,A0_pose_average,42,sensitivity
94,S3_ADL_15,3,0,0.011337579227983952,0,0.27499999999999997,A0_pose_average,42,sensitivity
95,S3_ADL_16,3,0,0.003796166740357876,0,0.27499999999999997,A0_pose_average,42,sensitivity
96,S3_ADL_17,3,0,0.0013717663241550326,0,0.27499999999999997,A0_pose_average,42,sensitivity
97,S3_ADL_18,3,0,0.0024379908572882414,0,0.27499999999999997,A0_pose_average,42,sensitivity
98,S3_ADL_19,3,0,0.0012851720675826073,0,0.27499999999999997,A0_pose_average,42,sensitivity
99,S3_ADL_20,3,0,0.00563042750582099,0,0.27499999999999997,A0_pose_average,42,sensitivity
100,S3_ADL_21,3,0,0.00812248419970274,0,0.27499999999999997,A0_pose_average,42,sensitivity
101,S3_ADL_22,3,0,0.0006690044538117945,0,0.27499999999999997,A0_pose_average,42,sensitivity
102,S3_FALL_01,3,1,0.9392649531364441,1,0.27499999999999997,A0_pose_average,42,sensitivity
103,S3_FALL_02,3,1,0.9880595803260803,1,0.27499999999999997,A0_pose_average,42,sensitivity
104,S3_FALL_03,3,1,0.9829463958740234,1,0.27499999999999997,A0_pose_average,42,sensitivity
105,S3_FALL_04,3,1,0.9562762379646301,1,0.27499999999999997,A0_pose_average,42,sensitivity
106,S3_FALL_05,3,1,0.9959081411361694,1,0.27499999999999997,A0_pose_average,42,sensitivity
107,S3_FALL_06,3,1,0.8060780763626099,1,0.27499999999999997,A0_pose_average,42,sensitivity
108,S3_FALL_07,3,1,0.9256924390792847,1,0.27499999999999997,A0_pose_average,42,sensitivity
109,S3_FALL_08,3,1,0.9537005424499512,1,0.27499999999999997,A0_pose_average,42,sensitivity
110,S3_FALL_09,3,1,0.9974574446678162,1,0.27499999999999997,A0_pose_average,42,sensitivity
111,S3_FALL_10,3,1,0.621439516544342,1,0.27499999999999997,A0_pose_average,42,sensitivity
112,S3_FALL_11,3,1,0.9422143697738647,1,0.27499999999999997,A0_pose_average,42,sensitivity
113,S3_FALL_12,3,1,0.9370602965354919,1,0.27499999999999997,A0_pose_average,42,sensitivity
114,S3_FALL_13,3,1,0.9987524747848511,1,0.27499999999999997,A0_pose_average,42,sensitivity
115,S3_FALL_14,3,1,0.9630958437919617,1,0.27499999999999997,A0_pose_average,42,sensitivity
116,S3_FALL_15,3,1,0.9657972455024719,1,0.27499999999999997,A0_pose_average,42,sensitivity
117,S3_FALL_16,3,1,0.9763743281364441,1,0.27499999999999997,A0_pose_average,42,sensitivity
118,S3_FALL_17,3,1,0.9993336796760559,1,0.27499999999999997,A0_pose_average,42,sensitivity
119,S3_FALL_18,3,1,0.9999127388000488,1,0.27499999999999997,A0_pose_average,42,sensitivity
120,S3_FALL_19,3,1,0.9966338276863098,1,0.27499999999999997,A0_pose_average,42,sensitivity
121,S3_FALL_20,3,1,0.9458833336830139,1,0.27499999999999997,A0_pose_average,42,sensitivity
122,S3_FALL_21,3,1,0.8830395340919495,1,0.27499999999999997,A0_pose_average,42,sensitivity
123,S4_ADL_01,4,0,0.015507914125919342,0,0.5,A0_pose_average,42,fixed
124,S4_ADL_02,4,0,0.010902210138738155,0,0.5,A0_pose_average,42,fixed
125,S4_ADL_03,4,0,0.10314612835645676,0,0.5,A0_pose_average,42,fixed
126,S4_ADL_04,4,0,0.1351415067911148,0,0.5,A0_pose_average,42,fixed
127,S4_ADL_05,4,0,0.9991698265075684,1,0.5,A0_pose_average,42,fixed
128,S4_ADL_06,4,0,0.899444580078125,1,0.5,A0_pose_average,42,fixed
129,S4_ADL_07,4,0,0.9289742708206177,1,0.5,A0_pose_average,42,fixed
130,S4_ADL_08,4,0,0.0017188125057145953,0,0.5,A0_pose_average,42,fixed
131,S4_ADL_09,4,0,0.007593512535095215,0,0.5,A0_pose_average,42,fixed
132,S4_ADL_10,4,0,0.9819539785385132,1,0.5,A0_pose_average,42,fixed
133,S4_ADL_11,4,0,0.008114539086818695,0,0.5,A0_pose_average,42,fixed
134,S4_ADL_12,4,0,0.001202476560138166,0,0.5,A0_pose_average,42,fixed
135,S4_ADL_13,4,0,0.0395885705947876,0,0.5,A0_pose_average,42,fixed
136,S4_ADL_14,4,0,0.06002664193511009,0,0.5,A0_pose_average,42,fixed
137,S4_ADL_15,4,0,0.7878485321998596,1,0.5,A0_pose_average,42,fixed
138,S4_ADL_16,4,0,0.8911340236663818,1,0.5,A0_pose_average,42,fixed
139,S4_ADL_17,4,0,0.08030020445585251,0,0.5,A0_pose_average,42,fixed
140,S4_ADL_18,4,0,0.014678937382996082,0,0.5,A0_pose_average,42,fixed
141,S4_ADL_19,4,0,0.02432139962911606,0,0.5,A0_pose_average,42,fixed
142,S4_ADL_20,4,0,0.050459377467632294,0,0.5,A0_pose_average,42,fixed
143,S4_FALL_01,4,1,0.8378017544746399,1,0.5,A0_pose_average,42,fixed
144,S4_FALL_02,4,1,0.6611343026161194,1,0.5,A0_pose_average,42,fixed
145,S4_FALL_03,4,1,0.925071120262146,1,0.5,A0_pose_average,42,fixed
146,S4_FALL_04,4,1,0.9313664436340332,1,0.5,A0_pose_average,42,fixed
147,S4_FALL_05,4,1,0.9127922058105469,1,0.5,A0_pose_average,42,fixed
148,S4_FALL_06,4,1,0.8160351514816284,1,0.5,A0_pose_average,42,fixed
149,S4_FALL_07,4,1,0.9114687442779541,1,0.5,A0_pose_average,42,fixed
150,S4_FALL_08,4,1,0.9993983507156372,1,0.5,A0_pose_average,42,fixed
151,S4_FALL_09,4,1,0.9999061822891235,1,0.5,A0_pose_average,42,fixed
152,S4_FALL_10,4,1,0.8645846247673035,1,0.5,A0_pose_average,42,fixed
153,S4_FALL_11,4,1,0.9398618340492249,1,0.5,A0_pose_average,42,fixed
154,S4_FALL_12,4,1,0.982781708240509,1,0.5,A0_pose_average,42,fixed
155,S4_FALL_13,4,1,0.6378868818283081,1,0.5,A0_pose_average,42,fixed
156,S4_FALL_14,4,1,0.8439433574676514,1,0.5,A0_pose_average,42,fixed
157,S4_FALL_15,4,1,0.9999998807907104,1,0.5,A0_pose_average,42,fixed
158,S4_FALL_16,4,1,0.995570719242096,1,0.5,A0_pose_average,42,fixed
159,S4_FALL_17,4,1,0.998896598815918,1,0.5,A0_pose_average,42,fixed
123,S4_ADL_01,4,0,0.015507914125919342,0,0.49999999999999994,A0_pose_average,42,balanced
124,S4_ADL_02,4,0,0.010902210138738155,0,0.49999999999999994,A0_pose_average,42,balanced
125,S4_ADL_03,4,0,0.10314612835645676,0,0.49999999999999994,A0_pose_average,42,balanced
126,S4_ADL_04,4,0,0.1351415067911148,0,0.49999999999999994,A0_pose_average,42,balanced
127,S4_ADL_05,4,0,0.9991698265075684,1,0.49999999999999994,A0_pose_average,42,balanced
128,S4_ADL_06,4,0,0.899444580078125,1,0.49999999999999994,A0_pose_average,42,balanced
129,S4_ADL_07,4,0,0.9289742708206177,1,0.49999999999999994,A0_pose_average,42,balanced
130,S4_ADL_08,4,0,0.0017188125057145953,0,0.49999999999999994,A0_pose_average,42,balanced
131,S4_ADL_09,4,0,0.007593512535095215,0,0.49999999999999994,A0_pose_average,42,balanced
132,S4_ADL_10,4,0,0.9819539785385132,1,0.49999999999999994,A0_pose_average,42,balanced
133,S4_ADL_11,4,0,0.008114539086818695,0,0.49999999999999994,A0_pose_average,42,balanced
134,S4_ADL_12,4,0,0.001202476560138166,0,0.49999999999999994,A0_pose_average,42,balanced
135,S4_ADL_13,4,0,0.0395885705947876,0,0.49999999999999994,A0_pose_average,42,balanced
136,S4_ADL_14,4,0,0.06002664193511009,0,0.49999999999999994,A0_pose_average,42,balanced
137,S4_ADL_15,4,0,0.7878485321998596,1,0.49999999999999994,A0_pose_average,42,balanced
138,S4_ADL_16,4,0,0.8911340236663818,1,0.49999999999999994,A0_pose_average,42,balanced
139,S4_ADL_17,4,0,0.08030020445585251,0,0.49999999999999994,A0_pose_average,42,balanced
140,S4_ADL_18,4,0,0.014678937382996082,0,0.49999999999999994,A0_pose_average,42,balanced
141,S4_ADL_19,4,0,0.02432139962911606,0,0.49999999999999994,A0_pose_average,42,balanced
142,S4_ADL_20,4,0,0.050459377467632294,0,0.49999999999999994,A0_pose_average,42,balanced
143,S4_FALL_01,4,1,0.8378017544746399,1,0.49999999999999994,A0_pose_average,42,balanced
144,S4_FALL_02,4,1,0.6611343026161194,1,0.49999999999999994,A0_pose_average,42,balanced
145,S4_FALL_03,4,1,0.925071120262146,1,0.49999999999999994,A0_pose_average,42,balanced
146,S4_FALL_04,4,1,0.9313664436340332,1,0.49999999999999994,A0_pose_average,42,balanced
147,S4_FALL_05,4,1,0.9127922058105469,1,0.49999999999999994,A0_pose_average,42,balanced
148,S4_FALL_06,4,1,0.8160351514816284,1,0.49999999999999994,A0_pose_average,42,balanced
149,S4_FALL_07,4,1,0.9114687442779541,1,0.49999999999999994,A0_pose_average,42,balanced
150,S4_FALL_08,4,1,0.9993983507156372,1,0.49999999999999994,A0_pose_average,42,balanced
151,S4_FALL_09,4,1,0.9999061822891235,1,0.49999999999999994,A0_pose_average,42,balanced
152,S4_FALL_10,4,1,0.8645846247673035,1,0.49999999999999994,A0_pose_average,42,balanced
153,S4_FALL_11,4,1,0.9398618340492249,1,0.49999999999999994,A0_pose_average,42,balanced
154,S4_FALL_12,4,1,0.982781708240509,1,0.49999999999999994,A0_pose_average,42,balanced
155,S4_FALL_13,4,1,0.6378868818283081,1,0.49999999999999994,A0_pose_average,42,balanced
156,S4_FALL_14,4,1,0.8439433574676514,1,0.49999999999999994,A0_pose_average,42,balanced
157,S4_FALL_15,4,1,0.9999998807907104,1,0.49999999999999994,A0_pose_average,42,balanced
158,S4_FALL_16,4,1,0.995570719242096,1,0.49999999999999994,A0_pose_average,42,balanced
159,S4_FALL_17,4,1,0.998896598815918,1,0.49999999999999994,A0_pose_average,42,balanced
123,S4_ADL_01,4,0,0.015507914125919342,0,0.32499999999999996,A0_pose_average,42,sensitivity
124,S4_ADL_02,4,0,0.010902210138738155,0,0.32499999999999996,A0_pose_average,42,sensitivity
125,S4_ADL_03,4,0,0.10314612835645676,0,0.32499999999999996,A0_pose_average,42,sensitivity
126,S4_ADL_04,4,0,0.1351415067911148,0,0.32499999999999996,A0_pose_average,42,sensitivity
127,S4_ADL_05,4,0,0.9991698265075684,1,0.32499999999999996,A0_pose_average,42,sensitivity
128,S4_ADL_06,4,0,0.899444580078125,1,0.32499999999999996,A0_pose_average,42,sensitivity
129,S4_ADL_07,4,0,0.9289742708206177,1,0.32499999999999996,A0_pose_average,42,sensitivity
130,S4_ADL_08,4,0,0.0017188125057145953,0,0.32499999999999996,A0_pose_average,42,sensitivity
131,S4_ADL_09,4,0,0.007593512535095215,0,0.32499999999999996,A0_pose_average,42,sensitivity
132,S4_ADL_10,4,0,0.9819539785385132,1,0.32499999999999996,A0_pose_average,42,sensitivity
133,S4_ADL_11,4,0,0.008114539086818695,0,0.32499999999999996,A0_pose_average,42,sensitivity
134,S4_ADL_12,4,0,0.001202476560138166,0,0.32499999999999996,A0_pose_average,42,sensitivity
135,S4_ADL_13,4,0,0.0395885705947876,0,0.32499999999999996,A0_pose_average,42,sensitivity
136,S4_ADL_14,4,0,0.06002664193511009,0,0.32499999999999996,A0_pose_average,42,sensitivity
137,S4_ADL_15,4,0,0.7878485321998596,1,0.32499999999999996,A0_pose_average,42,sensitivity
138,S4_ADL_16,4,0,0.8911340236663818,1,0.32499999999999996,A0_pose_average,42,sensitivity
139,S4_ADL_17,4,0,0.08030020445585251,0,0.32499999999999996,A0_pose_average,42,sensitivity
140,S4_ADL_18,4,0,0.014678937382996082,0,0.32499999999999996,A0_pose_average,42,sensitivity
141,S4_ADL_19,4,0,0.02432139962911606,0,0.32499999999999996,A0_pose_average,42,sensitivity
142,S4_ADL_20,4,0,0.050459377467632294,0,0.32499999999999996,A0_pose_average,42,sensitivity
143,S4_FALL_01,4,1,0.8378017544746399,1,0.32499999999999996,A0_pose_average,42,sensitivity
144,S4_FALL_02,4,1,0.6611343026161194,1,0.32499999999999996,A0_pose_average,42,sensitivity
145,S4_FALL_03,4,1,0.925071120262146,1,0.32499999999999996,A0_pose_average,42,sensitivity
146,S4_FALL_04,4,1,0.9313664436340332,1,0.32499999999999996,A0_pose_average,42,sensitivity
147,S4_FALL_05,4,1,0.9127922058105469,1,0.32499999999999996,A0_pose_average,42,sensitivity
148,S4_FALL_06,4,1,0.8160351514816284,1,0.32499999999999996,A0_pose_average,42,sensitivity
149,S4_FALL_07,4,1,0.9114687442779541,1,0.32499999999999996,A0_pose_average,42,sensitivity
150,S4_FALL_08,4,1,0.9993983507156372,1,0.32499999999999996,A0_pose_average,42,sensitivity
151,S4_FALL_09,4,1,0.9999061822891235,1,0.32499999999999996,A0_pose_average,42,sensitivity
152,S4_FALL_10,4,1,0.8645846247673035,1,0.32499999999999996,A0_pose_average,42,sensitivity
153,S4_FALL_11,4,1,0.9398618340492249,1,0.32499999999999996,A0_pose_average,42,sensitivity
154,S4_FALL_12,4,1,0.982781708240509,1,0.32499999999999996,A0_pose_average,42,sensitivity
155,S4_FALL_13,4,1,0.6378868818283081,1,0.32499999999999996,A0_pose_average,42,sensitivity
156,S4_FALL_14,4,1,0.8439433574676514,1,0.32499999999999996,A0_pose_average,42,sensitivity
157,S4_FALL_15,4,1,0.9999998807907104,1,0.32499999999999996,A0_pose_average,42,sensitivity
158,S4_FALL_16,4,1,0.995570719242096,1,0.32499999999999996,A0_pose_average,42,sensitivity
159,S4_FALL_17,4,1,0.998896598815918,1,0.32499999999999996,A0_pose_average,42,sensitivity
0,S1_ADL_01,1,0,0.5363891124725342,1,0.5,A1_motion_average,142,fixed
1,S1_ADL_02,1,0,0.8560184836387634,1,0.5,A1_motion_average,142,fixed
2,S1_ADL_03,1,0,0.8649863004684448,1,0.5,A1_motion_average,142,fixed
3,S1_ADL_04,1,0,0.005099344067275524,0,0.5,A1_motion_average,142,fixed
4,S1_ADL_05,1,0,0.0020803636871278286,0,0.5,A1_motion_average,142,fixed
5,S1_ADL_06,1,0,0.011498969979584217,0,0.5,A1_motion_average,142,fixed
6,S1_ADL_07,1,0,0.004050050396472216,0,0.5,A1_motion_average,142,fixed
7,S1_ADL_08,1,0,0.0032052502501755953,0,0.5,A1_motion_average,142,fixed
8,S1_ADL_09,1,0,0.012251930311322212,0,0.5,A1_motion_average,142,fixed
9,S1_ADL_10,1,0,0.002731764456257224,0,0.5,A1_motion_average,142,fixed
10,S1_ADL_11,1,0,0.0036800506059080362,0,0.5,A1_motion_average,142,fixed
11,S1_ADL_12,1,0,0.005148554220795631,0,0.5,A1_motion_average,142,fixed
12,S1_ADL_13,1,0,0.033868927508592606,0,0.5,A1_motion_average,142,fixed
13,S1_ADL_14,1,0,0.03135174140334129,0,0.5,A1_motion_average,142,fixed
14,S1_ADL_15,1,0,0.03118353709578514,0,0.5,A1_motion_average,142,fixed
15,S1_ADL_16,1,0,0.009682507254183292,0,0.5,A1_motion_average,142,fixed
16,S1_FALL_01,1,1,0.9984377026557922,1,0.5,A1_motion_average,142,fixed
17,S1_FALL_02,1,1,0.9998201727867126,1,0.5,A1_motion_average,142,fixed
18,S1_FALL_03,1,1,0.9984667301177979,1,0.5,A1_motion_average,142,fixed
19,S1_FALL_04,1,1,0.9997953772544861,1,0.5,A1_motion_average,142,fixed
20,S1_FALL_05,1,1,0.9995821118354797,1,0.5,A1_motion_average,142,fixed
21,S1_FALL_06,1,1,0.9990642666816711,1,0.5,A1_motion_average,142,fixed
22,S1_FALL_07,1,1,0.9890909790992737,1,0.5,A1_motion_average,142,fixed
23,S1_FALL_08,1,1,0.9997467398643494,1,0.5,A1_motion_average,142,fixed
24,S1_FALL_09,1,1,0.9999845027923584,1,0.5,A1_motion_average,142,fixed
25,S1_FALL_10,1,1,0.998943030834198,1,0.5,A1_motion_average,142,fixed
26,S1_FALL_11,1,1,0.9597346782684326,1,0.5,A1_motion_average,142,fixed
27,S1_FALL_12,1,1,0.9977600574493408,1,0.5,A1_motion_average,142,fixed
28,S1_FALL_13,1,1,0.8569546937942505,1,0.5,A1_motion_average,142,fixed
29,S1_FALL_14,1,1,0.968207597732544,1,0.5,A1_motion_average,142,fixed
30,S1_FALL_15,1,1,0.8423163890838623,1,0.5,A1_motion_average,142,fixed
31,S1_FALL_16,1,1,0.977946937084198,1,0.5,A1_motion_average,142,fixed
0,S1_ADL_01,1,0,0.5363891124725342,1,0.35,A1_motion_average,142,balanced
1,S1_ADL_02,1,0,0.8560184836387634,1,0.35,A1_motion_average,142,balanced
2,S1_ADL_03,1,0,0.8649863004684448,1,0.35,A1_motion_average,142,balanced
3,S1_ADL_04,1,0,0.005099344067275524,0,0.35,A1_motion_average,142,balanced
4,S1_ADL_05,1,0,0.0020803636871278286,0,0.35,A1_motion_average,142,balanced
5,S1_ADL_06,1,0,0.011498969979584217,0,0.35,A1_motion_average,142,balanced
6,S1_ADL_07,1,0,0.004050050396472216,0,0.35,A1_motion_average,142,balanced
7,S1_ADL_08,1,0,0.0032052502501755953,0,0.35,A1_motion_average,142,balanced
8,S1_ADL_09,1,0,0.012251930311322212,0,0.35,A1_motion_average,142,balanced
9,S1_ADL_10,1,0,0.002731764456257224,0,0.35,A1_motion_average,142,balanced
10,S1_ADL_11,1,0,0.0036800506059080362,0,0.35,A1_motion_average,142,balanced
11,S1_ADL_12,1,0,0.005148554220795631,0,0.35,A1_motion_average,142,balanced
12,S1_ADL_13,1,0,0.033868927508592606,0,0.35,A1_motion_average,142,balanced
13,S1_ADL_14,1,0,0.03135174140334129,0,0.35,A1_motion_average,142,balanced
14,S1_ADL_15,1,0,0.03118353709578514,0,0.35,A1_motion_average,142,balanced
15,S1_ADL_16,1,0,0.009682507254183292,0,0.35,A1_motion_average,142,balanced
16,S1_FALL_01,1,1,0.9984377026557922,1,0.35,A1_motion_average,142,balanced
17,S1_FALL_02,1,1,0.9998201727867126,1,0.35,A1_motion_average,142,balanced
18,S1_FALL_03,1,1,0.9984667301177979,1,0.35,A1_motion_average,142,balanced
19,S1_FALL_04,1,1,0.9997953772544861,1,0.35,A1_motion_average,142,balanced
20,S1_FALL_05,1,1,0.9995821118354797,1,0.35,A1_motion_average,142,balanced
21,S1_FALL_06,1,1,0.9990642666816711,1,0.35,A1_motion_average,142,balanced
22,S1_FALL_07,1,1,0.9890909790992737,1,0.35,A1_motion_average,142,balanced
23,S1_FALL_08,1,1,0.9997467398643494,1,0.35,A1_motion_average,142,balanced
24,S1_FALL_09,1,1,0.9999845027923584,1,0.35,A1_motion_average,142,balanced
25,S1_FALL_10,1,1,0.998943030834198,1,0.35,A1_motion_average,142,balanced
26,S1_FALL_11,1,1,0.9597346782684326,1,0.35,A1_motion_average,142,balanced
27,S1_FALL_12,1,1,0.9977600574493408,1,0.35,A1_motion_average,142,balanced
28,S1_FALL_13,1,1,0.8569546937942505,1,0.35,A1_motion_average,142,balanced
29,S1_FALL_14,1,1,0.968207597732544,1,0.35,A1_motion_average,142,balanced
30,S1_FALL_15,1,1,0.8423163890838623,1,0.35,A1_motion_average,142,balanced
31,S1_FALL_16,1,1,0.977946937084198,1,0.35,A1_motion_average,142,balanced
0,S1_ADL_01,1,0,0.5363891124725342,1,0.25,A1_motion_average,142,sensitivity
1,S1_ADL_02,1,0,0.8560184836387634,1,0.25,A1_motion_average,142,sensitivity
2,S1_ADL_03,1,0,0.8649863004684448,1,0.25,A1_motion_average,142,sensitivity
3,S1_ADL_04,1,0,0.005099344067275524,0,0.25,A1_motion_average,142,sensitivity
4,S1_ADL_05,1,0,0.0020803636871278286,0,0.25,A1_motion_average,142,sensitivity
5,S1_ADL_06,1,0,0.011498969979584217,0,0.25,A1_motion_average,142,sensitivity
6,S1_ADL_07,1,0,0.004050050396472216,0,0.25,A1_motion_average,142,sensitivity
7,S1_ADL_08,1,0,0.0032052502501755953,0,0.25,A1_motion_average,142,sensitivity
8,S1_ADL_09,1,0,0.012251930311322212,0,0.25,A1_motion_average,142,sensitivity
9,S1_ADL_10,1,0,0.002731764456257224,0,0.25,A1_motion_average,142,sensitivity
10,S1_ADL_11,1,0,0.0036800506059080362,0,0.25,A1_motion_average,142,sensitivity
11,S1_ADL_12,1,0,0.005148554220795631,0,0.25,A1_motion_average,142,sensitivity
12,S1_ADL_13,1,0,0.033868927508592606,0,0.25,A1_motion_average,142,sensitivity
13,S1_ADL_14,1,0,0.03135174140334129,0,0.25,A1_motion_average,142,sensitivity
14,S1_ADL_15,1,0,0.03118353709578514,0,0.25,A1_motion_average,142,sensitivity
15,S1_ADL_16,1,0,0.009682507254183292,0,0.25,A1_motion_average,142,sensitivity
16,S1_FALL_01,1,1,0.9984377026557922,1,0.25,A1_motion_average,142,sensitivity
17,S1_FALL_02,1,1,0.9998201727867126,1,0.25,A1_motion_average,142,sensitivity
18,S1_FALL_03,1,1,0.9984667301177979,1,0.25,A1_motion_average,142,sensitivity
19,S1_FALL_04,1,1,0.9997953772544861,1,0.25,A1_motion_average,142,sensitivity
20,S1_FALL_05,1,1,0.9995821118354797,1,0.25,A1_motion_average,142,sensitivity
21,S1_FALL_06,1,1,0.9990642666816711,1,0.25,A1_motion_average,142,sensitivity
22,S1_FALL_07,1,1,0.9890909790992737,1,0.25,A1_motion_average,142,sensitivity
23,S1_FALL_08,1,1,0.9997467398643494,1,0.25,A1_motion_average,142,sensitivity
24,S1_FALL_09,1,1,0.9999845027923584,1,0.25,A1_motion_average,142,sensitivity
25,S1_FALL_10,1,1,0.998943030834198,1,0.25,A1_motion_average,142,sensitivity
26,S1_FALL_11,1,1,0.9597346782684326,1,0.25,A1_motion_average,142,sensitivity
27,S1_FALL_12,1,1,0.9977600574493408,1,0.25,A1_motion_average,142,sensitivity
28,S1_FALL_13,1,1,0.8569546937942505,1,0.25,A1_motion_average,142,sensitivity
29,S1_FALL_14,1,1,0.968207597732544,1,0.25,A1_motion_average,142,sensitivity
30,S1_FALL_15,1,1,0.8423163890838623,1,0.25,A1_motion_average,142,sensitivity
31,S1_FALL_16,1,1,0.977946937084198,1,0.25,A1_motion_average,142,sensitivity
32,S2_ADL_01,2,0,0.6975505948066711,1,0.5,A1_motion_average,142,fixed
33,S2_ADL_02,2,0,0.18076588213443756,0,0.5,A1_motion_average,142,fixed
34,S2_ADL_03,2,0,0.2916331887245178,0,0.5,A1_motion_average,142,fixed
35,S2_ADL_04,2,0,0.30584871768951416,0,0.5,A1_motion_average,142,fixed
36,S2_ADL_05,2,0,0.6589518189430237,1,0.5,A1_motion_average,142,fixed
37,S2_ADL_06,2,0,0.37407416105270386,0,0.5,A1_motion_average,142,fixed
38,S2_ADL_07,2,0,0.0989319384098053,0,0.5,A1_motion_average,142,fixed
39,S2_ADL_08,2,0,0.24068991839885712,0,0.5,A1_motion_average,142,fixed
40,S2_ADL_09,2,0,0.22511036694049835,0,0.5,A1_motion_average,142,fixed
41,S2_ADL_10,2,0,0.5929868817329407,1,0.5,A1_motion_average,142,fixed
42,S2_ADL_11,2,0,0.03888991102576256,0,0.5,A1_motion_average,142,fixed
43,S2_ADL_12,2,0,0.4184096157550812,0,0.5,A1_motion_average,142,fixed
44,S2_ADL_13,2,0,0.0657314583659172,0,0.5,A1_motion_average,142,fixed
45,S2_ADL_14,2,0,0.25185349583625793,0,0.5,A1_motion_average,142,fixed
46,S2_ADL_15,2,0,0.039631642401218414,0,0.5,A1_motion_average,142,fixed
47,S2_ADL_16,2,0,0.47318437695503235,0,0.5,A1_motion_average,142,fixed
48,S2_ADL_17,2,0,0.0908009260892868,0,0.5,A1_motion_average,142,fixed
49,S2_ADL_18,2,0,0.04871638864278793,0,0.5,A1_motion_average,142,fixed
50,S2_ADL_19,2,0,0.12810547649860382,0,0.5,A1_motion_average,142,fixed
51,S2_ADL_20,2,0,0.021578582003712654,0,0.5,A1_motion_average,142,fixed
52,S2_ADL_21,2,0,0.1443738043308258,0,0.5,A1_motion_average,142,fixed
53,S2_ADL_22,2,0,0.6838754415512085,1,0.5,A1_motion_average,142,fixed
54,S2_ADL_23,2,0,0.12817268073558807,0,0.5,A1_motion_average,142,fixed
55,S2_FALL_01,2,1,0.9475349187850952,1,0.5,A1_motion_average,142,fixed
56,S2_FALL_02,2,1,0.970407247543335,1,0.5,A1_motion_average,142,fixed
57,S2_FALL_03,2,1,0.637444257736206,1,0.5,A1_motion_average,142,fixed
58,S2_FALL_04,2,1,0.9733564853668213,1,0.5,A1_motion_average,142,fixed
59,S2_FALL_05,2,1,0.9567050337791443,1,0.5,A1_motion_average,142,fixed
60,S2_FALL_06,2,1,0.8266783952713013,1,0.5,A1_motion_average,142,fixed
61,S2_FALL_07,2,1,0.8973885774612427,1,0.5,A1_motion_average,142,fixed
62,S2_FALL_08,2,1,0.7140882015228271,1,0.5,A1_motion_average,142,fixed
63,S2_FALL_09,2,1,0.9141441583633423,1,0.5,A1_motion_average,142,fixed
64,S2_FALL_10,2,1,0.9831370711326599,1,0.5,A1_motion_average,142,fixed
65,S2_FALL_11,2,1,0.8828890919685364,1,0.5,A1_motion_average,142,fixed
66,S2_FALL_12,2,1,0.8317395448684692,1,0.5,A1_motion_average,142,fixed
67,S2_FALL_13,2,1,0.882261335849762,1,0.5,A1_motion_average,142,fixed
68,S2_FALL_14,2,1,0.8274945020675659,1,0.5,A1_motion_average,142,fixed
69,S2_FALL_15,2,1,0.5288969874382019,1,0.5,A1_motion_average,142,fixed
70,S2_FALL_16,2,1,0.9951076507568359,1,0.5,A1_motion_average,142,fixed
71,S2_FALL_17,2,1,0.9918925762176514,1,0.5,A1_motion_average,142,fixed
72,S2_FALL_18,2,1,0.5232255458831787,1,0.5,A1_motion_average,142,fixed
73,S2_FALL_19,2,1,0.5829618573188782,1,0.5,A1_motion_average,142,fixed
74,S2_FALL_20,2,1,0.7211045622825623,1,0.5,A1_motion_average,142,fixed
75,S2_FALL_21,2,1,0.9539586901664734,1,0.5,A1_motion_average,142,fixed
76,S2_FALL_22,2,1,0.9964485168457031,1,0.5,A1_motion_average,142,fixed
77,S2_FALL_23,2,1,0.9283345341682434,1,0.5,A1_motion_average,142,fixed
78,S2_FALL_24,2,1,0.9670727849006653,1,0.5,A1_motion_average,142,fixed
79,S2_FALL_25,2,1,0.9829043745994568,1,0.5,A1_motion_average,142,fixed
32,S2_ADL_01,2,0,0.6975505948066711,1,0.39999999999999997,A1_motion_average,142,balanced
33,S2_ADL_02,2,0,0.18076588213443756,0,0.39999999999999997,A1_motion_average,142,balanced
34,S2_ADL_03,2,0,0.2916331887245178,0,0.39999999999999997,A1_motion_average,142,balanced
35,S2_ADL_04,2,0,0.30584871768951416,0,0.39999999999999997,A1_motion_average,142,balanced
36,S2_ADL_05,2,0,0.6589518189430237,1,0.39999999999999997,A1_motion_average,142,balanced
37,S2_ADL_06,2,0,0.37407416105270386,0,0.39999999999999997,A1_motion_average,142,balanced
38,S2_ADL_07,2,0,0.0989319384098053,0,0.39999999999999997,A1_motion_average,142,balanced
39,S2_ADL_08,2,0,0.24068991839885712,0,0.39999999999999997,A1_motion_average,142,balanced
40,S2_ADL_09,2,0,0.22511036694049835,0,0.39999999999999997,A1_motion_average,142,balanced
41,S2_ADL_10,2,0,0.5929868817329407,1,0.39999999999999997,A1_motion_average,142,balanced
42,S2_ADL_11,2,0,0.03888991102576256,0,0.39999999999999997,A1_motion_average,142,balanced
43,S2_ADL_12,2,0,0.4184096157550812,1,0.39999999999999997,A1_motion_average,142,balanced
44,S2_ADL_13,2,0,0.0657314583659172,0,0.39999999999999997,A1_motion_average,142,balanced
45,S2_ADL_14,2,0,0.25185349583625793,0,0.39999999999999997,A1_motion_average,142,balanced
46,S2_ADL_15,2,0,0.039631642401218414,0,0.39999999999999997,A1_motion_average,142,balanced
47,S2_ADL_16,2,0,0.47318437695503235,1,0.39999999999999997,A1_motion_average,142,balanced
48,S2_ADL_17,2,0,0.0908009260892868,0,0.39999999999999997,A1_motion_average,142,balanced
49,S2_ADL_18,2,0,0.04871638864278793,0,0.39999999999999997,A1_motion_average,142,balanced
50,S2_ADL_19,2,0,0.12810547649860382,0,0.39999999999999997,A1_motion_average,142,balanced
51,S2_ADL_20,2,0,0.021578582003712654,0,0.39999999999999997,A1_motion_average,142,balanced
52,S2_ADL_21,2,0,0.1443738043308258,0,0.39999999999999997,A1_motion_average,142,balanced
53,S2_ADL_22,2,0,0.6838754415512085,1,0.39999999999999997,A1_motion_average,142,balanced
54,S2_ADL_23,2,0,0.12817268073558807,0,0.39999999999999997,A1_motion_average,142,balanced
55,S2_FALL_01,2,1,0.9475349187850952,1,0.39999999999999997,A1_motion_average,142,balanced
56,S2_FALL_02,2,1,0.970407247543335,1,0.39999999999999997,A1_motion_average,142,balanced
57,S2_FALL_03,2,1,0.637444257736206,1,0.39999999999999997,A1_motion_average,142,balanced
58,S2_FALL_04,2,1,0.9733564853668213,1,0.39999999999999997,A1_motion_average,142,balanced
59,S2_FALL_05,2,1,0.9567050337791443,1,0.39999999999999997,A1_motion_average,142,balanced
60,S2_FALL_06,2,1,0.8266783952713013,1,0.39999999999999997,A1_motion_average,142,balanced
61,S2_FALL_07,2,1,0.8973885774612427,1,0.39999999999999997,A1_motion_average,142,balanced
62,S2_FALL_08,2,1,0.7140882015228271,1,0.39999999999999997,A1_motion_average,142,balanced
63,S2_FALL_09,2,1,0.9141441583633423,1,0.39999999999999997,A1_motion_average,142,balanced
64,S2_FALL_10,2,1,0.9831370711326599,1,0.39999999999999997,A1_motion_average,142,balanced
65,S2_FALL_11,2,1,0.8828890919685364,1,0.39999999999999997,A1_motion_average,142,balanced
66,S2_FALL_12,2,1,0.8317395448684692,1,0.39999999999999997,A1_motion_average,142,balanced
67,S2_FALL_13,2,1,0.882261335849762,1,0.39999999999999997,A1_motion_average,142,balanced
68,S2_FALL_14,2,1,0.8274945020675659,1,0.39999999999999997,A1_motion_average,142,balanced
69,S2_FALL_15,2,1,0.5288969874382019,1,0.39999999999999997,A1_motion_average,142,balanced
70,S2_FALL_16,2,1,0.9951076507568359,1,0.39999999999999997,A1_motion_average,142,balanced
71,S2_FALL_17,2,1,0.9918925762176514,1,0.39999999999999997,A1_motion_average,142,balanced
72,S2_FALL_18,2,1,0.5232255458831787,1,0.39999999999999997,A1_motion_average,142,balanced
73,S2_FALL_19,2,1,0.5829618573188782,1,0.39999999999999997,A1_motion_average,142,balanced
74,S2_FALL_20,2,1,0.7211045622825623,1,0.39999999999999997,A1_motion_average,142,balanced
75,S2_FALL_21,2,1,0.9539586901664734,1,0.39999999999999997,A1_motion_average,142,balanced
76,S2_FALL_22,2,1,0.9964485168457031,1,0.39999999999999997,A1_motion_average,142,balanced
77,S2_FALL_23,2,1,0.9283345341682434,1,0.39999999999999997,A1_motion_average,142,balanced
78,S2_FALL_24,2,1,0.9670727849006653,1,0.39999999999999997,A1_motion_average,142,balanced
79,S2_FALL_25,2,1,0.9829043745994568,1,0.39999999999999997,A1_motion_average,142,balanced
32,S2_ADL_01,2,0,0.6975505948066711,1,0.32499999999999996,A1_motion_average,142,sensitivity
33,S2_ADL_02,2,0,0.18076588213443756,0,0.32499999999999996,A1_motion_average,142,sensitivity
34,S2_ADL_03,2,0,0.2916331887245178,0,0.32499999999999996,A1_motion_average,142,sensitivity
35,S2_ADL_04,2,0,0.30584871768951416,0,0.32499999999999996,A1_motion_average,142,sensitivity
36,S2_ADL_05,2,0,0.6589518189430237,1,0.32499999999999996,A1_motion_average,142,sensitivity
37,S2_ADL_06,2,0,0.37407416105270386,1,0.32499999999999996,A1_motion_average,142,sensitivity
38,S2_ADL_07,2,0,0.0989319384098053,0,0.32499999999999996,A1_motion_average,142,sensitivity
39,S2_ADL_08,2,0,0.24068991839885712,0,0.32499999999999996,A1_motion_average,142,sensitivity
40,S2_ADL_09,2,0,0.22511036694049835,0,0.32499999999999996,A1_motion_average,142,sensitivity
41,S2_ADL_10,2,0,0.5929868817329407,1,0.32499999999999996,A1_motion_average,142,sensitivity
42,S2_ADL_11,2,0,0.03888991102576256,0,0.32499999999999996,A1_motion_average,142,sensitivity
43,S2_ADL_12,2,0,0.4184096157550812,1,0.32499999999999996,A1_motion_average,142,sensitivity
44,S2_ADL_13,2,0,0.0657314583659172,0,0.32499999999999996,A1_motion_average,142,sensitivity
45,S2_ADL_14,2,0,0.25185349583625793,0,0.32499999999999996,A1_motion_average,142,sensitivity
46,S2_ADL_15,2,0,0.039631642401218414,0,0.32499999999999996,A1_motion_average,142,sensitivity
47,S2_ADL_16,2,0,0.47318437695503235,1,0.32499999999999996,A1_motion_average,142,sensitivity
48,S2_ADL_17,2,0,0.0908009260892868,0,0.32499999999999996,A1_motion_average,142,sensitivity
49,S2_ADL_18,2,0,0.04871638864278793,0,0.32499999999999996,A1_motion_average,142,sensitivity
50,S2_ADL_19,2,0,0.12810547649860382,0,0.32499999999999996,A1_motion_average,142,sensitivity
51,S2_ADL_20,2,0,0.021578582003712654,0,0.32499999999999996,A1_motion_average,142,sensitivity
52,S2_ADL_21,2,0,0.1443738043308258,0,0.32499999999999996,A1_motion_average,142,sensitivity
53,S2_ADL_22,2,0,0.6838754415512085,1,0.32499999999999996,A1_motion_average,142,sensitivity
54,S2_ADL_23,2,0,0.12817268073558807,0,0.32499999999999996,A1_motion_average,142,sensitivity
55,S2_FALL_01,2,1,0.9475349187850952,1,0.32499999999999996,A1_motion_average,142,sensitivity
56,S2_FALL_02,2,1,0.970407247543335,1,0.32499999999999996,A1_motion_average,142,sensitivity
57,S2_FALL_03,2,1,0.637444257736206,1,0.32499999999999996,A1_motion_average,142,sensitivity
58,S2_FALL_04,2,1,0.9733564853668213,1,0.32499999999999996,A1_motion_average,142,sensitivity
59,S2_FALL_05,2,1,0.9567050337791443,1,0.32499999999999996,A1_motion_average,142,sensitivity
60,S2_FALL_06,2,1,0.8266783952713013,1,0.32499999999999996,A1_motion_average,142,sensitivity
61,S2_FALL_07,2,1,0.8973885774612427,1,0.32499999999999996,A1_motion_average,142,sensitivity
62,S2_FALL_08,2,1,0.7140882015228271,1,0.32499999999999996,A1_motion_average,142,sensitivity
63,S2_FALL_09,2,1,0.9141441583633423,1,0.32499999999999996,A1_motion_average,142,sensitivity
64,S2_FALL_10,2,1,0.9831370711326599,1,0.32499999999999996,A1_motion_average,142,sensitivity
65,S2_FALL_11,2,1,0.8828890919685364,1,0.32499999999999996,A1_motion_average,142,sensitivity
66,S2_FALL_12,2,1,0.8317395448684692,1,0.32499999999999996,A1_motion_average,142,sensitivity
67,S2_FALL_13,2,1,0.882261335849762,1,0.32499999999999996,A1_motion_average,142,sensitivity
68,S2_FALL_14,2,1,0.8274945020675659,1,0.32499999999999996,A1_motion_average,142,sensitivity
69,S2_FALL_15,2,1,0.5288969874382019,1,0.32499999999999996,A1_motion_average,142,sensitivity
70,S2_FALL_16,2,1,0.9951076507568359,1,0.32499999999999996,A1_motion_average,142,sensitivity
71,S2_FALL_17,2,1,0.9918925762176514,1,0.32499999999999996,A1_motion_average,142,sensitivity
72,S2_FALL_18,2,1,0.5232255458831787,1,0.32499999999999996,A1_motion_average,142,sensitivity
73,S2_FALL_19,2,1,0.5829618573188782,1,0.32499999999999996,A1_motion_average,142,sensitivity
74,S2_FALL_20,2,1,0.7211045622825623,1,0.32499999999999996,A1_motion_average,142,sensitivity
75,S2_FALL_21,2,1,0.9539586901664734,1,0.32499999999999996,A1_motion_average,142,sensitivity
76,S2_FALL_22,2,1,0.9964485168457031,1,0.32499999999999996,A1_motion_average,142,sensitivity
77,S2_FALL_23,2,1,0.9283345341682434,1,0.32499999999999996,A1_motion_average,142,sensitivity
78,S2_FALL_24,2,1,0.9670727849006653,1,0.32499999999999996,A1_motion_average,142,sensitivity
79,S2_FALL_25,2,1,0.9829043745994568,1,0.32499999999999996,A1_motion_average,142,sensitivity
80,S3_ADL_01,3,0,0.01046412717550993,0,0.5,A1_motion_average,142,fixed
81,S3_ADL_02,3,0,0.02000647410750389,0,0.5,A1_motion_average,142,fixed
82,S3_ADL_03,3,0,0.06552931666374207,0,0.5,A1_motion_average,142,fixed
83,S3_ADL_04,3,0,0.040579646825790405,0,0.5,A1_motion_average,142,fixed
84,S3_ADL_05,3,0,0.6356766819953918,1,0.5,A1_motion_average,142,fixed
85,S3_ADL_06,3,0,0.09011222422122955,0,0.5,A1_motion_average,142,fixed
86,S3_ADL_07,3,0,0.13971565663814545,0,0.5,A1_motion_average,142,fixed
87,S3_ADL_08,3,0,0.9168620109558105,1,0.5,A1_motion_average,142,fixed
88,S3_ADL_09,3,0,0.07686804234981537,0,0.5,A1_motion_average,142,fixed
89,S3_ADL_10,3,0,0.01593099534511566,0,0.5,A1_motion_average,142,fixed
90,S3_ADL_11,3,0,0.0008419168880209327,0,0.5,A1_motion_average,142,fixed
91,S3_ADL_12,3,0,0.012907429598271847,0,0.5,A1_motion_average,142,fixed
92,S3_ADL_13,3,0,0.03012964315712452,0,0.5,A1_motion_average,142,fixed
93,S3_ADL_14,3,0,0.06069265305995941,0,0.5,A1_motion_average,142,fixed
94,S3_ADL_15,3,0,0.03371996060013771,0,0.5,A1_motion_average,142,fixed
95,S3_ADL_16,3,0,0.019178975373506546,0,0.5,A1_motion_average,142,fixed
96,S3_ADL_17,3,0,0.01528124138712883,0,0.5,A1_motion_average,142,fixed
97,S3_ADL_18,3,0,0.007722862996160984,0,0.5,A1_motion_average,142,fixed
98,S3_ADL_19,3,0,0.014236264862120152,0,0.5,A1_motion_average,142,fixed
99,S3_ADL_20,3,0,0.024293622002005577,0,0.5,A1_motion_average,142,fixed
100,S3_ADL_21,3,0,0.04839225858449936,0,0.5,A1_motion_average,142,fixed
101,S3_ADL_22,3,0,0.020296406000852585,0,0.5,A1_motion_average,142,fixed
102,S3_FALL_01,3,1,0.7748299241065979,1,0.5,A1_motion_average,142,fixed
103,S3_FALL_02,3,1,0.9947867393493652,1,0.5,A1_motion_average,142,fixed
104,S3_FALL_03,3,1,0.9995061159133911,1,0.5,A1_motion_average,142,fixed
105,S3_FALL_04,3,1,0.26886099576950073,0,0.5,A1_motion_average,142,fixed
106,S3_FALL_05,3,1,0.9671056866645813,1,0.5,A1_motion_average,142,fixed
107,S3_FALL_06,3,1,0.595471978187561,1,0.5,A1_motion_average,142,fixed
108,S3_FALL_07,3,1,0.8552477955818176,1,0.5,A1_motion_average,142,fixed
109,S3_FALL_08,3,1,0.7086946964263916,1,0.5,A1_motion_average,142,fixed
110,S3_FALL_09,3,1,0.9863876104354858,1,0.5,A1_motion_average,142,fixed
111,S3_FALL_10,3,1,0.6646159291267395,1,0.5,A1_motion_average,142,fixed
112,S3_FALL_11,3,1,0.9775220155715942,1,0.5,A1_motion_average,142,fixed
113,S3_FALL_12,3,1,0.9748278260231018,1,0.5,A1_motion_average,142,fixed
114,S3_FALL_13,3,1,0.9911671280860901,1,0.5,A1_motion_average,142,fixed
115,S3_FALL_14,3,1,0.9343633651733398,1,0.5,A1_motion_average,142,fixed
116,S3_FALL_15,3,1,0.9901352524757385,1,0.5,A1_motion_average,142,fixed
117,S3_FALL_16,3,1,0.9992541670799255,1,0.5,A1_motion_average,142,fixed
118,S3_FALL_17,3,1,0.18512938916683197,0,0.5,A1_motion_average,142,fixed
119,S3_FALL_18,3,1,0.9632186889648438,1,0.5,A1_motion_average,142,fixed
120,S3_FALL_19,3,1,0.9944368600845337,1,0.5,A1_motion_average,142,fixed
121,S3_FALL_20,3,1,0.9962148070335388,1,0.5,A1_motion_average,142,fixed
122,S3_FALL_21,3,1,0.9800060987472534,1,0.5,A1_motion_average,142,fixed
80,S3_ADL_01,3,0,0.01046412717550993,0,0.32499999999999996,A1_motion_average,142,balanced
81,S3_ADL_02,3,0,0.02000647410750389,0,0.32499999999999996,A1_motion_average,142,balanced
82,S3_ADL_03,3,0,0.06552931666374207,0,0.32499999999999996,A1_motion_average,142,balanced
83,S3_ADL_04,3,0,0.040579646825790405,0,0.32499999999999996,A1_motion_average,142,balanced
84,S3_ADL_05,3,0,0.6356766819953918,1,0.32499999999999996,A1_motion_average,142,balanced
85,S3_ADL_06,3,0,0.09011222422122955,0,0.32499999999999996,A1_motion_average,142,balanced
86,S3_ADL_07,3,0,0.13971565663814545,0,0.32499999999999996,A1_motion_average,142,balanced
87,S3_ADL_08,3,0,0.9168620109558105,1,0.32499999999999996,A1_motion_average,142,balanced
88,S3_ADL_09,3,0,0.07686804234981537,0,0.32499999999999996,A1_motion_average,142,balanced
89,S3_ADL_10,3,0,0.01593099534511566,0,0.32499999999999996,A1_motion_average,142,balanced
90,S3_ADL_11,3,0,0.0008419168880209327,0,0.32499999999999996,A1_motion_average,142,balanced
91,S3_ADL_12,3,0,0.012907429598271847,0,0.32499999999999996,A1_motion_average,142,balanced
92,S3_ADL_13,3,0,0.03012964315712452,0,0.32499999999999996,A1_motion_average,142,balanced
93,S3_ADL_14,3,0,0.06069265305995941,0,0.32499999999999996,A1_motion_average,142,balanced
94,S3_ADL_15,3,0,0.03371996060013771,0,0.32499999999999996,A1_motion_average,142,balanced
95,S3_ADL_16,3,0,0.019178975373506546,0,0.32499999999999996,A1_motion_average,142,balanced
96,S3_ADL_17,3,0,0.01528124138712883,0,0.32499999999999996,A1_motion_average,142,balanced
97,S3_ADL_18,3,0,0.007722862996160984,0,0.32499999999999996,A1_motion_average,142,balanced
98,S3_ADL_19,3,0,0.014236264862120152,0,0.32499999999999996,A1_motion_average,142,balanced
99,S3_ADL_20,3,0,0.024293622002005577,0,0.32499999999999996,A1_motion_average,142,balanced
100,S3_ADL_21,3,0,0.04839225858449936,0,0.32499999999999996,A1_motion_average,142,balanced
101,S3_ADL_22,3,0,0.020296406000852585,0,0.32499999999999996,A1_motion_average,142,balanced
102,S3_FALL_01,3,1,0.7748299241065979,1,0.32499999999999996,A1_motion_average,142,balanced
103,S3_FALL_02,3,1,0.9947867393493652,1,0.32499999999999996,A1_motion_average,142,balanced
104,S3_FALL_03,3,1,0.9995061159133911,1,0.32499999999999996,A1_motion_average,142,balanced
105,S3_FALL_04,3,1,0.26886099576950073,0,0.32499999999999996,A1_motion_average,142,balanced
106,S3_FALL_05,3,1,0.9671056866645813,1,0.32499999999999996,A1_motion_average,142,balanced
107,S3_FALL_06,3,1,0.595471978187561,1,0.32499999999999996,A1_motion_average,142,balanced
108,S3_FALL_07,3,1,0.8552477955818176,1,0.32499999999999996,A1_motion_average,142,balanced
109,S3_FALL_08,3,1,0.7086946964263916,1,0.32499999999999996,A1_motion_average,142,balanced
110,S3_FALL_09,3,1,0.9863876104354858,1,0.32499999999999996,A1_motion_average,142,balanced
111,S3_FALL_10,3,1,0.6646159291267395,1,0.32499999999999996,A1_motion_average,142,balanced
112,S3_FALL_11,3,1,0.9775220155715942,1,0.32499999999999996,A1_motion_average,142,balanced
113,S3_FALL_12,3,1,0.9748278260231018,1,0.32499999999999996,A1_motion_average,142,balanced
114,S3_FALL_13,3,1,0.9911671280860901,1,0.32499999999999996,A1_motion_average,142,balanced
115,S3_FALL_14,3,1,0.9343633651733398,1,0.32499999999999996,A1_motion_average,142,balanced
116,S3_FALL_15,3,1,0.9901352524757385,1,0.32499999999999996,A1_motion_average,142,balanced
117,S3_FALL_16,3,1,0.9992541670799255,1,0.32499999999999996,A1_motion_average,142,balanced
118,S3_FALL_17,3,1,0.18512938916683197,0,0.32499999999999996,A1_motion_average,142,balanced
119,S3_FALL_18,3,1,0.9632186889648438,1,0.32499999999999996,A1_motion_average,142,balanced
120,S3_FALL_19,3,1,0.9944368600845337,1,0.32499999999999996,A1_motion_average,142,balanced
121,S3_FALL_20,3,1,0.9962148070335388,1,0.32499999999999996,A1_motion_average,142,balanced
122,S3_FALL_21,3,1,0.9800060987472534,1,0.32499999999999996,A1_motion_average,142,balanced
80,S3_ADL_01,3,0,0.01046412717550993,0,0.25,A1_motion_average,142,sensitivity
81,S3_ADL_02,3,0,0.02000647410750389,0,0.25,A1_motion_average,142,sensitivity
82,S3_ADL_03,3,0,0.06552931666374207,0,0.25,A1_motion_average,142,sensitivity
83,S3_ADL_04,3,0,0.040579646825790405,0,0.25,A1_motion_average,142,sensitivity
84,S3_ADL_05,3,0,0.6356766819953918,1,0.25,A1_motion_average,142,sensitivity
85,S3_ADL_06,3,0,0.09011222422122955,0,0.25,A1_motion_average,142,sensitivity
86,S3_ADL_07,3,0,0.13971565663814545,0,0.25,A1_motion_average,142,sensitivity
87,S3_ADL_08,3,0,0.9168620109558105,1,0.25,A1_motion_average,142,sensitivity
88,S3_ADL_09,3,0,0.07686804234981537,0,0.25,A1_motion_average,142,sensitivity
89,S3_ADL_10,3,0,0.01593099534511566,0,0.25,A1_motion_average,142,sensitivity
90,S3_ADL_11,3,0,0.0008419168880209327,0,0.25,A1_motion_average,142,sensitivity
91,S3_ADL_12,3,0,0.012907429598271847,0,0.25,A1_motion_average,142,sensitivity
92,S3_ADL_13,3,0,0.03012964315712452,0,0.25,A1_motion_average,142,sensitivity
93,S3_ADL_14,3,0,0.06069265305995941,0,0.25,A1_motion_average,142,sensitivity
94,S3_ADL_15,3,0,0.03371996060013771,0,0.25,A1_motion_average,142,sensitivity
95,S3_ADL_16,3,0,0.019178975373506546,0,0.25,A1_motion_average,142,sensitivity
96,S3_ADL_17,3,0,0.01528124138712883,0,0.25,A1_motion_average,142,sensitivity
97,S3_ADL_18,3,0,0.007722862996160984,0,0.25,A1_motion_average,142,sensitivity
98,S3_ADL_19,3,0,0.014236264862120152,0,0.25,A1_motion_average,142,sensitivity
99,S3_ADL_20,3,0,0.024293622002005577,0,0.25,A1_motion_average,142,sensitivity
100,S3_ADL_21,3,0,0.04839225858449936,0,0.25,A1_motion_average,142,sensitivity
101,S3_ADL_22,3,0,0.020296406000852585,0,0.25,A1_motion_average,142,sensitivity
102,S3_FALL_01,3,1,0.7748299241065979,1,0.25,A1_motion_average,142,sensitivity
103,S3_FALL_02,3,1,0.9947867393493652,1,0.25,A1_motion_average,142,sensitivity
104,S3_FALL_03,3,1,0.9995061159133911,1,0.25,A1_motion_average,142,sensitivity
105,S3_FALL_04,3,1,0.26886099576950073,1,0.25,A1_motion_average,142,sensitivity
106,S3_FALL_05,3,1,0.9671056866645813,1,0.25,A1_motion_average,142,sensitivity
107,S3_FALL_06,3,1,0.595471978187561,1,0.25,A1_motion_average,142,sensitivity
108,S3_FALL_07,3,1,0.8552477955818176,1,0.25,A1_motion_average,142,sensitivity
109,S3_FALL_08,3,1,0.7086946964263916,1,0.25,A1_motion_average,142,sensitivity
110,S3_FALL_09,3,1,0.9863876104354858,1,0.25,A1_motion_average,142,sensitivity
111,S3_FALL_10,3,1,0.6646159291267395,1,0.25,A1_motion_average,142,sensitivity
112,S3_FALL_11,3,1,0.9775220155715942,1,0.25,A1_motion_average,142,sensitivity
113,S3_FALL_12,3,1,0.9748278260231018,1,0.25,A1_motion_average,142,sensitivity
114,S3_FALL_13,3,1,0.9911671280860901,1,0.25,A1_motion_average,142,sensitivity
115,S3_FALL_14,3,1,0.9343633651733398,1,0.25,A1_motion_average,142,sensitivity
116,S3_FALL_15,3,1,0.9901352524757385,1,0.25,A1_motion_average,142,sensitivity
117,S3_FALL_16,3,1,0.9992541670799255,1,0.25,A1_motion_average,142,sensitivity
118,S3_FALL_17,3,1,0.18512938916683197,0,0.25,A1_motion_average,142,sensitivity
119,S3_FALL_18,3,1,0.9632186889648438,1,0.25,A1_motion_average,142,sensitivity
120,S3_FALL_19,3,1,0.9944368600845337,1,0.25,A1_motion_average,142,sensitivity
121,S3_FALL_20,3,1,0.9962148070335388,1,0.25,A1_motion_average,142,sensitivity
122,S3_FALL_21,3,1,0.9800060987472534,1,0.25,A1_motion_average,142,sensitivity
123,S4_ADL_01,4,0,0.007718613836914301,0,0.5,A1_motion_average,142,fixed
124,S4_ADL_02,4,0,0.00806514173746109,0,0.5,A1_motion_average,142,fixed
125,S4_ADL_03,4,0,0.3980146050453186,0,0.5,A1_motion_average,142,fixed
126,S4_ADL_04,4,0,0.03737255930900574,0,0.5,A1_motion_average,142,fixed
127,S4_ADL_05,4,0,0.9981016516685486,1,0.5,A1_motion_average,142,fixed
128,S4_ADL_06,4,0,0.9795984625816345,1,0.5,A1_motion_average,142,fixed
129,S4_ADL_07,4,0,0.6914104223251343,1,0.5,A1_motion_average,142,fixed
130,S4_ADL_08,4,0,0.001708037219941616,0,0.5,A1_motion_average,142,fixed
131,S4_ADL_09,4,0,0.2473023384809494,0,0.5,A1_motion_average,142,fixed
132,S4_ADL_10,4,0,0.7091132402420044,1,0.5,A1_motion_average,142,fixed
133,S4_ADL_11,4,0,0.010617700405418873,0,0.5,A1_motion_average,142,fixed
134,S4_ADL_12,4,0,0.010586179792881012,0,0.5,A1_motion_average,142,fixed
135,S4_ADL_13,4,0,0.08789819478988647,0,0.5,A1_motion_average,142,fixed
136,S4_ADL_14,4,0,0.051962267607450485,0,0.5,A1_motion_average,142,fixed
137,S4_ADL_15,4,0,0.010397269390523434,0,0.5,A1_motion_average,142,fixed
138,S4_ADL_16,4,0,0.3004113733768463,0,0.5,A1_motion_average,142,fixed
139,S4_ADL_17,4,0,0.0024110774975270033,0,0.5,A1_motion_average,142,fixed
140,S4_ADL_18,4,0,0.020238477736711502,0,0.5,A1_motion_average,142,fixed
141,S4_ADL_19,4,0,0.10884805768728256,0,0.5,A1_motion_average,142,fixed
142,S4_ADL_20,4,0,0.015617559663951397,0,0.5,A1_motion_average,142,fixed
143,S4_FALL_01,4,1,0.9862978458404541,1,0.5,A1_motion_average,142,fixed
144,S4_FALL_02,4,1,0.11595670878887177,0,0.5,A1_motion_average,142,fixed
145,S4_FALL_03,4,1,0.9961596727371216,1,0.5,A1_motion_average,142,fixed
146,S4_FALL_04,4,1,0.9998067021369934,1,0.5,A1_motion_average,142,fixed
147,S4_FALL_05,4,1,0.05753334239125252,0,0.5,A1_motion_average,142,fixed
148,S4_FALL_06,4,1,0.9853222370147705,1,0.5,A1_motion_average,142,fixed
149,S4_FALL_07,4,1,0.9989833235740662,1,0.5,A1_motion_average,142,fixed
150,S4_FALL_08,4,1,0.9924513697624207,1,0.5,A1_motion_average,142,fixed
151,S4_FALL_09,4,1,0.8819597959518433,1,0.5,A1_motion_average,142,fixed
152,S4_FALL_10,4,1,0.995693564414978,1,0.5,A1_motion_average,142,fixed
153,S4_FALL_11,4,1,0.999997615814209,1,0.5,A1_motion_average,142,fixed
154,S4_FALL_12,4,1,0.9719492197036743,1,0.5,A1_motion_average,142,fixed
155,S4_FALL_13,4,1,0.045805077999830246,0,0.5,A1_motion_average,142,fixed
156,S4_FALL_14,4,1,0.9872575402259827,1,0.5,A1_motion_average,142,fixed
157,S4_FALL_15,4,1,0.9999980926513672,1,0.5,A1_motion_average,142,fixed
158,S4_FALL_16,4,1,0.9989587068557739,1,0.5,A1_motion_average,142,fixed
159,S4_FALL_17,4,1,0.5092629194259644,1,0.5,A1_motion_average,142,fixed
123,S4_ADL_01,4,0,0.007718613836914301,0,0.7,A1_motion_average,142,balanced
124,S4_ADL_02,4,0,0.00806514173746109,0,0.7,A1_motion_average,142,balanced
125,S4_ADL_03,4,0,0.3980146050453186,0,0.7,A1_motion_average,142,balanced
126,S4_ADL_04,4,0,0.03737255930900574,0,0.7,A1_motion_average,142,balanced
127,S4_ADL_05,4,0,0.9981016516685486,1,0.7,A1_motion_average,142,balanced
128,S4_ADL_06,4,0,0.9795984625816345,1,0.7,A1_motion_average,142,balanced
129,S4_ADL_07,4,0,0.6914104223251343,0,0.7,A1_motion_average,142,balanced
130,S4_ADL_08,4,0,0.001708037219941616,0,0.7,A1_motion_average,142,balanced
131,S4_ADL_09,4,0,0.2473023384809494,0,0.7,A1_motion_average,142,balanced
132,S4_ADL_10,4,0,0.7091132402420044,1,0.7,A1_motion_average,142,balanced
133,S4_ADL_11,4,0,0.010617700405418873,0,0.7,A1_motion_average,142,balanced
134,S4_ADL_12,4,0,0.010586179792881012,0,0.7,A1_motion_average,142,balanced
135,S4_ADL_13,4,0,0.08789819478988647,0,0.7,A1_motion_average,142,balanced
136,S4_ADL_14,4,0,0.051962267607450485,0,0.7,A1_motion_average,142,balanced
137,S4_ADL_15,4,0,0.010397269390523434,0,0.7,A1_motion_average,142,balanced
138,S4_ADL_16,4,0,0.3004113733768463,0,0.7,A1_motion_average,142,balanced
139,S4_ADL_17,4,0,0.0024110774975270033,0,0.7,A1_motion_average,142,balanced
140,S4_ADL_18,4,0,0.020238477736711502,0,0.7,A1_motion_average,142,balanced
141,S4_ADL_19,4,0,0.10884805768728256,0,0.7,A1_motion_average,142,balanced
142,S4_ADL_20,4,0,0.015617559663951397,0,0.7,A1_motion_average,142,balanced
143,S4_FALL_01,4,1,0.9862978458404541,1,0.7,A1_motion_average,142,balanced
144,S4_FALL_02,4,1,0.11595670878887177,0,0.7,A1_motion_average,142,balanced
145,S4_FALL_03,4,1,0.9961596727371216,1,0.7,A1_motion_average,142,balanced
146,S4_FALL_04,4,1,0.9998067021369934,1,0.7,A1_motion_average,142,balanced
147,S4_FALL_05,4,1,0.05753334239125252,0,0.7,A1_motion_average,142,balanced
148,S4_FALL_06,4,1,0.9853222370147705,1,0.7,A1_motion_average,142,balanced
149,S4_FALL_07,4,1,0.9989833235740662,1,0.7,A1_motion_average,142,balanced
150,S4_FALL_08,4,1,0.9924513697624207,1,0.7,A1_motion_average,142,balanced
151,S4_FALL_09,4,1,0.8819597959518433,1,0.7,A1_motion_average,142,balanced
152,S4_FALL_10,4,1,0.995693564414978,1,0.7,A1_motion_average,142,balanced
153,S4_FALL_11,4,1,0.999997615814209,1,0.7,A1_motion_average,142,balanced
154,S4_FALL_12,4,1,0.9719492197036743,1,0.7,A1_motion_average,142,balanced
155,S4_FALL_13,4,1,0.045805077999830246,0,0.7,A1_motion_average,142,balanced
156,S4_FALL_14,4,1,0.9872575402259827,1,0.7,A1_motion_average,142,balanced
157,S4_FALL_15,4,1,0.9999980926513672,1,0.7,A1_motion_average,142,balanced
158,S4_FALL_16,4,1,0.9989587068557739,1,0.7,A1_motion_average,142,balanced
159,S4_FALL_17,4,1,0.5092629194259644,0,0.7,A1_motion_average,142,balanced
123,S4_ADL_01,4,0,0.007718613836914301,0,0.525,A1_motion_average,142,sensitivity
124,S4_ADL_02,4,0,0.00806514173746109,0,0.525,A1_motion_average,142,sensitivity
125,S4_ADL_03,4,0,0.3980146050453186,0,0.525,A1_motion_average,142,sensitivity
126,S4_ADL_04,4,0,0.03737255930900574,0,0.525,A1_motion_average,142,sensitivity
127,S4_ADL_05,4,0,0.9981016516685486,1,0.525,A1_motion_average,142,sensitivity
128,S4_ADL_06,4,0,0.9795984625816345,1,0.525,A1_motion_average,142,sensitivity
129,S4_ADL_07,4,0,0.6914104223251343,1,0.525,A1_motion_average,142,sensitivity
130,S4_ADL_08,4,0,0.001708037219941616,0,0.525,A1_motion_average,142,sensitivity
131,S4_ADL_09,4,0,0.2473023384809494,0,0.525,A1_motion_average,142,sensitivity
132,S4_ADL_10,4,0,0.7091132402420044,1,0.525,A1_motion_average,142,sensitivity
133,S4_ADL_11,4,0,0.010617700405418873,0,0.525,A1_motion_average,142,sensitivity
134,S4_ADL_12,4,0,0.010586179792881012,0,0.525,A1_motion_average,142,sensitivity
135,S4_ADL_13,4,0,0.08789819478988647,0,0.525,A1_motion_average,142,sensitivity
136,S4_ADL_14,4,0,0.051962267607450485,0,0.525,A1_motion_average,142,sensitivity
137,S4_ADL_15,4,0,0.010397269390523434,0,0.525,A1_motion_average,142,sensitivity
138,S4_ADL_16,4,0,0.3004113733768463,0,0.525,A1_motion_average,142,sensitivity
139,S4_ADL_17,4,0,0.0024110774975270033,0,0.525,A1_motion_average,142,sensitivity
140,S4_ADL_18,4,0,0.020238477736711502,0,0.525,A1_motion_average,142,sensitivity
141,S4_ADL_19,4,0,0.10884805768728256,0,0.525,A1_motion_average,142,sensitivity
142,S4_ADL_20,4,0,0.015617559663951397,0,0.525,A1_motion_average,142,sensitivity
143,S4_FALL_01,4,1,0.9862978458404541,1,0.525,A1_motion_average,142,sensitivity
144,S4_FALL_02,4,1,0.11595670878887177,0,0.525,A1_motion_average,142,sensitivity
145,S4_FALL_03,4,1,0.9961596727371216,1,0.525,A1_motion_average,142,sensitivity
146,S4_FALL_04,4,1,0.9998067021369934,1,0.525,A1_motion_average,142,sensitivity
147,S4_FALL_05,4,1,0.05753334239125252,0,0.525,A1_motion_average,142,sensitivity
148,S4_FALL_06,4,1,0.9853222370147705,1,0.525,A1_motion_average,142,sensitivity
149,S4_FALL_07,4,1,0.9989833235740662,1,0.525,A1_motion_average,142,sensitivity
150,S4_FALL_08,4,1,0.9924513697624207,1,0.525,A1_motion_average,142,sensitivity
151,S4_FALL_09,4,1,0.8819597959518433,1,0.525,A1_motion_average,142,sensitivity
152,S4_FALL_10,4,1,0.995693564414978,1,0.525,A1_motion_average,142,sensitivity
153,S4_FALL_11,4,1,0.999997615814209,1,0.525,A1_motion_average,142,sensitivity
154,S4_FALL_12,4,1,0.9719492197036743,1,0.525,A1_motion_average,142,sensitivity
155,S4_FALL_13,4,1,0.045805077999830246,0,0.525,A1_motion_average,142,sensitivity
156,S4_FALL_14,4,1,0.9872575402259827,1,0.525,A1_motion_average,142,sensitivity
157,S4_FALL_15,4,1,0.9999980926513672,1,0.525,A1_motion_average,142,sensitivity
158,S4_FALL_16,4,1,0.9989587068557739,1,0.525,A1_motion_average,142,sensitivity
159,S4_FALL_17,4,1,0.5092629194259644,0,0.525,A1_motion_average,142,sensitivity
0,S1_ADL_01,1,0,0.536666214466095,1,0.5,A1_motion_average,242,fixed
1,S1_ADL_02,1,0,0.5044318437576294,1,0.5,A1_motion_average,242,fixed
2,S1_ADL_03,1,0,0.6415594816207886,1,0.5,A1_motion_average,242,fixed
3,S1_ADL_04,1,0,0.009874315932393074,0,0.5,A1_motion_average,242,fixed
4,S1_ADL_05,1,0,0.005572098772972822,0,0.5,A1_motion_average,242,fixed
5,S1_ADL_06,1,0,0.005750167649239302,0,0.5,A1_motion_average,242,fixed
6,S1_ADL_07,1,0,0.0056032780557870865,0,0.5,A1_motion_average,242,fixed
7,S1_ADL_08,1,0,0.004780289717018604,0,0.5,A1_motion_average,242,fixed
8,S1_ADL_09,1,0,0.003124329959973693,0,0.5,A1_motion_average,242,fixed
9,S1_ADL_10,1,0,0.003002863610163331,0,0.5,A1_motion_average,242,fixed
10,S1_ADL_11,1,0,0.0007638915558345616,0,0.5,A1_motion_average,242,fixed
11,S1_ADL_12,1,0,0.006183866411447525,0,0.5,A1_motion_average,242,fixed
12,S1_ADL_13,1,0,0.006587998941540718,0,0.5,A1_motion_average,242,fixed
13,S1_ADL_14,1,0,0.0017066093860194087,0,0.5,A1_motion_average,242,fixed
14,S1_ADL_15,1,0,0.0036172433756291866,0,0.5,A1_motion_average,242,fixed
15,S1_ADL_16,1,0,0.015415922738611698,0,0.5,A1_motion_average,242,fixed
16,S1_FALL_01,1,1,0.9984702467918396,1,0.5,A1_motion_average,242,fixed
17,S1_FALL_02,1,1,0.9999970197677612,1,0.5,A1_motion_average,242,fixed
18,S1_FALL_03,1,1,0.9918472766876221,1,0.5,A1_motion_average,242,fixed
19,S1_FALL_04,1,1,0.9987432360649109,1,0.5,A1_motion_average,242,fixed
20,S1_FALL_05,1,1,0.9987636804580688,1,0.5,A1_motion_average,242,fixed
21,S1_FALL_06,1,1,0.9972231388092041,1,0.5,A1_motion_average,242,fixed
22,S1_FALL_07,1,1,0.929313600063324,1,0.5,A1_motion_average,242,fixed
23,S1_FALL_08,1,1,0.9995304346084595,1,0.5,A1_motion_average,242,fixed
24,S1_FALL_09,1,1,0.9997854828834534,1,0.5,A1_motion_average,242,fixed
25,S1_FALL_10,1,1,0.9917523264884949,1,0.5,A1_motion_average,242,fixed
26,S1_FALL_11,1,1,0.9310327768325806,1,0.5,A1_motion_average,242,fixed
27,S1_FALL_12,1,1,0.9984343647956848,1,0.5,A1_motion_average,242,fixed
28,S1_FALL_13,1,1,0.4981967806816101,0,0.5,A1_motion_average,242,fixed
29,S1_FALL_14,1,1,0.9667506217956543,1,0.5,A1_motion_average,242,fixed
30,S1_FALL_15,1,1,0.8671395182609558,1,0.5,A1_motion_average,242,fixed
31,S1_FALL_16,1,1,0.9119240641593933,1,0.5,A1_motion_average,242,fixed
0,S1_ADL_01,1,0,0.536666214466095,0,0.7,A1_motion_average,242,balanced
1,S1_ADL_02,1,0,0.5044318437576294,0,0.7,A1_motion_average,242,balanced
2,S1_ADL_03,1,0,0.6415594816207886,0,0.7,A1_motion_average,242,balanced
3,S1_ADL_04,1,0,0.009874315932393074,0,0.7,A1_motion_average,242,balanced
4,S1_ADL_05,1,0,0.005572098772972822,0,0.7,A1_motion_average,242,balanced
5,S1_ADL_06,1,0,0.005750167649239302,0,0.7,A1_motion_average,242,balanced
6,S1_ADL_07,1,0,0.0056032780557870865,0,0.7,A1_motion_average,242,balanced
7,S1_ADL_08,1,0,0.004780289717018604,0,0.7,A1_motion_average,242,balanced
8,S1_ADL_09,1,0,0.003124329959973693,0,0.7,A1_motion_average,242,balanced
9,S1_ADL_10,1,0,0.003002863610163331,0,0.7,A1_motion_average,242,balanced
10,S1_ADL_11,1,0,0.0007638915558345616,0,0.7,A1_motion_average,242,balanced
11,S1_ADL_12,1,0,0.006183866411447525,0,0.7,A1_motion_average,242,balanced
12,S1_ADL_13,1,0,0.006587998941540718,0,0.7,A1_motion_average,242,balanced
13,S1_ADL_14,1,0,0.0017066093860194087,0,0.7,A1_motion_average,242,balanced
14,S1_ADL_15,1,0,0.0036172433756291866,0,0.7,A1_motion_average,242,balanced
15,S1_ADL_16,1,0,0.015415922738611698,0,0.7,A1_motion_average,242,balanced
16,S1_FALL_01,1,1,0.9984702467918396,1,0.7,A1_motion_average,242,balanced
17,S1_FALL_02,1,1,0.9999970197677612,1,0.7,A1_motion_average,242,balanced
18,S1_FALL_03,1,1,0.9918472766876221,1,0.7,A1_motion_average,242,balanced
19,S1_FALL_04,1,1,0.9987432360649109,1,0.7,A1_motion_average,242,balanced
20,S1_FALL_05,1,1,0.9987636804580688,1,0.7,A1_motion_average,242,balanced
21,S1_FALL_06,1,1,0.9972231388092041,1,0.7,A1_motion_average,242,balanced
22,S1_FALL_07,1,1,0.929313600063324,1,0.7,A1_motion_average,242,balanced
23,S1_FALL_08,1,1,0.9995304346084595,1,0.7,A1_motion_average,242,balanced
24,S1_FALL_09,1,1,0.9997854828834534,1,0.7,A1_motion_average,242,balanced
25,S1_FALL_10,1,1,0.9917523264884949,1,0.7,A1_motion_average,242,balanced
26,S1_FALL_11,1,1,0.9310327768325806,1,0.7,A1_motion_average,242,balanced
27,S1_FALL_12,1,1,0.9984343647956848,1,0.7,A1_motion_average,242,balanced
28,S1_FALL_13,1,1,0.4981967806816101,0,0.7,A1_motion_average,242,balanced
29,S1_FALL_14,1,1,0.9667506217956543,1,0.7,A1_motion_average,242,balanced
30,S1_FALL_15,1,1,0.8671395182609558,1,0.7,A1_motion_average,242,balanced
31,S1_FALL_16,1,1,0.9119240641593933,1,0.7,A1_motion_average,242,balanced
0,S1_ADL_01,1,0,0.536666214466095,0,0.5499999999999999,A1_motion_average,242,sensitivity
1,S1_ADL_02,1,0,0.5044318437576294,0,0.5499999999999999,A1_motion_average,242,sensitivity
2,S1_ADL_03,1,0,0.6415594816207886,1,0.5499999999999999,A1_motion_average,242,sensitivity
3,S1_ADL_04,1,0,0.009874315932393074,0,0.5499999999999999,A1_motion_average,242,sensitivity
4,S1_ADL_05,1,0,0.005572098772972822,0,0.5499999999999999,A1_motion_average,242,sensitivity
5,S1_ADL_06,1,0,0.005750167649239302,0,0.5499999999999999,A1_motion_average,242,sensitivity
6,S1_ADL_07,1,0,0.0056032780557870865,0,0.5499999999999999,A1_motion_average,242,sensitivity
7,S1_ADL_08,1,0,0.004780289717018604,0,0.5499999999999999,A1_motion_average,242,sensitivity
8,S1_ADL_09,1,0,0.003124329959973693,0,0.5499999999999999,A1_motion_average,242,sensitivity
9,S1_ADL_10,1,0,0.003002863610163331,0,0.5499999999999999,A1_motion_average,242,sensitivity
10,S1_ADL_11,1,0,0.0007638915558345616,0,0.5499999999999999,A1_motion_average,242,sensitivity
11,S1_ADL_12,1,0,0.006183866411447525,0,0.5499999999999999,A1_motion_average,242,sensitivity
12,S1_ADL_13,1,0,0.006587998941540718,0,0.5499999999999999,A1_motion_average,242,sensitivity
13,S1_ADL_14,1,0,0.0017066093860194087,0,0.5499999999999999,A1_motion_average,242,sensitivity
14,S1_ADL_15,1,0,0.0036172433756291866,0,0.5499999999999999,A1_motion_average,242,sensitivity
15,S1_ADL_16,1,0,0.015415922738611698,0,0.5499999999999999,A1_motion_average,242,sensitivity
16,S1_FALL_01,1,1,0.9984702467918396,1,0.5499999999999999,A1_motion_average,242,sensitivity
17,S1_FALL_02,1,1,0.9999970197677612,1,0.5499999999999999,A1_motion_average,242,sensitivity
18,S1_FALL_03,1,1,0.9918472766876221,1,0.5499999999999999,A1_motion_average,242,sensitivity
19,S1_FALL_04,1,1,0.9987432360649109,1,0.5499999999999999,A1_motion_average,242,sensitivity
20,S1_FALL_05,1,1,0.9987636804580688,1,0.5499999999999999,A1_motion_average,242,sensitivity
21,S1_FALL_06,1,1,0.9972231388092041,1,0.5499999999999999,A1_motion_average,242,sensitivity
22,S1_FALL_07,1,1,0.929313600063324,1,0.5499999999999999,A1_motion_average,242,sensitivity
23,S1_FALL_08,1,1,0.9995304346084595,1,0.5499999999999999,A1_motion_average,242,sensitivity
24,S1_FALL_09,1,1,0.9997854828834534,1,0.5499999999999999,A1_motion_average,242,sensitivity
25,S1_FALL_10,1,1,0.9917523264884949,1,0.5499999999999999,A1_motion_average,242,sensitivity
26,S1_FALL_11,1,1,0.9310327768325806,1,0.5499999999999999,A1_motion_average,242,sensitivity
27,S1_FALL_12,1,1,0.9984343647956848,1,0.5499999999999999,A1_motion_average,242,sensitivity
28,S1_FALL_13,1,1,0.4981967806816101,0,0.5499999999999999,A1_motion_average,242,sensitivity
29,S1_FALL_14,1,1,0.9667506217956543,1,0.5499999999999999,A1_motion_average,242,sensitivity
30,S1_FALL_15,1,1,0.8671395182609558,1,0.5499999999999999,A1_motion_average,242,sensitivity
31,S1_FALL_16,1,1,0.9119240641593933,1,0.5499999999999999,A1_motion_average,242,sensitivity
32,S2_ADL_01,2,0,0.013348878361284733,0,0.5,A1_motion_average,242,fixed
33,S2_ADL_02,2,0,0.0036046800669282675,0,0.5,A1_motion_average,242,fixed
34,S2_ADL_03,2,0,0.019111527130007744,0,0.5,A1_motion_average,242,fixed
35,S2_ADL_04,2,0,0.10547805577516556,0,0.5,A1_motion_average,242,fixed
36,S2_ADL_05,2,0,0.0014512933557853103,0,0.5,A1_motion_average,242,fixed
37,S2_ADL_06,2,0,0.00723743811249733,0,0.5,A1_motion_average,242,fixed
38,S2_ADL_07,2,0,0.0011867257999256253,0,0.5,A1_motion_average,242,fixed
39,S2_ADL_08,2,0,0.08562487363815308,0,0.5,A1_motion_average,242,fixed
40,S2_ADL_09,2,0,0.008459535427391529,0,0.5,A1_motion_average,242,fixed
41,S2_ADL_10,2,0,0.014114574529230595,0,0.5,A1_motion_average,242,fixed
42,S2_ADL_11,2,0,0.000532616744749248,0,0.5,A1_motion_average,242,fixed
43,S2_ADL_12,2,0,0.5398673415184021,1,0.5,A1_motion_average,242,fixed
44,S2_ADL_13,2,0,0.10495728254318237,0,0.5,A1_motion_average,242,fixed
45,S2_ADL_14,2,0,0.036115214228630066,0,0.5,A1_motion_average,242,fixed
46,S2_ADL_15,2,0,0.00112886109855026,0,0.5,A1_motion_average,242,fixed
47,S2_ADL_16,2,0,0.22403231263160706,0,0.5,A1_motion_average,242,fixed
48,S2_ADL_17,2,0,0.00024069976643659174,0,0.5,A1_motion_average,242,fixed
49,S2_ADL_18,2,0,8.563730807509273e-05,0,0.5,A1_motion_average,242,fixed
50,S2_ADL_19,2,0,0.49498820304870605,0,0.5,A1_motion_average,242,fixed
51,S2_ADL_20,2,0,0.0010036539752036333,0,0.5,A1_motion_average,242,fixed
52,S2_ADL_21,2,0,0.01963493600487709,0,0.5,A1_motion_average,242,fixed
53,S2_ADL_22,2,0,0.2900201082229614,0,0.5,A1_motion_average,242,fixed
54,S2_ADL_23,2,0,0.0021632069256156683,0,0.5,A1_motion_average,242,fixed
55,S2_FALL_01,2,1,0.9613151550292969,1,0.5,A1_motion_average,242,fixed
56,S2_FALL_02,2,1,0.9963249564170837,1,0.5,A1_motion_average,242,fixed
57,S2_FALL_03,2,1,0.46530142426490784,0,0.5,A1_motion_average,242,fixed
58,S2_FALL_04,2,1,0.9846237301826477,1,0.5,A1_motion_average,242,fixed
59,S2_FALL_05,2,1,0.8556607365608215,1,0.5,A1_motion_average,242,fixed
60,S2_FALL_06,2,1,0.8830384016036987,1,0.5,A1_motion_average,242,fixed
61,S2_FALL_07,2,1,0.9402042031288147,1,0.5,A1_motion_average,242,fixed
62,S2_FALL_08,2,1,0.8078154921531677,1,0.5,A1_motion_average,242,fixed
63,S2_FALL_09,2,1,0.9881004095077515,1,0.5,A1_motion_average,242,fixed
64,S2_FALL_10,2,1,0.9825370907783508,1,0.5,A1_motion_average,242,fixed
65,S2_FALL_11,2,1,0.9647737145423889,1,0.5,A1_motion_average,242,fixed
66,S2_FALL_12,2,1,0.5593380928039551,1,0.5,A1_motion_average,242,fixed
67,S2_FALL_13,2,1,0.8584150671958923,1,0.5,A1_motion_average,242,fixed
68,S2_FALL_14,2,1,0.8263518810272217,1,0.5,A1_motion_average,242,fixed
69,S2_FALL_15,2,1,0.16082395613193512,0,0.5,A1_motion_average,242,fixed
70,S2_FALL_16,2,1,0.998559296131134,1,0.5,A1_motion_average,242,fixed
71,S2_FALL_17,2,1,0.9965869188308716,1,0.5,A1_motion_average,242,fixed
72,S2_FALL_18,2,1,0.043899066746234894,0,0.5,A1_motion_average,242,fixed
73,S2_FALL_19,2,1,0.5363898873329163,1,0.5,A1_motion_average,242,fixed
74,S2_FALL_20,2,1,0.7024444341659546,1,0.5,A1_motion_average,242,fixed
75,S2_FALL_21,2,1,0.6491817235946655,1,0.5,A1_motion_average,242,fixed
76,S2_FALL_22,2,1,0.998598039150238,1,0.5,A1_motion_average,242,fixed
77,S2_FALL_23,2,1,0.9780879020690918,1,0.5,A1_motion_average,242,fixed
78,S2_FALL_24,2,1,0.9752912521362305,1,0.5,A1_motion_average,242,fixed
79,S2_FALL_25,2,1,0.9843941330909729,1,0.5,A1_motion_average,242,fixed
32,S2_ADL_01,2,0,0.013348878361284733,0,0.35,A1_motion_average,242,balanced
33,S2_ADL_02,2,0,0.0036046800669282675,0,0.35,A1_motion_average,242,balanced
34,S2_ADL_03,2,0,0.019111527130007744,0,0.35,A1_motion_average,242,balanced
35,S2_ADL_04,2,0,0.10547805577516556,0,0.35,A1_motion_average,242,balanced
36,S2_ADL_05,2,0,0.0014512933557853103,0,0.35,A1_motion_average,242,balanced
37,S2_ADL_06,2,0,0.00723743811249733,0,0.35,A1_motion_average,242,balanced
38,S2_ADL_07,2,0,0.0011867257999256253,0,0.35,A1_motion_average,242,balanced
39,S2_ADL_08,2,0,0.08562487363815308,0,0.35,A1_motion_average,242,balanced
40,S2_ADL_09,2,0,0.008459535427391529,0,0.35,A1_motion_average,242,balanced
41,S2_ADL_10,2,0,0.014114574529230595,0,0.35,A1_motion_average,242,balanced
42,S2_ADL_11,2,0,0.000532616744749248,0,0.35,A1_motion_average,242,balanced
43,S2_ADL_12,2,0,0.5398673415184021,1,0.35,A1_motion_average,242,balanced
44,S2_ADL_13,2,0,0.10495728254318237,0,0.35,A1_motion_average,242,balanced
45,S2_ADL_14,2,0,0.036115214228630066,0,0.35,A1_motion_average,242,balanced
46,S2_ADL_15,2,0,0.00112886109855026,0,0.35,A1_motion_average,242,balanced
47,S2_ADL_16,2,0,0.22403231263160706,0,0.35,A1_motion_average,242,balanced
48,S2_ADL_17,2,0,0.00024069976643659174,0,0.35,A1_motion_average,242,balanced
49,S2_ADL_18,2,0,8.563730807509273e-05,0,0.35,A1_motion_average,242,balanced
50,S2_ADL_19,2,0,0.49498820304870605,1,0.35,A1_motion_average,242,balanced
51,S2_ADL_20,2,0,0.0010036539752036333,0,0.35,A1_motion_average,242,balanced
52,S2_ADL_21,2,0,0.01963493600487709,0,0.35,A1_motion_average,242,balanced
53,S2_ADL_22,2,0,0.2900201082229614,0,0.35,A1_motion_average,242,balanced
54,S2_ADL_23,2,0,0.0021632069256156683,0,0.35,A1_motion_average,242,balanced
55,S2_FALL_01,2,1,0.9613151550292969,1,0.35,A1_motion_average,242,balanced
56,S2_FALL_02,2,1,0.9963249564170837,1,0.35,A1_motion_average,242,balanced
57,S2_FALL_03,2,1,0.46530142426490784,1,0.35,A1_motion_average,242,balanced
58,S2_FALL_04,2,1,0.9846237301826477,1,0.35,A1_motion_average,242,balanced
59,S2_FALL_05,2,1,0.8556607365608215,1,0.35,A1_motion_average,242,balanced
60,S2_FALL_06,2,1,0.8830384016036987,1,0.35,A1_motion_average,242,balanced
61,S2_FALL_07,2,1,0.9402042031288147,1,0.35,A1_motion_average,242,balanced
62,S2_FALL_08,2,1,0.8078154921531677,1,0.35,A1_motion_average,242,balanced
63,S2_FALL_09,2,1,0.9881004095077515,1,0.35,A1_motion_average,242,balanced
64,S2_FALL_10,2,1,0.9825370907783508,1,0.35,A1_motion_average,242,balanced
65,S2_FALL_11,2,1,0.9647737145423889,1,0.35,A1_motion_average,242,balanced
66,S2_FALL_12,2,1,0.5593380928039551,1,0.35,A1_motion_average,242,balanced
67,S2_FALL_13,2,1,0.8584150671958923,1,0.35,A1_motion_average,242,balanced
68,S2_FALL_14,2,1,0.8263518810272217,1,0.35,A1_motion_average,242,balanced
69,S2_FALL_15,2,1,0.16082395613193512,0,0.35,A1_motion_average,242,balanced
70,S2_FALL_16,2,1,0.998559296131134,1,0.35,A1_motion_average,242,balanced
71,S2_FALL_17,2,1,0.9965869188308716,1,0.35,A1_motion_average,242,balanced
72,S2_FALL_18,2,1,0.043899066746234894,0,0.35,A1_motion_average,242,balanced
73,S2_FALL_19,2,1,0.5363898873329163,1,0.35,A1_motion_average,242,balanced
74,S2_FALL_20,2,1,0.7024444341659546,1,0.35,A1_motion_average,242,balanced
75,S2_FALL_21,2,1,0.6491817235946655,1,0.35,A1_motion_average,242,balanced
76,S2_FALL_22,2,1,0.998598039150238,1,0.35,A1_motion_average,242,balanced
77,S2_FALL_23,2,1,0.9780879020690918,1,0.35,A1_motion_average,242,balanced
78,S2_FALL_24,2,1,0.9752912521362305,1,0.35,A1_motion_average,242,balanced
79,S2_FALL_25,2,1,0.9843941330909729,1,0.35,A1_motion_average,242,balanced
32,S2_ADL_01,2,0,0.013348878361284733,0,0.35,A1_motion_average,242,sensitivity
33,S2_ADL_02,2,0,0.0036046800669282675,0,0.35,A1_motion_average,242,sensitivity
34,S2_ADL_03,2,0,0.019111527130007744,0,0.35,A1_motion_average,242,sensitivity
35,S2_ADL_04,2,0,0.10547805577516556,0,0.35,A1_motion_average,242,sensitivity
36,S2_ADL_05,2,0,0.0014512933557853103,0,0.35,A1_motion_average,242,sensitivity
37,S2_ADL_06,2,0,0.00723743811249733,0,0.35,A1_motion_average,242,sensitivity
38,S2_ADL_07,2,0,0.0011867257999256253,0,0.35,A1_motion_average,242,sensitivity
39,S2_ADL_08,2,0,0.08562487363815308,0,0.35,A1_motion_average,242,sensitivity
40,S2_ADL_09,2,0,0.008459535427391529,0,0.35,A1_motion_average,242,sensitivity
41,S2_ADL_10,2,0,0.014114574529230595,0,0.35,A1_motion_average,242,sensitivity
42,S2_ADL_11,2,0,0.000532616744749248,0,0.35,A1_motion_average,242,sensitivity
43,S2_ADL_12,2,0,0.5398673415184021,1,0.35,A1_motion_average,242,sensitivity
44,S2_ADL_13,2,0,0.10495728254318237,0,0.35,A1_motion_average,242,sensitivity
45,S2_ADL_14,2,0,0.036115214228630066,0,0.35,A1_motion_average,242,sensitivity
46,S2_ADL_15,2,0,0.00112886109855026,0,0.35,A1_motion_average,242,sensitivity
47,S2_ADL_16,2,0,0.22403231263160706,0,0.35,A1_motion_average,242,sensitivity
48,S2_ADL_17,2,0,0.00024069976643659174,0,0.35,A1_motion_average,242,sensitivity
49,S2_ADL_18,2,0,8.563730807509273e-05,0,0.35,A1_motion_average,242,sensitivity
50,S2_ADL_19,2,0,0.49498820304870605,1,0.35,A1_motion_average,242,sensitivity
51,S2_ADL_20,2,0,0.0010036539752036333,0,0.35,A1_motion_average,242,sensitivity
52,S2_ADL_21,2,0,0.01963493600487709,0,0.35,A1_motion_average,242,sensitivity
53,S2_ADL_22,2,0,0.2900201082229614,0,0.35,A1_motion_average,242,sensitivity
54,S2_ADL_23,2,0,0.0021632069256156683,0,0.35,A1_motion_average,242,sensitivity
55,S2_FALL_01,2,1,0.9613151550292969,1,0.35,A1_motion_average,242,sensitivity
56,S2_FALL_02,2,1,0.9963249564170837,1,0.35,A1_motion_average,242,sensitivity
57,S2_FALL_03,2,1,0.46530142426490784,1,0.35,A1_motion_average,242,sensitivity
58,S2_FALL_04,2,1,0.9846237301826477,1,0.35,A1_motion_average,242,sensitivity
59,S2_FALL_05,2,1,0.8556607365608215,1,0.35,A1_motion_average,242,sensitivity
60,S2_FALL_06,2,1,0.8830384016036987,1,0.35,A1_motion_average,242,sensitivity
61,S2_FALL_07,2,1,0.9402042031288147,1,0.35,A1_motion_average,242,sensitivity
62,S2_FALL_08,2,1,0.8078154921531677,1,0.35,A1_motion_average,242,sensitivity
63,S2_FALL_09,2,1,0.9881004095077515,1,0.35,A1_motion_average,242,sensitivity
64,S2_FALL_10,2,1,0.9825370907783508,1,0.35,A1_motion_average,242,sensitivity
65,S2_FALL_11,2,1,0.9647737145423889,1,0.35,A1_motion_average,242,sensitivity
66,S2_FALL_12,2,1,0.5593380928039551,1,0.35,A1_motion_average,242,sensitivity
67,S2_FALL_13,2,1,0.8584150671958923,1,0.35,A1_motion_average,242,sensitivity
68,S2_FALL_14,2,1,0.8263518810272217,1,0.35,A1_motion_average,242,sensitivity
69,S2_FALL_15,2,1,0.16082395613193512,0,0.35,A1_motion_average,242,sensitivity
70,S2_FALL_16,2,1,0.998559296131134,1,0.35,A1_motion_average,242,sensitivity
71,S2_FALL_17,2,1,0.9965869188308716,1,0.35,A1_motion_average,242,sensitivity
72,S2_FALL_18,2,1,0.043899066746234894,0,0.35,A1_motion_average,242,sensitivity
73,S2_FALL_19,2,1,0.5363898873329163,1,0.35,A1_motion_average,242,sensitivity
74,S2_FALL_20,2,1,0.7024444341659546,1,0.35,A1_motion_average,242,sensitivity
75,S2_FALL_21,2,1,0.6491817235946655,1,0.35,A1_motion_average,242,sensitivity
76,S2_FALL_22,2,1,0.998598039150238,1,0.35,A1_motion_average,242,sensitivity
77,S2_FALL_23,2,1,0.9780879020690918,1,0.35,A1_motion_average,242,sensitivity
78,S2_FALL_24,2,1,0.9752912521362305,1,0.35,A1_motion_average,242,sensitivity
79,S2_FALL_25,2,1,0.9843941330909729,1,0.35,A1_motion_average,242,sensitivity
80,S3_ADL_01,3,0,0.0019891238771378994,0,0.5,A1_motion_average,242,fixed
81,S3_ADL_02,3,0,0.006744912825524807,0,0.5,A1_motion_average,242,fixed
82,S3_ADL_03,3,0,0.0048211622051894665,0,0.5,A1_motion_average,242,fixed
83,S3_ADL_04,3,0,0.008855185471475124,0,0.5,A1_motion_average,242,fixed
84,S3_ADL_05,3,0,0.18527080118656158,0,0.5,A1_motion_average,242,fixed
85,S3_ADL_06,3,0,0.9974918365478516,1,0.5,A1_motion_average,242,fixed
86,S3_ADL_07,3,0,0.6336768865585327,1,0.5,A1_motion_average,242,fixed
87,S3_ADL_08,3,0,0.8014326095581055,1,0.5,A1_motion_average,242,fixed
88,S3_ADL_09,3,0,0.002746770391240716,0,0.5,A1_motion_average,242,fixed
89,S3_ADL_10,3,0,0.00325901061296463,0,0.5,A1_motion_average,242,fixed
90,S3_ADL_11,3,0,0.0003140066110063344,0,0.5,A1_motion_average,242,fixed
91,S3_ADL_12,3,0,0.001603739452548325,0,0.5,A1_motion_average,242,fixed
92,S3_ADL_13,3,0,0.004831188358366489,0,0.5,A1_motion_average,242,fixed
93,S3_ADL_14,3,0,0.012310542166233063,0,0.5,A1_motion_average,242,fixed
94,S3_ADL_15,3,0,0.0032759050372987986,0,0.5,A1_motion_average,242,fixed
95,S3_ADL_16,3,0,0.0022658200468868017,0,0.5,A1_motion_average,242,fixed
96,S3_ADL_17,3,0,0.004098529927432537,0,0.5,A1_motion_average,242,fixed
97,S3_ADL_18,3,0,0.0013332657981663942,0,0.5,A1_motion_average,242,fixed
98,S3_ADL_19,3,0,0.00930689089000225,0,0.5,A1_motion_average,242,fixed
99,S3_ADL_20,3,0,0.00484437495470047,0,0.5,A1_motion_average,242,fixed
100,S3_ADL_21,3,0,0.0032663641031831503,0,0.5,A1_motion_average,242,fixed
101,S3_ADL_22,3,0,0.0028045375365763903,0,0.5,A1_motion_average,242,fixed
102,S3_FALL_01,3,1,0.9692240357398987,1,0.5,A1_motion_average,242,fixed
103,S3_FALL_02,3,1,0.9775920510292053,1,0.5,A1_motion_average,242,fixed
104,S3_FALL_03,3,1,0.9999898672103882,1,0.5,A1_motion_average,242,fixed
105,S3_FALL_04,3,1,0.9353093504905701,1,0.5,A1_motion_average,242,fixed
106,S3_FALL_05,3,1,0.9991932511329651,1,0.5,A1_motion_average,242,fixed
107,S3_FALL_06,3,1,0.5839210748672485,1,0.5,A1_motion_average,242,fixed
108,S3_FALL_07,3,1,0.9785375595092773,1,0.5,A1_motion_average,242,fixed
109,S3_FALL_08,3,1,0.9760925769805908,1,0.5,A1_motion_average,242,fixed
110,S3_FALL_09,3,1,0.9809972047805786,1,0.5,A1_motion_average,242,fixed
111,S3_FALL_10,3,1,0.6010321974754333,1,0.5,A1_motion_average,242,fixed
112,S3_FALL_11,3,1,0.9999418258666992,1,0.5,A1_motion_average,242,fixed
113,S3_FALL_12,3,1,0.9999345541000366,1,0.5,A1_motion_average,242,fixed
114,S3_FALL_13,3,1,0.9857726693153381,1,0.5,A1_motion_average,242,fixed
115,S3_FALL_14,3,1,0.9541527032852173,1,0.5,A1_motion_average,242,fixed
116,S3_FALL_15,3,1,0.9992673993110657,1,0.5,A1_motion_average,242,fixed
117,S3_FALL_16,3,1,0.9893224835395813,1,0.5,A1_motion_average,242,fixed
118,S3_FALL_17,3,1,0.29721754789352417,0,0.5,A1_motion_average,242,fixed
119,S3_FALL_18,3,1,0.9974508881568909,1,0.5,A1_motion_average,242,fixed
120,S3_FALL_19,3,1,0.9999620914459229,1,0.5,A1_motion_average,242,fixed
121,S3_FALL_20,3,1,0.9998452663421631,1,0.5,A1_motion_average,242,fixed
122,S3_FALL_21,3,1,0.9998276233673096,1,0.5,A1_motion_average,242,fixed
80,S3_ADL_01,3,0,0.0019891238771378994,0,0.44999999999999996,A1_motion_average,242,balanced
81,S3_ADL_02,3,0,0.006744912825524807,0,0.44999999999999996,A1_motion_average,242,balanced
82,S3_ADL_03,3,0,0.0048211622051894665,0,0.44999999999999996,A1_motion_average,242,balanced
83,S3_ADL_04,3,0,0.008855185471475124,0,0.44999999999999996,A1_motion_average,242,balanced
84,S3_ADL_05,3,0,0.18527080118656158,0,0.44999999999999996,A1_motion_average,242,balanced
85,S3_ADL_06,3,0,0.9974918365478516,1,0.44999999999999996,A1_motion_average,242,balanced
86,S3_ADL_07,3,0,0.6336768865585327,1,0.44999999999999996,A1_motion_average,242,balanced
87,S3_ADL_08,3,0,0.8014326095581055,1,0.44999999999999996,A1_motion_average,242,balanced
88,S3_ADL_09,3,0,0.002746770391240716,0,0.44999999999999996,A1_motion_average,242,balanced
89,S3_ADL_10,3,0,0.00325901061296463,0,0.44999999999999996,A1_motion_average,242,balanced
90,S3_ADL_11,3,0,0.0003140066110063344,0,0.44999999999999996,A1_motion_average,242,balanced
91,S3_ADL_12,3,0,0.001603739452548325,0,0.44999999999999996,A1_motion_average,242,balanced
92,S3_ADL_13,3,0,0.004831188358366489,0,0.44999999999999996,A1_motion_average,242,balanced
93,S3_ADL_14,3,0,0.012310542166233063,0,0.44999999999999996,A1_motion_average,242,balanced
94,S3_ADL_15,3,0,0.0032759050372987986,0,0.44999999999999996,A1_motion_average,242,balanced
95,S3_ADL_16,3,0,0.0022658200468868017,0,0.44999999999999996,A1_motion_average,242,balanced
96,S3_ADL_17,3,0,0.004098529927432537,0,0.44999999999999996,A1_motion_average,242,balanced
97,S3_ADL_18,3,0,0.0013332657981663942,0,0.44999999999999996,A1_motion_average,242,balanced
98,S3_ADL_19,3,0,0.00930689089000225,0,0.44999999999999996,A1_motion_average,242,balanced
99,S3_ADL_20,3,0,0.00484437495470047,0,0.44999999999999996,A1_motion_average,242,balanced
100,S3_ADL_21,3,0,0.0032663641031831503,0,0.44999999999999996,A1_motion_average,242,balanced
101,S3_ADL_22,3,0,0.0028045375365763903,0,0.44999999999999996,A1_motion_average,242,balanced
102,S3_FALL_01,3,1,0.9692240357398987,1,0.44999999999999996,A1_motion_average,242,balanced
103,S3_FALL_02,3,1,0.9775920510292053,1,0.44999999999999996,A1_motion_average,242,balanced
104,S3_FALL_03,3,1,0.9999898672103882,1,0.44999999999999996,A1_motion_average,242,balanced
105,S3_FALL_04,3,1,0.9353093504905701,1,0.44999999999999996,A1_motion_average,242,balanced
106,S3_FALL_05,3,1,0.9991932511329651,1,0.44999999999999996,A1_motion_average,242,balanced
107,S3_FALL_06,3,1,0.5839210748672485,1,0.44999999999999996,A1_motion_average,242,balanced
108,S3_FALL_07,3,1,0.9785375595092773,1,0.44999999999999996,A1_motion_average,242,balanced
109,S3_FALL_08,3,1,0.9760925769805908,1,0.44999999999999996,A1_motion_average,242,balanced
110,S3_FALL_09,3,1,0.9809972047805786,1,0.44999999999999996,A1_motion_average,242,balanced
111,S3_FALL_10,3,1,0.6010321974754333,1,0.44999999999999996,A1_motion_average,242,balanced
112,S3_FALL_11,3,1,0.9999418258666992,1,0.44999999999999996,A1_motion_average,242,balanced
113,S3_FALL_12,3,1,0.9999345541000366,1,0.44999999999999996,A1_motion_average,242,balanced
114,S3_FALL_13,3,1,0.9857726693153381,1,0.44999999999999996,A1_motion_average,242,balanced
115,S3_FALL_14,3,1,0.9541527032852173,1,0.44999999999999996,A1_motion_average,242,balanced
116,S3_FALL_15,3,1,0.9992673993110657,1,0.44999999999999996,A1_motion_average,242,balanced
117,S3_FALL_16,3,1,0.9893224835395813,1,0.44999999999999996,A1_motion_average,242,balanced
118,S3_FALL_17,3,1,0.29721754789352417,0,0.44999999999999996,A1_motion_average,242,balanced
119,S3_FALL_18,3,1,0.9974508881568909,1,0.44999999999999996,A1_motion_average,242,balanced
120,S3_FALL_19,3,1,0.9999620914459229,1,0.44999999999999996,A1_motion_average,242,balanced
121,S3_FALL_20,3,1,0.9998452663421631,1,0.44999999999999996,A1_motion_average,242,balanced
122,S3_FALL_21,3,1,0.9998276233673096,1,0.44999999999999996,A1_motion_average,242,balanced
80,S3_ADL_01,3,0,0.0019891238771378994,0,0.2,A1_motion_average,242,sensitivity
81,S3_ADL_02,3,0,0.006744912825524807,0,0.2,A1_motion_average,242,sensitivity
82,S3_ADL_03,3,0,0.0048211622051894665,0,0.2,A1_motion_average,242,sensitivity
83,S3_ADL_04,3,0,0.008855185471475124,0,0.2,A1_motion_average,242,sensitivity
84,S3_ADL_05,3,0,0.18527080118656158,0,0.2,A1_motion_average,242,sensitivity
85,S3_ADL_06,3,0,0.9974918365478516,1,0.2,A1_motion_average,242,sensitivity
86,S3_ADL_07,3,0,0.6336768865585327,1,0.2,A1_motion_average,242,sensitivity
87,S3_ADL_08,3,0,0.8014326095581055,1,0.2,A1_motion_average,242,sensitivity
88,S3_ADL_09,3,0,0.002746770391240716,0,0.2,A1_motion_average,242,sensitivity
89,S3_ADL_10,3,0,0.00325901061296463,0,0.2,A1_motion_average,242,sensitivity
90,S3_ADL_11,3,0,0.0003140066110063344,0,0.2,A1_motion_average,242,sensitivity
91,S3_ADL_12,3,0,0.001603739452548325,0,0.2,A1_motion_average,242,sensitivity
92,S3_ADL_13,3,0,0.004831188358366489,0,0.2,A1_motion_average,242,sensitivity
93,S3_ADL_14,3,0,0.012310542166233063,0,0.2,A1_motion_average,242,sensitivity
94,S3_ADL_15,3,0,0.0032759050372987986,0,0.2,A1_motion_average,242,sensitivity
95,S3_ADL_16,3,0,0.0022658200468868017,0,0.2,A1_motion_average,242,sensitivity
96,S3_ADL_17,3,0,0.004098529927432537,0,0.2,A1_motion_average,242,sensitivity
97,S3_ADL_18,3,0,0.0013332657981663942,0,0.2,A1_motion_average,242,sensitivity
98,S3_ADL_19,3,0,0.00930689089000225,0,0.2,A1_motion_average,242,sensitivity
99,S3_ADL_20,3,0,0.00484437495470047,0,0.2,A1_motion_average,242,sensitivity
100,S3_ADL_21,3,0,0.0032663641031831503,0,0.2,A1_motion_average,242,sensitivity
101,S3_ADL_22,3,0,0.0028045375365763903,0,0.2,A1_motion_average,242,sensitivity
102,S3_FALL_01,3,1,0.9692240357398987,1,0.2,A1_motion_average,242,sensitivity
103,S3_FALL_02,3,1,0.9775920510292053,1,0.2,A1_motion_average,242,sensitivity
104,S3_FALL_03,3,1,0.9999898672103882,1,0.2,A1_motion_average,242,sensitivity
105,S3_FALL_04,3,1,0.9353093504905701,1,0.2,A1_motion_average,242,sensitivity
106,S3_FALL_05,3,1,0.9991932511329651,1,0.2,A1_motion_average,242,sensitivity
107,S3_FALL_06,3,1,0.5839210748672485,1,0.2,A1_motion_average,242,sensitivity
108,S3_FALL_07,3,1,0.9785375595092773,1,0.2,A1_motion_average,242,sensitivity
109,S3_FALL_08,3,1,0.9760925769805908,1,0.2,A1_motion_average,242,sensitivity
110,S3_FALL_09,3,1,0.9809972047805786,1,0.2,A1_motion_average,242,sensitivity
111,S3_FALL_10,3,1,0.6010321974754333,1,0.2,A1_motion_average,242,sensitivity
112,S3_FALL_11,3,1,0.9999418258666992,1,0.2,A1_motion_average,242,sensitivity
113,S3_FALL_12,3,1,0.9999345541000366,1,0.2,A1_motion_average,242,sensitivity
114,S3_FALL_13,3,1,0.9857726693153381,1,0.2,A1_motion_average,242,sensitivity
115,S3_FALL_14,3,1,0.9541527032852173,1,0.2,A1_motion_average,242,sensitivity
116,S3_FALL_15,3,1,0.9992673993110657,1,0.2,A1_motion_average,242,sensitivity
117,S3_FALL_16,3,1,0.9893224835395813,1,0.2,A1_motion_average,242,sensitivity
118,S3_FALL_17,3,1,0.29721754789352417,1,0.2,A1_motion_average,242,sensitivity
119,S3_FALL_18,3,1,0.9974508881568909,1,0.2,A1_motion_average,242,sensitivity
120,S3_FALL_19,3,1,0.9999620914459229,1,0.2,A1_motion_average,242,sensitivity
121,S3_FALL_20,3,1,0.9998452663421631,1,0.2,A1_motion_average,242,sensitivity
122,S3_FALL_21,3,1,0.9998276233673096,1,0.2,A1_motion_average,242,sensitivity
123,S4_ADL_01,4,0,0.006049798801541328,0,0.5,A1_motion_average,242,fixed
124,S4_ADL_02,4,0,0.007646557874977589,0,0.5,A1_motion_average,242,fixed
125,S4_ADL_03,4,0,0.013874095864593983,0,0.5,A1_motion_average,242,fixed
126,S4_ADL_04,4,0,0.014051705598831177,0,0.5,A1_motion_average,242,fixed
127,S4_ADL_05,4,0,0.9999779462814331,1,0.5,A1_motion_average,242,fixed
128,S4_ADL_06,4,0,0.9992184638977051,1,0.5,A1_motion_average,242,fixed
129,S4_ADL_07,4,0,0.7860420942306519,1,0.5,A1_motion_average,242,fixed
130,S4_ADL_08,4,0,0.007462822832167149,0,0.5,A1_motion_average,242,fixed
131,S4_ADL_09,4,0,0.008878464810550213,0,0.5,A1_motion_average,242,fixed
132,S4_ADL_10,4,0,0.40828317403793335,0,0.5,A1_motion_average,242,fixed
133,S4_ADL_11,4,0,0.006216453388333321,0,0.5,A1_motion_average,242,fixed
134,S4_ADL_12,4,0,0.007105138152837753,0,0.5,A1_motion_average,242,fixed
135,S4_ADL_13,4,0,0.009602955542504787,0,0.5,A1_motion_average,242,fixed
136,S4_ADL_14,4,0,0.01170024648308754,0,0.5,A1_motion_average,242,fixed
137,S4_ADL_15,4,0,0.19885455071926117,0,0.5,A1_motion_average,242,fixed
138,S4_ADL_16,4,0,0.4589216709136963,0,0.5,A1_motion_average,242,fixed
139,S4_ADL_17,4,0,0.053074583411216736,0,0.5,A1_motion_average,242,fixed
140,S4_ADL_18,4,0,0.010736655443906784,0,0.5,A1_motion_average,242,fixed
141,S4_ADL_19,4,0,0.5386285781860352,1,0.5,A1_motion_average,242,fixed
142,S4_ADL_20,4,0,0.015934092923998833,0,0.5,A1_motion_average,242,fixed
143,S4_FALL_01,4,1,0.9860512018203735,1,0.5,A1_motion_average,242,fixed
144,S4_FALL_02,4,1,0.852304995059967,1,0.5,A1_motion_average,242,fixed
145,S4_FALL_03,4,1,0.9999679327011108,1,0.5,A1_motion_average,242,fixed
146,S4_FALL_04,4,1,0.9999386072158813,1,0.5,A1_motion_average,242,fixed
147,S4_FALL_05,4,1,0.3144809603691101,0,0.5,A1_motion_average,242,fixed
148,S4_FALL_06,4,1,0.9990367889404297,1,0.5,A1_motion_average,242,fixed
149,S4_FALL_07,4,1,0.9999918937683105,1,0.5,A1_motion_average,242,fixed
150,S4_FALL_08,4,1,0.9978075623512268,1,0.5,A1_motion_average,242,fixed
151,S4_FALL_09,4,1,0.9464081525802612,1,0.5,A1_motion_average,242,fixed
152,S4_FALL_10,4,1,0.9969906806945801,1,0.5,A1_motion_average,242,fixed
153,S4_FALL_11,4,1,1.0,1,0.5,A1_motion_average,242,fixed
154,S4_FALL_12,4,1,0.9981539845466614,1,0.5,A1_motion_average,242,fixed
155,S4_FALL_13,4,1,0.4471953213214874,0,0.5,A1_motion_average,242,fixed
156,S4_FALL_14,4,1,0.9984629154205322,1,0.5,A1_motion_average,242,fixed
157,S4_FALL_15,4,1,1.0,1,0.5,A1_motion_average,242,fixed
158,S4_FALL_16,4,1,0.9998016953468323,1,0.5,A1_motion_average,242,fixed
159,S4_FALL_17,4,1,0.9711853861808777,1,0.5,A1_motion_average,242,fixed
123,S4_ADL_01,4,0,0.006049798801541328,0,0.39999999999999997,A1_motion_average,242,balanced
124,S4_ADL_02,4,0,0.007646557874977589,0,0.39999999999999997,A1_motion_average,242,balanced
125,S4_ADL_03,4,0,0.013874095864593983,0,0.39999999999999997,A1_motion_average,242,balanced
126,S4_ADL_04,4,0,0.014051705598831177,0,0.39999999999999997,A1_motion_average,242,balanced
127,S4_ADL_05,4,0,0.9999779462814331,1,0.39999999999999997,A1_motion_average,242,balanced
128,S4_ADL_06,4,0,0.9992184638977051,1,0.39999999999999997,A1_motion_average,242,balanced
129,S4_ADL_07,4,0,0.7860420942306519,1,0.39999999999999997,A1_motion_average,242,balanced
130,S4_ADL_08,4,0,0.007462822832167149,0,0.39999999999999997,A1_motion_average,242,balanced
131,S4_ADL_09,4,0,0.008878464810550213,0,0.39999999999999997,A1_motion_average,242,balanced
132,S4_ADL_10,4,0,0.40828317403793335,1,0.39999999999999997,A1_motion_average,242,balanced
133,S4_ADL_11,4,0,0.006216453388333321,0,0.39999999999999997,A1_motion_average,242,balanced
134,S4_ADL_12,4,0,0.007105138152837753,0,0.39999999999999997,A1_motion_average,242,balanced
135,S4_ADL_13,4,0,0.009602955542504787,0,0.39999999999999997,A1_motion_average,242,balanced
136,S4_ADL_14,4,0,0.01170024648308754,0,0.39999999999999997,A1_motion_average,242,balanced
137,S4_ADL_15,4,0,0.19885455071926117,0,0.39999999999999997,A1_motion_average,242,balanced
138,S4_ADL_16,4,0,0.4589216709136963,1,0.39999999999999997,A1_motion_average,242,balanced
139,S4_ADL_17,4,0,0.053074583411216736,0,0.39999999999999997,A1_motion_average,242,balanced
140,S4_ADL_18,4,0,0.010736655443906784,0,0.39999999999999997,A1_motion_average,242,balanced
141,S4_ADL_19,4,0,0.5386285781860352,1,0.39999999999999997,A1_motion_average,242,balanced
142,S4_ADL_20,4,0,0.015934092923998833,0,0.39999999999999997,A1_motion_average,242,balanced
143,S4_FALL_01,4,1,0.9860512018203735,1,0.39999999999999997,A1_motion_average,242,balanced
144,S4_FALL_02,4,1,0.852304995059967,1,0.39999999999999997,A1_motion_average,242,balanced
145,S4_FALL_03,4,1,0.9999679327011108,1,0.39999999999999997,A1_motion_average,242,balanced
146,S4_FALL_04,4,1,0.9999386072158813,1,0.39999999999999997,A1_motion_average,242,balanced
147,S4_FALL_05,4,1,0.3144809603691101,0,0.39999999999999997,A1_motion_average,242,balanced
148,S4_FALL_06,4,1,0.9990367889404297,1,0.39999999999999997,A1_motion_average,242,balanced
149,S4_FALL_07,4,1,0.9999918937683105,1,0.39999999999999997,A1_motion_average,242,balanced
150,S4_FALL_08,4,1,0.9978075623512268,1,0.39999999999999997,A1_motion_average,242,balanced
151,S4_FALL_09,4,1,0.9464081525802612,1,0.39999999999999997,A1_motion_average,242,balanced
152,S4_FALL_10,4,1,0.9969906806945801,1,0.39999999999999997,A1_motion_average,242,balanced
153,S4_FALL_11,4,1,1.0,1,0.39999999999999997,A1_motion_average,242,balanced
154,S4_FALL_12,4,1,0.9981539845466614,1,0.39999999999999997,A1_motion_average,242,balanced
155,S4_FALL_13,4,1,0.4471953213214874,1,0.39999999999999997,A1_motion_average,242,balanced
156,S4_FALL_14,4,1,0.9984629154205322,1,0.39999999999999997,A1_motion_average,242,balanced
157,S4_FALL_15,4,1,1.0,1,0.39999999999999997,A1_motion_average,242,balanced
158,S4_FALL_16,4,1,0.9998016953468323,1,0.39999999999999997,A1_motion_average,242,balanced
159,S4_FALL_17,4,1,0.9711853861808777,1,0.39999999999999997,A1_motion_average,242,balanced
123,S4_ADL_01,4,0,0.006049798801541328,0,0.39999999999999997,A1_motion_average,242,sensitivity
124,S4_ADL_02,4,0,0.007646557874977589,0,0.39999999999999997,A1_motion_average,242,sensitivity
125,S4_ADL_03,4,0,0.013874095864593983,0,0.39999999999999997,A1_motion_average,242,sensitivity
126,S4_ADL_04,4,0,0.014051705598831177,0,0.39999999999999997,A1_motion_average,242,sensitivity
127,S4_ADL_05,4,0,0.9999779462814331,1,0.39999999999999997,A1_motion_average,242,sensitivity
128,S4_ADL_06,4,0,0.9992184638977051,1,0.39999999999999997,A1_motion_average,242,sensitivity
129,S4_ADL_07,4,0,0.7860420942306519,1,0.39999999999999997,A1_motion_average,242,sensitivity
130,S4_ADL_08,4,0,0.007462822832167149,0,0.39999999999999997,A1_motion_average,242,sensitivity
131,S4_ADL_09,4,0,0.008878464810550213,0,0.39999999999999997,A1_motion_average,242,sensitivity
132,S4_ADL_10,4,0,0.40828317403793335,1,0.39999999999999997,A1_motion_average,242,sensitivity
133,S4_ADL_11,4,0,0.006216453388333321,0,0.39999999999999997,A1_motion_average,242,sensitivity
134,S4_ADL_12,4,0,0.007105138152837753,0,0.39999999999999997,A1_motion_average,242,sensitivity
135,S4_ADL_13,4,0,0.009602955542504787,0,0.39999999999999997,A1_motion_average,242,sensitivity
136,S4_ADL_14,4,0,0.01170024648308754,0,0.39999999999999997,A1_motion_average,242,sensitivity
137,S4_ADL_15,4,0,0.19885455071926117,0,0.39999999999999997,A1_motion_average,242,sensitivity
138,S4_ADL_16,4,0,0.4589216709136963,1,0.39999999999999997,A1_motion_average,242,sensitivity
139,S4_ADL_17,4,0,0.053074583411216736,0,0.39999999999999997,A1_motion_average,242,sensitivity
140,S4_ADL_18,4,0,0.010736655443906784,0,0.39999999999999997,A1_motion_average,242,sensitivity
141,S4_ADL_19,4,0,0.5386285781860352,1,0.39999999999999997,A1_motion_average,242,sensitivity
142,S4_ADL_20,4,0,0.015934092923998833,0,0.39999999999999997,A1_motion_average,242,sensitivity
143,S4_FALL_01,4,1,0.9860512018203735,1,0.39999999999999997,A1_motion_average,242,sensitivity
144,S4_FALL_02,4,1,0.852304995059967,1,0.39999999999999997,A1_motion_average,242,sensitivity
145,S4_FALL_03,4,1,0.9999679327011108,1,0.39999999999999997,A1_motion_average,242,sensitivity
146,S4_FALL_04,4,1,0.9999386072158813,1,0.39999999999999997,A1_motion_average,242,sensitivity
147,S4_FALL_05,4,1,0.3144809603691101,0,0.39999999999999997,A1_motion_average,242,sensitivity
148,S4_FALL_06,4,1,0.9990367889404297,1,0.39999999999999997,A1_motion_average,242,sensitivity
149,S4_FALL_07,4,1,0.9999918937683105,1,0.39999999999999997,A1_motion_average,242,sensitivity
150,S4_FALL_08,4,1,0.9978075623512268,1,0.39999999999999997,A1_motion_average,242,sensitivity
151,S4_FALL_09,4,1,0.9464081525802612,1,0.39999999999999997,A1_motion_average,242,sensitivity
152,S4_FALL_10,4,1,0.9969906806945801,1,0.39999999999999997,A1_motion_average,242,sensitivity
153,S4_FALL_11,4,1,1.0,1,0.39999999999999997,A1_motion_average,242,sensitivity
154,S4_FALL_12,4,1,0.9981539845466614,1,0.39999999999999997,A1_motion_average,242,sensitivity
155,S4_FALL_13,4,1,0.4471953213214874,1,0.39999999999999997,A1_motion_average,242,sensitivity
156,S4_FALL_14,4,1,0.9984629154205322,1,0.39999999999999997,A1_motion_average,242,sensitivity
157,S4_FALL_15,4,1,1.0,1,0.39999999999999997,A1_motion_average,242,sensitivity
158,S4_FALL_16,4,1,0.9998016953468323,1,0.39999999999999997,A1_motion_average,242,sensitivity
159,S4_FALL_17,4,1,0.9711853861808777,1,0.39999999999999997,A1_motion_average,242,sensitivity
0,S1_ADL_01,1,0,0.4233218729496002,0,0.5,A1_motion_average,42,fixed
1,S1_ADL_02,1,0,0.275118887424469,0,0.5,A1_motion_average,42,fixed
2,S1_ADL_03,1,0,0.36513426899909973,0,0.5,A1_motion_average,42,fixed
3,S1_ADL_04,1,0,0.01388090755790472,0,0.5,A1_motion_average,42,fixed
4,S1_ADL_05,1,0,0.049043603241443634,0,0.5,A1_motion_average,42,fixed
5,S1_ADL_06,1,0,0.019830577075481415,0,0.5,A1_motion_average,42,fixed
6,S1_ADL_07,1,0,0.08737313002347946,0,0.5,A1_motion_average,42,fixed
7,S1_ADL_08,1,0,0.005591277498751879,0,0.5,A1_motion_average,42,fixed
8,S1_ADL_09,1,0,0.007012286689132452,0,0.5,A1_motion_average,42,fixed
9,S1_ADL_10,1,0,0.007477561477571726,0,0.5,A1_motion_average,42,fixed
10,S1_ADL_11,1,0,0.0046186125837266445,0,0.5,A1_motion_average,42,fixed
11,S1_ADL_12,1,0,0.16714264452457428,0,0.5,A1_motion_average,42,fixed
12,S1_ADL_13,1,0,0.00884263962507248,0,0.5,A1_motion_average,42,fixed
13,S1_ADL_14,1,0,0.013526154682040215,0,0.5,A1_motion_average,42,fixed
14,S1_ADL_15,1,0,0.019879398867487907,0,0.5,A1_motion_average,42,fixed
15,S1_ADL_16,1,0,0.07606559246778488,0,0.5,A1_motion_average,42,fixed
16,S1_FALL_01,1,1,0.9888150095939636,1,0.5,A1_motion_average,42,fixed
17,S1_FALL_02,1,1,0.9995442032814026,1,0.5,A1_motion_average,42,fixed
18,S1_FALL_03,1,1,0.9907957911491394,1,0.5,A1_motion_average,42,fixed
19,S1_FALL_04,1,1,0.999707043170929,1,0.5,A1_motion_average,42,fixed
20,S1_FALL_05,1,1,0.9992700219154358,1,0.5,A1_motion_average,42,fixed
21,S1_FALL_06,1,1,0.9990941286087036,1,0.5,A1_motion_average,42,fixed
22,S1_FALL_07,1,1,0.997899055480957,1,0.5,A1_motion_average,42,fixed
23,S1_FALL_08,1,1,0.9975156784057617,1,0.5,A1_motion_average,42,fixed
24,S1_FALL_09,1,1,0.9998949766159058,1,0.5,A1_motion_average,42,fixed
25,S1_FALL_10,1,1,0.9993979930877686,1,0.5,A1_motion_average,42,fixed
26,S1_FALL_11,1,1,0.6457922458648682,1,0.5,A1_motion_average,42,fixed
27,S1_FALL_12,1,1,0.9875487089157104,1,0.5,A1_motion_average,42,fixed
28,S1_FALL_13,1,1,0.4659031331539154,0,0.5,A1_motion_average,42,fixed
29,S1_FALL_14,1,1,0.9225651621818542,1,0.5,A1_motion_average,42,fixed
30,S1_FALL_15,1,1,0.9438461065292358,1,0.5,A1_motion_average,42,fixed
31,S1_FALL_16,1,1,0.8771205544471741,1,0.5,A1_motion_average,42,fixed
0,S1_ADL_01,1,0,0.4233218729496002,1,0.22499999999999998,A1_motion_average,42,balanced
1,S1_ADL_02,1,0,0.275118887424469,1,0.22499999999999998,A1_motion_average,42,balanced
2,S1_ADL_03,1,0,0.36513426899909973,1,0.22499999999999998,A1_motion_average,42,balanced
3,S1_ADL_04,1,0,0.01388090755790472,0,0.22499999999999998,A1_motion_average,42,balanced
4,S1_ADL_05,1,0,0.049043603241443634,0,0.22499999999999998,A1_motion_average,42,balanced
5,S1_ADL_06,1,0,0.019830577075481415,0,0.22499999999999998,A1_motion_average,42,balanced
6,S1_ADL_07,1,0,0.08737313002347946,0,0.22499999999999998,A1_motion_average,42,balanced
7,S1_ADL_08,1,0,0.005591277498751879,0,0.22499999999999998,A1_motion_average,42,balanced
8,S1_ADL_09,1,0,0.007012286689132452,0,0.22499999999999998,A1_motion_average,42,balanced
9,S1_ADL_10,1,0,0.007477561477571726,0,0.22499999999999998,A1_motion_average,42,balanced
10,S1_ADL_11,1,0,0.0046186125837266445,0,0.22499999999999998,A1_motion_average,42,balanced
11,S1_ADL_12,1,0,0.16714264452457428,0,0.22499999999999998,A1_motion_average,42,balanced
12,S1_ADL_13,1,0,0.00884263962507248,0,0.22499999999999998,A1_motion_average,42,balanced
13,S1_ADL_14,1,0,0.013526154682040215,0,0.22499999999999998,A1_motion_average,42,balanced
14,S1_ADL_15,1,0,0.019879398867487907,0,0.22499999999999998,A1_motion_average,42,balanced
15,S1_ADL_16,1,0,0.07606559246778488,0,0.22499999999999998,A1_motion_average,42,balanced
16,S1_FALL_01,1,1,0.9888150095939636,1,0.22499999999999998,A1_motion_average,42,balanced
17,S1_FALL_02,1,1,0.9995442032814026,1,0.22499999999999998,A1_motion_average,42,balanced
18,S1_FALL_03,1,1,0.9907957911491394,1,0.22499999999999998,A1_motion_average,42,balanced
19,S1_FALL_04,1,1,0.999707043170929,1,0.22499999999999998,A1_motion_average,42,balanced
20,S1_FALL_05,1,1,0.9992700219154358,1,0.22499999999999998,A1_motion_average,42,balanced
21,S1_FALL_06,1,1,0.9990941286087036,1,0.22499999999999998,A1_motion_average,42,balanced
22,S1_FALL_07,1,1,0.997899055480957,1,0.22499999999999998,A1_motion_average,42,balanced
23,S1_FALL_08,1,1,0.9975156784057617,1,0.22499999999999998,A1_motion_average,42,balanced
24,S1_FALL_09,1,1,0.9998949766159058,1,0.22499999999999998,A1_motion_average,42,balanced
25,S1_FALL_10,1,1,0.9993979930877686,1,0.22499999999999998,A1_motion_average,42,balanced
26,S1_FALL_11,1,1,0.6457922458648682,1,0.22499999999999998,A1_motion_average,42,balanced
27,S1_FALL_12,1,1,0.9875487089157104,1,0.22499999999999998,A1_motion_average,42,balanced
28,S1_FALL_13,1,1,0.4659031331539154,1,0.22499999999999998,A1_motion_average,42,balanced
29,S1_FALL_14,1,1,0.9225651621818542,1,0.22499999999999998,A1_motion_average,42,balanced
30,S1_FALL_15,1,1,0.9438461065292358,1,0.22499999999999998,A1_motion_average,42,balanced
31,S1_FALL_16,1,1,0.8771205544471741,1,0.22499999999999998,A1_motion_average,42,balanced
0,S1_ADL_01,1,0,0.4233218729496002,1,0.22499999999999998,A1_motion_average,42,sensitivity
1,S1_ADL_02,1,0,0.275118887424469,1,0.22499999999999998,A1_motion_average,42,sensitivity
2,S1_ADL_03,1,0,0.36513426899909973,1,0.22499999999999998,A1_motion_average,42,sensitivity
3,S1_ADL_04,1,0,0.01388090755790472,0,0.22499999999999998,A1_motion_average,42,sensitivity
4,S1_ADL_05,1,0,0.049043603241443634,0,0.22499999999999998,A1_motion_average,42,sensitivity
5,S1_ADL_06,1,0,0.019830577075481415,0,0.22499999999999998,A1_motion_average,42,sensitivity
6,S1_ADL_07,1,0,0.08737313002347946,0,0.22499999999999998,A1_motion_average,42,sensitivity
7,S1_ADL_08,1,0,0.005591277498751879,0,0.22499999999999998,A1_motion_average,42,sensitivity
8,S1_ADL_09,1,0,0.007012286689132452,0,0.22499999999999998,A1_motion_average,42,sensitivity
9,S1_ADL_10,1,0,0.007477561477571726,0,0.22499999999999998,A1_motion_average,42,sensitivity
10,S1_ADL_11,1,0,0.0046186125837266445,0,0.22499999999999998,A1_motion_average,42,sensitivity
11,S1_ADL_12,1,0,0.16714264452457428,0,0.22499999999999998,A1_motion_average,42,sensitivity
12,S1_ADL_13,1,0,0.00884263962507248,0,0.22499999999999998,A1_motion_average,42,sensitivity
13,S1_ADL_14,1,0,0.013526154682040215,0,0.22499999999999998,A1_motion_average,42,sensitivity
14,S1_ADL_15,1,0,0.019879398867487907,0,0.22499999999999998,A1_motion_average,42,sensitivity
15,S1_ADL_16,1,0,0.07606559246778488,0,0.22499999999999998,A1_motion_average,42,sensitivity
16,S1_FALL_01,1,1,0.9888150095939636,1,0.22499999999999998,A1_motion_average,42,sensitivity
17,S1_FALL_02,1,1,0.9995442032814026,1,0.22499999999999998,A1_motion_average,42,sensitivity
18,S1_FALL_03,1,1,0.9907957911491394,1,0.22499999999999998,A1_motion_average,42,sensitivity
19,S1_FALL_04,1,1,0.999707043170929,1,0.22499999999999998,A1_motion_average,42,sensitivity
20,S1_FALL_05,1,1,0.9992700219154358,1,0.22499999999999998,A1_motion_average,42,sensitivity
21,S1_FALL_06,1,1,0.9990941286087036,1,0.22499999999999998,A1_motion_average,42,sensitivity
22,S1_FALL_07,1,1,0.997899055480957,1,0.22499999999999998,A1_motion_average,42,sensitivity
23,S1_FALL_08,1,1,0.9975156784057617,1,0.22499999999999998,A1_motion_average,42,sensitivity
24,S1_FALL_09,1,1,0.9998949766159058,1,0.22499999999999998,A1_motion_average,42,sensitivity
25,S1_FALL_10,1,1,0.9993979930877686,1,0.22499999999999998,A1_motion_average,42,sensitivity
26,S1_FALL_11,1,1,0.6457922458648682,1,0.22499999999999998,A1_motion_average,42,sensitivity
27,S1_FALL_12,1,1,0.9875487089157104,1,0.22499999999999998,A1_motion_average,42,sensitivity
28,S1_FALL_13,1,1,0.4659031331539154,1,0.22499999999999998,A1_motion_average,42,sensitivity
29,S1_FALL_14,1,1,0.9225651621818542,1,0.22499999999999998,A1_motion_average,42,sensitivity
30,S1_FALL_15,1,1,0.9438461065292358,1,0.22499999999999998,A1_motion_average,42,sensitivity
31,S1_FALL_16,1,1,0.8771205544471741,1,0.22499999999999998,A1_motion_average,42,sensitivity
32,S2_ADL_01,2,0,0.2186799794435501,0,0.5,A1_motion_average,42,fixed
33,S2_ADL_02,2,0,0.028401313349604607,0,0.5,A1_motion_average,42,fixed
34,S2_ADL_03,2,0,0.05756127089262009,0,0.5,A1_motion_average,42,fixed
35,S2_ADL_04,2,0,0.10419503599405289,0,0.5,A1_motion_average,42,fixed
36,S2_ADL_05,2,0,0.006541780661791563,0,0.5,A1_motion_average,42,fixed
37,S2_ADL_06,2,0,0.041253652423620224,0,0.5,A1_motion_average,42,fixed
38,S2_ADL_07,2,0,0.01754421554505825,0,0.5,A1_motion_average,42,fixed
39,S2_ADL_08,2,0,0.1572374552488327,0,0.5,A1_motion_average,42,fixed
40,S2_ADL_09,2,0,0.21409720182418823,0,0.5,A1_motion_average,42,fixed
41,S2_ADL_10,2,0,0.21137896180152893,0,0.5,A1_motion_average,42,fixed
42,S2_ADL_11,2,0,0.005231533665210009,0,0.5,A1_motion_average,42,fixed
43,S2_ADL_12,2,0,0.6543229222297668,1,0.5,A1_motion_average,42,fixed
44,S2_ADL_13,2,0,0.19938047230243683,0,0.5,A1_motion_average,42,fixed
45,S2_ADL_14,2,0,0.0916353315114975,0,0.5,A1_motion_average,42,fixed
46,S2_ADL_15,2,0,0.0018163853092119098,0,0.5,A1_motion_average,42,fixed
47,S2_ADL_16,2,0,0.0821685642004013,0,0.5,A1_motion_average,42,fixed
48,S2_ADL_17,2,0,0.004229631274938583,0,0.5,A1_motion_average,42,fixed
49,S2_ADL_18,2,0,0.001985771581530571,0,0.5,A1_motion_average,42,fixed
50,S2_ADL_19,2,0,0.3149455189704895,0,0.5,A1_motion_average,42,fixed
51,S2_ADL_20,2,0,0.0258790235966444,0,0.5,A1_motion_average,42,fixed
52,S2_ADL_21,2,0,0.04055752977728844,0,0.5,A1_motion_average,42,fixed
53,S2_ADL_22,2,0,0.17910674214363098,0,0.5,A1_motion_average,42,fixed
54,S2_ADL_23,2,0,0.005672588478773832,0,0.5,A1_motion_average,42,fixed
55,S2_FALL_01,2,1,0.9296137690544128,1,0.5,A1_motion_average,42,fixed
56,S2_FALL_02,2,1,0.999988317489624,1,0.5,A1_motion_average,42,fixed
57,S2_FALL_03,2,1,0.24060575664043427,0,0.5,A1_motion_average,42,fixed
58,S2_FALL_04,2,1,0.998336672782898,1,0.5,A1_motion_average,42,fixed
59,S2_FALL_05,2,1,0.9909040331840515,1,0.5,A1_motion_average,42,fixed
60,S2_FALL_06,2,1,0.9979745745658875,1,0.5,A1_motion_average,42,fixed
61,S2_FALL_07,2,1,0.7285817861557007,1,0.5,A1_motion_average,42,fixed
62,S2_FALL_08,2,1,0.9109032154083252,1,0.5,A1_motion_average,42,fixed
63,S2_FALL_09,2,1,0.9998385906219482,1,0.5,A1_motion_average,42,fixed
64,S2_FALL_10,2,1,0.9996547698974609,1,0.5,A1_motion_average,42,fixed
65,S2_FALL_11,2,1,0.9990984201431274,1,0.5,A1_motion_average,42,fixed
66,S2_FALL_12,2,1,0.9971684813499451,1,0.5,A1_motion_average,42,fixed
67,S2_FALL_13,2,1,0.4425899386405945,0,0.5,A1_motion_average,42,fixed
68,S2_FALL_14,2,1,0.9412757158279419,1,0.5,A1_motion_average,42,fixed
69,S2_FALL_15,2,1,0.8005637526512146,1,0.5,A1_motion_average,42,fixed
70,S2_FALL_16,2,1,0.9999911785125732,1,0.5,A1_motion_average,42,fixed
71,S2_FALL_17,2,1,0.9999719858169556,1,0.5,A1_motion_average,42,fixed
72,S2_FALL_18,2,1,0.8596373796463013,1,0.5,A1_motion_average,42,fixed
73,S2_FALL_19,2,1,0.9795871376991272,1,0.5,A1_motion_average,42,fixed
74,S2_FALL_20,2,1,0.9962239265441895,1,0.5,A1_motion_average,42,fixed
75,S2_FALL_21,2,1,0.9988763928413391,1,0.5,A1_motion_average,42,fixed
76,S2_FALL_22,2,1,0.999992847442627,1,0.5,A1_motion_average,42,fixed
77,S2_FALL_23,2,1,0.9996585845947266,1,0.5,A1_motion_average,42,fixed
78,S2_FALL_24,2,1,0.9971233010292053,1,0.5,A1_motion_average,42,fixed
79,S2_FALL_25,2,1,0.9999186992645264,1,0.5,A1_motion_average,42,fixed
32,S2_ADL_01,2,0,0.2186799794435501,0,0.475,A1_motion_average,42,balanced
33,S2_ADL_02,2,0,0.028401313349604607,0,0.475,A1_motion_average,42,balanced
34,S2_ADL_03,2,0,0.05756127089262009,0,0.475,A1_motion_average,42,balanced
35,S2_ADL_04,2,0,0.10419503599405289,0,0.475,A1_motion_average,42,balanced
36,S2_ADL_05,2,0,0.006541780661791563,0,0.475,A1_motion_average,42,balanced
37,S2_ADL_06,2,0,0.041253652423620224,0,0.475,A1_motion_average,42,balanced
38,S2_ADL_07,2,0,0.01754421554505825,0,0.475,A1_motion_average,42,balanced
39,S2_ADL_08,2,0,0.1572374552488327,0,0.475,A1_motion_average,42,balanced
40,S2_ADL_09,2,0,0.21409720182418823,0,0.475,A1_motion_average,42,balanced
41,S2_ADL_10,2,0,0.21137896180152893,0,0.475,A1_motion_average,42,balanced
42,S2_ADL_11,2,0,0.005231533665210009,0,0.475,A1_motion_average,42,balanced
43,S2_ADL_12,2,0,0.6543229222297668,1,0.475,A1_motion_average,42,balanced
44,S2_ADL_13,2,0,0.19938047230243683,0,0.475,A1_motion_average,42,balanced
45,S2_ADL_14,2,0,0.0916353315114975,0,0.475,A1_motion_average,42,balanced
46,S2_ADL_15,2,0,0.0018163853092119098,0,0.475,A1_motion_average,42,balanced
47,S2_ADL_16,2,0,0.0821685642004013,0,0.475,A1_motion_average,42,balanced
48,S2_ADL_17,2,0,0.004229631274938583,0,0.475,A1_motion_average,42,balanced
49,S2_ADL_18,2,0,0.001985771581530571,0,0.475,A1_motion_average,42,balanced
50,S2_ADL_19,2,0,0.3149455189704895,0,0.475,A1_motion_average,42,balanced
51,S2_ADL_20,2,0,0.0258790235966444,0,0.475,A1_motion_average,42,balanced
52,S2_ADL_21,2,0,0.04055752977728844,0,0.475,A1_motion_average,42,balanced
53,S2_ADL_22,2,0,0.17910674214363098,0,0.475,A1_motion_average,42,balanced
54,S2_ADL_23,2,0,0.005672588478773832,0,0.475,A1_motion_average,42,balanced
55,S2_FALL_01,2,1,0.9296137690544128,1,0.475,A1_motion_average,42,balanced
56,S2_FALL_02,2,1,0.999988317489624,1,0.475,A1_motion_average,42,balanced
57,S2_FALL_03,2,1,0.24060575664043427,0,0.475,A1_motion_average,42,balanced
58,S2_FALL_04,2,1,0.998336672782898,1,0.475,A1_motion_average,42,balanced
59,S2_FALL_05,2,1,0.9909040331840515,1,0.475,A1_motion_average,42,balanced
60,S2_FALL_06,2,1,0.9979745745658875,1,0.475,A1_motion_average,42,balanced
61,S2_FALL_07,2,1,0.7285817861557007,1,0.475,A1_motion_average,42,balanced
62,S2_FALL_08,2,1,0.9109032154083252,1,0.475,A1_motion_average,42,balanced
63,S2_FALL_09,2,1,0.9998385906219482,1,0.475,A1_motion_average,42,balanced
64,S2_FALL_10,2,1,0.9996547698974609,1,0.475,A1_motion_average,42,balanced
65,S2_FALL_11,2,1,0.9990984201431274,1,0.475,A1_motion_average,42,balanced
66,S2_FALL_12,2,1,0.9971684813499451,1,0.475,A1_motion_average,42,balanced
67,S2_FALL_13,2,1,0.4425899386405945,0,0.475,A1_motion_average,42,balanced
68,S2_FALL_14,2,1,0.9412757158279419,1,0.475,A1_motion_average,42,balanced
69,S2_FALL_15,2,1,0.8005637526512146,1,0.475,A1_motion_average,42,balanced
70,S2_FALL_16,2,1,0.9999911785125732,1,0.475,A1_motion_average,42,balanced
71,S2_FALL_17,2,1,0.9999719858169556,1,0.475,A1_motion_average,42,balanced
72,S2_FALL_18,2,1,0.8596373796463013,1,0.475,A1_motion_average,42,balanced
73,S2_FALL_19,2,1,0.9795871376991272,1,0.475,A1_motion_average,42,balanced
74,S2_FALL_20,2,1,0.9962239265441895,1,0.475,A1_motion_average,42,balanced
75,S2_FALL_21,2,1,0.9988763928413391,1,0.475,A1_motion_average,42,balanced
76,S2_FALL_22,2,1,0.999992847442627,1,0.475,A1_motion_average,42,balanced
77,S2_FALL_23,2,1,0.9996585845947266,1,0.475,A1_motion_average,42,balanced
78,S2_FALL_24,2,1,0.9971233010292053,1,0.475,A1_motion_average,42,balanced
79,S2_FALL_25,2,1,0.9999186992645264,1,0.475,A1_motion_average,42,balanced
32,S2_ADL_01,2,0,0.2186799794435501,0,0.25,A1_motion_average,42,sensitivity
33,S2_ADL_02,2,0,0.028401313349604607,0,0.25,A1_motion_average,42,sensitivity
34,S2_ADL_03,2,0,0.05756127089262009,0,0.25,A1_motion_average,42,sensitivity
35,S2_ADL_04,2,0,0.10419503599405289,0,0.25,A1_motion_average,42,sensitivity
36,S2_ADL_05,2,0,0.006541780661791563,0,0.25,A1_motion_average,42,sensitivity
37,S2_ADL_06,2,0,0.041253652423620224,0,0.25,A1_motion_average,42,sensitivity
38,S2_ADL_07,2,0,0.01754421554505825,0,0.25,A1_motion_average,42,sensitivity
39,S2_ADL_08,2,0,0.1572374552488327,0,0.25,A1_motion_average,42,sensitivity
40,S2_ADL_09,2,0,0.21409720182418823,0,0.25,A1_motion_average,42,sensitivity
41,S2_ADL_10,2,0,0.21137896180152893,0,0.25,A1_motion_average,42,sensitivity
42,S2_ADL_11,2,0,0.005231533665210009,0,0.25,A1_motion_average,42,sensitivity
43,S2_ADL_12,2,0,0.6543229222297668,1,0.25,A1_motion_average,42,sensitivity
44,S2_ADL_13,2,0,0.19938047230243683,0,0.25,A1_motion_average,42,sensitivity
45,S2_ADL_14,2,0,0.0916353315114975,0,0.25,A1_motion_average,42,sensitivity
46,S2_ADL_15,2,0,0.0018163853092119098,0,0.25,A1_motion_average,42,sensitivity
47,S2_ADL_16,2,0,0.0821685642004013,0,0.25,A1_motion_average,42,sensitivity
48,S2_ADL_17,2,0,0.004229631274938583,0,0.25,A1_motion_average,42,sensitivity
49,S2_ADL_18,2,0,0.001985771581530571,0,0.25,A1_motion_average,42,sensitivity
50,S2_ADL_19,2,0,0.3149455189704895,1,0.25,A1_motion_average,42,sensitivity
51,S2_ADL_20,2,0,0.0258790235966444,0,0.25,A1_motion_average,42,sensitivity
52,S2_ADL_21,2,0,0.04055752977728844,0,0.25,A1_motion_average,42,sensitivity
53,S2_ADL_22,2,0,0.17910674214363098,0,0.25,A1_motion_average,42,sensitivity
54,S2_ADL_23,2,0,0.005672588478773832,0,0.25,A1_motion_average,42,sensitivity
55,S2_FALL_01,2,1,0.9296137690544128,1,0.25,A1_motion_average,42,sensitivity
56,S2_FALL_02,2,1,0.999988317489624,1,0.25,A1_motion_average,42,sensitivity
57,S2_FALL_03,2,1,0.24060575664043427,0,0.25,A1_motion_average,42,sensitivity
58,S2_FALL_04,2,1,0.998336672782898,1,0.25,A1_motion_average,42,sensitivity
59,S2_FALL_05,2,1,0.9909040331840515,1,0.25,A1_motion_average,42,sensitivity
60,S2_FALL_06,2,1,0.9979745745658875,1,0.25,A1_motion_average,42,sensitivity
61,S2_FALL_07,2,1,0.7285817861557007,1,0.25,A1_motion_average,42,sensitivity
62,S2_FALL_08,2,1,0.9109032154083252,1,0.25,A1_motion_average,42,sensitivity
63,S2_FALL_09,2,1,0.9998385906219482,1,0.25,A1_motion_average,42,sensitivity
64,S2_FALL_10,2,1,0.9996547698974609,1,0.25,A1_motion_average,42,sensitivity
65,S2_FALL_11,2,1,0.9990984201431274,1,0.25,A1_motion_average,42,sensitivity
66,S2_FALL_12,2,1,0.9971684813499451,1,0.25,A1_motion_average,42,sensitivity
67,S2_FALL_13,2,1,0.4425899386405945,1,0.25,A1_motion_average,42,sensitivity
68,S2_FALL_14,2,1,0.9412757158279419,1,0.25,A1_motion_average,42,sensitivity
69,S2_FALL_15,2,1,0.8005637526512146,1,0.25,A1_motion_average,42,sensitivity
70,S2_FALL_16,2,1,0.9999911785125732,1,0.25,A1_motion_average,42,sensitivity
71,S2_FALL_17,2,1,0.9999719858169556,1,0.25,A1_motion_average,42,sensitivity
72,S2_FALL_18,2,1,0.8596373796463013,1,0.25,A1_motion_average,42,sensitivity
73,S2_FALL_19,2,1,0.9795871376991272,1,0.25,A1_motion_average,42,sensitivity
74,S2_FALL_20,2,1,0.9962239265441895,1,0.25,A1_motion_average,42,sensitivity
75,S2_FALL_21,2,1,0.9988763928413391,1,0.25,A1_motion_average,42,sensitivity
76,S2_FALL_22,2,1,0.999992847442627,1,0.25,A1_motion_average,42,sensitivity
77,S2_FALL_23,2,1,0.9996585845947266,1,0.25,A1_motion_average,42,sensitivity
78,S2_FALL_24,2,1,0.9971233010292053,1,0.25,A1_motion_average,42,sensitivity
79,S2_FALL_25,2,1,0.9999186992645264,1,0.25,A1_motion_average,42,sensitivity
80,S3_ADL_01,3,0,0.01360065583139658,0,0.5,A1_motion_average,42,fixed
81,S3_ADL_02,3,0,0.013351095840334892,0,0.5,A1_motion_average,42,fixed
82,S3_ADL_03,3,0,0.01518591120839119,0,0.5,A1_motion_average,42,fixed
83,S3_ADL_04,3,0,0.02107127569615841,0,0.5,A1_motion_average,42,fixed
84,S3_ADL_05,3,0,0.18125629425048828,0,0.5,A1_motion_average,42,fixed
85,S3_ADL_06,3,0,0.6474719047546387,1,0.5,A1_motion_average,42,fixed
86,S3_ADL_07,3,0,0.5492145419120789,1,0.5,A1_motion_average,42,fixed
87,S3_ADL_08,3,0,0.2769657075405121,0,0.5,A1_motion_average,42,fixed
88,S3_ADL_09,3,0,0.00955362617969513,0,0.5,A1_motion_average,42,fixed
89,S3_ADL_10,3,0,0.00917726755142212,0,0.5,A1_motion_average,42,fixed
90,S3_ADL_11,3,0,0.006019523832947016,0,0.5,A1_motion_average,42,fixed
91,S3_ADL_12,3,0,0.008779370225965977,0,0.5,A1_motion_average,42,fixed
92,S3_ADL_13,3,0,0.03956218063831329,0,0.5,A1_motion_average,42,fixed
93,S3_ADL_14,3,0,0.10817087441682816,0,0.5,A1_motion_average,42,fixed
94,S3_ADL_15,3,0,0.010038882493972778,0,0.5,A1_motion_average,42,fixed
95,S3_ADL_16,3,0,0.008407951332628727,0,0.5,A1_motion_average,42,fixed
96,S3_ADL_17,3,0,0.009807691909372807,0,0.5,A1_motion_average,42,fixed
97,S3_ADL_18,3,0,0.006070992909371853,0,0.5,A1_motion_average,42,fixed
98,S3_ADL_19,3,0,0.01846236176788807,0,0.5,A1_motion_average,42,fixed
99,S3_ADL_20,3,0,0.010313122533261776,0,0.5,A1_motion_average,42,fixed
100,S3_ADL_21,3,0,0.008672853000462055,0,0.5,A1_motion_average,42,fixed
101,S3_ADL_22,3,0,0.009248374961316586,0,0.5,A1_motion_average,42,fixed
102,S3_FALL_01,3,1,0.7633739113807678,1,0.5,A1_motion_average,42,fixed
103,S3_FALL_02,3,1,0.5451247096061707,1,0.5,A1_motion_average,42,fixed
104,S3_FALL_03,3,1,0.9950260519981384,1,0.5,A1_motion_average,42,fixed
105,S3_FALL_04,3,1,0.3467787802219391,0,0.5,A1_motion_average,42,fixed
106,S3_FALL_05,3,1,0.9385804533958435,1,0.5,A1_motion_average,42,fixed
107,S3_FALL_06,3,1,0.08411416411399841,0,0.5,A1_motion_average,42,fixed
108,S3_FALL_07,3,1,0.8150447010993958,1,0.5,A1_motion_average,42,fixed
109,S3_FALL_08,3,1,0.6833896636962891,1,0.5,A1_motion_average,42,fixed
110,S3_FALL_09,3,1,0.7670881748199463,1,0.5,A1_motion_average,42,fixed
111,S3_FALL_10,3,1,0.5867080688476562,1,0.5,A1_motion_average,42,fixed
112,S3_FALL_11,3,1,0.9998718500137329,1,0.5,A1_motion_average,42,fixed
113,S3_FALL_12,3,1,0.994100034236908,1,0.5,A1_motion_average,42,fixed
114,S3_FALL_13,3,1,0.760462760925293,1,0.5,A1_motion_average,42,fixed
115,S3_FALL_14,3,1,0.9200862646102905,1,0.5,A1_motion_average,42,fixed
116,S3_FALL_15,3,1,0.9617157578468323,1,0.5,A1_motion_average,42,fixed
117,S3_FALL_16,3,1,0.7356287837028503,1,0.5,A1_motion_average,42,fixed
118,S3_FALL_17,3,1,0.31746605038642883,0,0.5,A1_motion_average,42,fixed
119,S3_FALL_18,3,1,0.9384665489196777,1,0.5,A1_motion_average,42,fixed
120,S3_FALL_19,3,1,0.9777372479438782,1,0.5,A1_motion_average,42,fixed
121,S3_FALL_20,3,1,0.9975032210350037,1,0.5,A1_motion_average,42,fixed
122,S3_FALL_21,3,1,0.9775316715240479,1,0.5,A1_motion_average,42,fixed
80,S3_ADL_01,3,0,0.01360065583139658,0,0.37499999999999994,A1_motion_average,42,balanced
81,S3_ADL_02,3,0,0.013351095840334892,0,0.37499999999999994,A1_motion_average,42,balanced
82,S3_ADL_03,3,0,0.01518591120839119,0,0.37499999999999994,A1_motion_average,42,balanced
83,S3_ADL_04,3,0,0.02107127569615841,0,0.37499999999999994,A1_motion_average,42,balanced
84,S3_ADL_05,3,0,0.18125629425048828,0,0.37499999999999994,A1_motion_average,42,balanced
85,S3_ADL_06,3,0,0.6474719047546387,1,0.37499999999999994,A1_motion_average,42,balanced
86,S3_ADL_07,3,0,0.5492145419120789,1,0.37499999999999994,A1_motion_average,42,balanced
87,S3_ADL_08,3,0,0.2769657075405121,0,0.37499999999999994,A1_motion_average,42,balanced
88,S3_ADL_09,3,0,0.00955362617969513,0,0.37499999999999994,A1_motion_average,42,balanced
89,S3_ADL_10,3,0,0.00917726755142212,0,0.37499999999999994,A1_motion_average,42,balanced
90,S3_ADL_11,3,0,0.006019523832947016,0,0.37499999999999994,A1_motion_average,42,balanced
91,S3_ADL_12,3,0,0.008779370225965977,0,0.37499999999999994,A1_motion_average,42,balanced
92,S3_ADL_13,3,0,0.03956218063831329,0,0.37499999999999994,A1_motion_average,42,balanced
93,S3_ADL_14,3,0,0.10817087441682816,0,0.37499999999999994,A1_motion_average,42,balanced
94,S3_ADL_15,3,0,0.010038882493972778,0,0.37499999999999994,A1_motion_average,42,balanced
95,S3_ADL_16,3,0,0.008407951332628727,0,0.37499999999999994,A1_motion_average,42,balanced
96,S3_ADL_17,3,0,0.009807691909372807,0,0.37499999999999994,A1_motion_average,42,balanced
97,S3_ADL_18,3,0,0.006070992909371853,0,0.37499999999999994,A1_motion_average,42,balanced
98,S3_ADL_19,3,0,0.01846236176788807,0,0.37499999999999994,A1_motion_average,42,balanced
99,S3_ADL_20,3,0,0.010313122533261776,0,0.37499999999999994,A1_motion_average,42,balanced
100,S3_ADL_21,3,0,0.008672853000462055,0,0.37499999999999994,A1_motion_average,42,balanced
101,S3_ADL_22,3,0,0.009248374961316586,0,0.37499999999999994,A1_motion_average,42,balanced
102,S3_FALL_01,3,1,0.7633739113807678,1,0.37499999999999994,A1_motion_average,42,balanced
103,S3_FALL_02,3,1,0.5451247096061707,1,0.37499999999999994,A1_motion_average,42,balanced
104,S3_FALL_03,3,1,0.9950260519981384,1,0.37499999999999994,A1_motion_average,42,balanced
105,S3_FALL_04,3,1,0.3467787802219391,0,0.37499999999999994,A1_motion_average,42,balanced
106,S3_FALL_05,3,1,0.9385804533958435,1,0.37499999999999994,A1_motion_average,42,balanced
107,S3_FALL_06,3,1,0.08411416411399841,0,0.37499999999999994,A1_motion_average,42,balanced
108,S3_FALL_07,3,1,0.8150447010993958,1,0.37499999999999994,A1_motion_average,42,balanced
109,S3_FALL_08,3,1,0.6833896636962891,1,0.37499999999999994,A1_motion_average,42,balanced
110,S3_FALL_09,3,1,0.7670881748199463,1,0.37499999999999994,A1_motion_average,42,balanced
111,S3_FALL_10,3,1,0.5867080688476562,1,0.37499999999999994,A1_motion_average,42,balanced
112,S3_FALL_11,3,1,0.9998718500137329,1,0.37499999999999994,A1_motion_average,42,balanced
113,S3_FALL_12,3,1,0.994100034236908,1,0.37499999999999994,A1_motion_average,42,balanced
114,S3_FALL_13,3,1,0.760462760925293,1,0.37499999999999994,A1_motion_average,42,balanced
115,S3_FALL_14,3,1,0.9200862646102905,1,0.37499999999999994,A1_motion_average,42,balanced
116,S3_FALL_15,3,1,0.9617157578468323,1,0.37499999999999994,A1_motion_average,42,balanced
117,S3_FALL_16,3,1,0.7356287837028503,1,0.37499999999999994,A1_motion_average,42,balanced
118,S3_FALL_17,3,1,0.31746605038642883,0,0.37499999999999994,A1_motion_average,42,balanced
119,S3_FALL_18,3,1,0.9384665489196777,1,0.37499999999999994,A1_motion_average,42,balanced
120,S3_FALL_19,3,1,0.9777372479438782,1,0.37499999999999994,A1_motion_average,42,balanced
121,S3_FALL_20,3,1,0.9975032210350037,1,0.37499999999999994,A1_motion_average,42,balanced
122,S3_FALL_21,3,1,0.9775316715240479,1,0.37499999999999994,A1_motion_average,42,balanced
80,S3_ADL_01,3,0,0.01360065583139658,0,0.27499999999999997,A1_motion_average,42,sensitivity
81,S3_ADL_02,3,0,0.013351095840334892,0,0.27499999999999997,A1_motion_average,42,sensitivity
82,S3_ADL_03,3,0,0.01518591120839119,0,0.27499999999999997,A1_motion_average,42,sensitivity
83,S3_ADL_04,3,0,0.02107127569615841,0,0.27499999999999997,A1_motion_average,42,sensitivity
84,S3_ADL_05,3,0,0.18125629425048828,0,0.27499999999999997,A1_motion_average,42,sensitivity
85,S3_ADL_06,3,0,0.6474719047546387,1,0.27499999999999997,A1_motion_average,42,sensitivity
86,S3_ADL_07,3,0,0.5492145419120789,1,0.27499999999999997,A1_motion_average,42,sensitivity
87,S3_ADL_08,3,0,0.2769657075405121,1,0.27499999999999997,A1_motion_average,42,sensitivity
88,S3_ADL_09,3,0,0.00955362617969513,0,0.27499999999999997,A1_motion_average,42,sensitivity
89,S3_ADL_10,3,0,0.00917726755142212,0,0.27499999999999997,A1_motion_average,42,sensitivity
90,S3_ADL_11,3,0,0.006019523832947016,0,0.27499999999999997,A1_motion_average,42,sensitivity
91,S3_ADL_12,3,0,0.008779370225965977,0,0.27499999999999997,A1_motion_average,42,sensitivity
92,S3_ADL_13,3,0,0.03956218063831329,0,0.27499999999999997,A1_motion_average,42,sensitivity
93,S3_ADL_14,3,0,0.10817087441682816,0,0.27499999999999997,A1_motion_average,42,sensitivity
94,S3_ADL_15,3,0,0.010038882493972778,0,0.27499999999999997,A1_motion_average,42,sensitivity
95,S3_ADL_16,3,0,0.008407951332628727,0,0.27499999999999997,A1_motion_average,42,sensitivity
96,S3_ADL_17,3,0,0.009807691909372807,0,0.27499999999999997,A1_motion_average,42,sensitivity
97,S3_ADL_18,3,0,0.006070992909371853,0,0.27499999999999997,A1_motion_average,42,sensitivity
98,S3_ADL_19,3,0,0.01846236176788807,0,0.27499999999999997,A1_motion_average,42,sensitivity
99,S3_ADL_20,3,0,0.010313122533261776,0,0.27499999999999997,A1_motion_average,42,sensitivity
100,S3_ADL_21,3,0,0.008672853000462055,0,0.27499999999999997,A1_motion_average,42,sensitivity
101,S3_ADL_22,3,0,0.009248374961316586,0,0.27499999999999997,A1_motion_average,42,sensitivity
102,S3_FALL_01,3,1,0.7633739113807678,1,0.27499999999999997,A1_motion_average,42,sensitivity
103,S3_FALL_02,3,1,0.5451247096061707,1,0.27499999999999997,A1_motion_average,42,sensitivity
104,S3_FALL_03,3,1,0.9950260519981384,1,0.27499999999999997,A1_motion_average,42,sensitivity
105,S3_FALL_04,3,1,0.3467787802219391,1,0.27499999999999997,A1_motion_average,42,sensitivity
106,S3_FALL_05,3,1,0.9385804533958435,1,0.27499999999999997,A1_motion_average,42,sensitivity
107,S3_FALL_06,3,1,0.08411416411399841,0,0.27499999999999997,A1_motion_average,42,sensitivity
108,S3_FALL_07,3,1,0.8150447010993958,1,0.27499999999999997,A1_motion_average,42,sensitivity
109,S3_FALL_08,3,1,0.6833896636962891,1,0.27499999999999997,A1_motion_average,42,sensitivity
110,S3_FALL_09,3,1,0.7670881748199463,1,0.27499999999999997,A1_motion_average,42,sensitivity
111,S3_FALL_10,3,1,0.5867080688476562,1,0.27499999999999997,A1_motion_average,42,sensitivity
112,S3_FALL_11,3,1,0.9998718500137329,1,0.27499999999999997,A1_motion_average,42,sensitivity
113,S3_FALL_12,3,1,0.994100034236908,1,0.27499999999999997,A1_motion_average,42,sensitivity
114,S3_FALL_13,3,1,0.760462760925293,1,0.27499999999999997,A1_motion_average,42,sensitivity
115,S3_FALL_14,3,1,0.9200862646102905,1,0.27499999999999997,A1_motion_average,42,sensitivity
116,S3_FALL_15,3,1,0.9617157578468323,1,0.27499999999999997,A1_motion_average,42,sensitivity
117,S3_FALL_16,3,1,0.7356287837028503,1,0.27499999999999997,A1_motion_average,42,sensitivity
118,S3_FALL_17,3,1,0.31746605038642883,1,0.27499999999999997,A1_motion_average,42,sensitivity
119,S3_FALL_18,3,1,0.9384665489196777,1,0.27499999999999997,A1_motion_average,42,sensitivity
120,S3_FALL_19,3,1,0.9777372479438782,1,0.27499999999999997,A1_motion_average,42,sensitivity
121,S3_FALL_20,3,1,0.9975032210350037,1,0.27499999999999997,A1_motion_average,42,sensitivity
122,S3_FALL_21,3,1,0.9775316715240479,1,0.27499999999999997,A1_motion_average,42,sensitivity
123,S4_ADL_01,4,0,0.0016283056465908885,0,0.5,A1_motion_average,42,fixed
124,S4_ADL_02,4,0,0.0014262369368225336,0,0.5,A1_motion_average,42,fixed
125,S4_ADL_03,4,0,0.008822851814329624,0,0.5,A1_motion_average,42,fixed
126,S4_ADL_04,4,0,0.007014298811554909,0,0.5,A1_motion_average,42,fixed
127,S4_ADL_05,4,0,0.9999974966049194,1,0.5,A1_motion_average,42,fixed
128,S4_ADL_06,4,0,0.917333722114563,1,0.5,A1_motion_average,42,fixed
129,S4_ADL_07,4,0,0.9851716756820679,1,0.5,A1_motion_average,42,fixed
130,S4_ADL_08,4,0,0.0014929204480722547,0,0.5,A1_motion_average,42,fixed
131,S4_ADL_09,4,0,0.003671727841719985,0,0.5,A1_motion_average,42,fixed
132,S4_ADL_10,4,0,0.2539556920528412,0,0.5,A1_motion_average,42,fixed
133,S4_ADL_11,4,0,0.0016367044299840927,0,0.5,A1_motion_average,42,fixed
134,S4_ADL_12,4,0,0.0023490386083722115,0,0.5,A1_motion_average,42,fixed
135,S4_ADL_13,4,0,0.0036833074409514666,0,0.5,A1_motion_average,42,fixed
136,S4_ADL_14,4,0,0.0025482201017439365,0,0.5,A1_motion_average,42,fixed
137,S4_ADL_15,4,0,0.04651414230465889,0,0.5,A1_motion_average,42,fixed
138,S4_ADL_16,4,0,0.22337593138217926,0,0.5,A1_motion_average,42,fixed
139,S4_ADL_17,4,0,0.01227240264415741,0,0.5,A1_motion_average,42,fixed
140,S4_ADL_18,4,0,0.0021262469235807657,0,0.5,A1_motion_average,42,fixed
141,S4_ADL_19,4,0,0.14913715422153473,0,0.5,A1_motion_average,42,fixed
142,S4_ADL_20,4,0,0.002238921355456114,0,0.5,A1_motion_average,42,fixed
143,S4_FALL_01,4,1,0.9803420901298523,1,0.5,A1_motion_average,42,fixed
144,S4_FALL_02,4,1,0.8698903918266296,1,0.5,A1_motion_average,42,fixed
145,S4_FALL_03,4,1,0.9999995231628418,1,0.5,A1_motion_average,42,fixed
146,S4_FALL_04,4,1,0.9988992214202881,1,0.5,A1_motion_average,42,fixed
147,S4_FALL_05,4,1,0.11915659159421921,0,0.5,A1_motion_average,42,fixed
148,S4_FALL_06,4,1,0.7944252490997314,1,0.5,A1_motion_average,42,fixed
149,S4_FALL_07,4,1,0.9985097050666809,1,0.5,A1_motion_average,42,fixed
150,S4_FALL_08,4,1,0.9865395426750183,1,0.5,A1_motion_average,42,fixed
151,S4_FALL_09,4,1,0.9000018835067749,1,0.5,A1_motion_average,42,fixed
152,S4_FALL_10,4,1,0.9924554824829102,1,0.5,A1_motion_average,42,fixed
153,S4_FALL_11,4,1,0.9999982118606567,1,0.5,A1_motion_average,42,fixed
154,S4_FALL_12,4,1,0.997417688369751,1,0.5,A1_motion_average,42,fixed
155,S4_FALL_13,4,1,0.20250378549098969,0,0.5,A1_motion_average,42,fixed
156,S4_FALL_14,4,1,0.9958410859107971,1,0.5,A1_motion_average,42,fixed
157,S4_FALL_15,4,1,1.0,1,0.5,A1_motion_average,42,fixed
158,S4_FALL_16,4,1,0.999931812286377,1,0.5,A1_motion_average,42,fixed
159,S4_FALL_17,4,1,0.49436962604522705,0,0.5,A1_motion_average,42,fixed
123,S4_ADL_01,4,0,0.0016283056465908885,0,0.65,A1_motion_average,42,balanced
124,S4_ADL_02,4,0,0.0014262369368225336,0,0.65,A1_motion_average,42,balanced
125,S4_ADL_03,4,0,0.008822851814329624,0,0.65,A1_motion_average,42,balanced
126,S4_ADL_04,4,0,0.007014298811554909,0,0.65,A1_motion_average,42,balanced
127,S4_ADL_05,4,0,0.9999974966049194,1,0.65,A1_motion_average,42,balanced
128,S4_ADL_06,4,0,0.917333722114563,1,0.65,A1_motion_average,42,balanced
129,S4_ADL_07,4,0,0.9851716756820679,1,0.65,A1_motion_average,42,balanced
130,S4_ADL_08,4,0,0.0014929204480722547,0,0.65,A1_motion_average,42,balanced
131,S4_ADL_09,4,0,0.003671727841719985,0,0.65,A1_motion_average,42,balanced
132,S4_ADL_10,4,0,0.2539556920528412,0,0.65,A1_motion_average,42,balanced
133,S4_ADL_11,4,0,0.0016367044299840927,0,0.65,A1_motion_average,42,balanced
134,S4_ADL_12,4,0,0.0023490386083722115,0,0.65,A1_motion_average,42,balanced
135,S4_ADL_13,4,0,0.0036833074409514666,0,0.65,A1_motion_average,42,balanced
136,S4_ADL_14,4,0,0.0025482201017439365,0,0.65,A1_motion_average,42,balanced
137,S4_ADL_15,4,0,0.04651414230465889,0,0.65,A1_motion_average,42,balanced
138,S4_ADL_16,4,0,0.22337593138217926,0,0.65,A1_motion_average,42,balanced
139,S4_ADL_17,4,0,0.01227240264415741,0,0.65,A1_motion_average,42,balanced
140,S4_ADL_18,4,0,0.0021262469235807657,0,0.65,A1_motion_average,42,balanced
141,S4_ADL_19,4,0,0.14913715422153473,0,0.65,A1_motion_average,42,balanced
142,S4_ADL_20,4,0,0.002238921355456114,0,0.65,A1_motion_average,42,balanced
143,S4_FALL_01,4,1,0.9803420901298523,1,0.65,A1_motion_average,42,balanced
144,S4_FALL_02,4,1,0.8698903918266296,1,0.65,A1_motion_average,42,balanced
145,S4_FALL_03,4,1,0.9999995231628418,1,0.65,A1_motion_average,42,balanced
146,S4_FALL_04,4,1,0.9988992214202881,1,0.65,A1_motion_average,42,balanced
147,S4_FALL_05,4,1,0.11915659159421921,0,0.65,A1_motion_average,42,balanced
148,S4_FALL_06,4,1,0.7944252490997314,1,0.65,A1_motion_average,42,balanced
149,S4_FALL_07,4,1,0.9985097050666809,1,0.65,A1_motion_average,42,balanced
150,S4_FALL_08,4,1,0.9865395426750183,1,0.65,A1_motion_average,42,balanced
151,S4_FALL_09,4,1,0.9000018835067749,1,0.65,A1_motion_average,42,balanced
152,S4_FALL_10,4,1,0.9924554824829102,1,0.65,A1_motion_average,42,balanced
153,S4_FALL_11,4,1,0.9999982118606567,1,0.65,A1_motion_average,42,balanced
154,S4_FALL_12,4,1,0.997417688369751,1,0.65,A1_motion_average,42,balanced
155,S4_FALL_13,4,1,0.20250378549098969,0,0.65,A1_motion_average,42,balanced
156,S4_FALL_14,4,1,0.9958410859107971,1,0.65,A1_motion_average,42,balanced
157,S4_FALL_15,4,1,1.0,1,0.65,A1_motion_average,42,balanced
158,S4_FALL_16,4,1,0.999931812286377,1,0.65,A1_motion_average,42,balanced
159,S4_FALL_17,4,1,0.49436962604522705,0,0.65,A1_motion_average,42,balanced
123,S4_ADL_01,4,0,0.0016283056465908885,0,0.65,A1_motion_average,42,sensitivity
124,S4_ADL_02,4,0,0.0014262369368225336,0,0.65,A1_motion_average,42,sensitivity
125,S4_ADL_03,4,0,0.008822851814329624,0,0.65,A1_motion_average,42,sensitivity
126,S4_ADL_04,4,0,0.007014298811554909,0,0.65,A1_motion_average,42,sensitivity
127,S4_ADL_05,4,0,0.9999974966049194,1,0.65,A1_motion_average,42,sensitivity
128,S4_ADL_06,4,0,0.917333722114563,1,0.65,A1_motion_average,42,sensitivity
129,S4_ADL_07,4,0,0.9851716756820679,1,0.65,A1_motion_average,42,sensitivity
130,S4_ADL_08,4,0,0.0014929204480722547,0,0.65,A1_motion_average,42,sensitivity
131,S4_ADL_09,4,0,0.003671727841719985,0,0.65,A1_motion_average,42,sensitivity
132,S4_ADL_10,4,0,0.2539556920528412,0,0.65,A1_motion_average,42,sensitivity
133,S4_ADL_11,4,0,0.0016367044299840927,0,0.65,A1_motion_average,42,sensitivity
134,S4_ADL_12,4,0,0.0023490386083722115,0,0.65,A1_motion_average,42,sensitivity
135,S4_ADL_13,4,0,0.0036833074409514666,0,0.65,A1_motion_average,42,sensitivity
136,S4_ADL_14,4,0,0.0025482201017439365,0,0.65,A1_motion_average,42,sensitivity
137,S4_ADL_15,4,0,0.04651414230465889,0,0.65,A1_motion_average,42,sensitivity
138,S4_ADL_16,4,0,0.22337593138217926,0,0.65,A1_motion_average,42,sensitivity
139,S4_ADL_17,4,0,0.01227240264415741,0,0.65,A1_motion_average,42,sensitivity
140,S4_ADL_18,4,0,0.0021262469235807657,0,0.65,A1_motion_average,42,sensitivity
141,S4_ADL_19,4,0,0.14913715422153473,0,0.65,A1_motion_average,42,sensitivity
142,S4_ADL_20,4,0,0.002238921355456114,0,0.65,A1_motion_average,42,sensitivity
143,S4_FALL_01,4,1,0.9803420901298523,1,0.65,A1_motion_average,42,sensitivity
144,S4_FALL_02,4,1,0.8698903918266296,1,0.65,A1_motion_average,42,sensitivity
145,S4_FALL_03,4,1,0.9999995231628418,1,0.65,A1_motion_average,42,sensitivity
146,S4_FALL_04,4,1,0.9988992214202881,1,0.65,A1_motion_average,42,sensitivity
147,S4_FALL_05,4,1,0.11915659159421921,0,0.65,A1_motion_average,42,sensitivity
148,S4_FALL_06,4,1,0.7944252490997314,1,0.65,A1_motion_average,42,sensitivity
149,S4_FALL_07,4,1,0.9985097050666809,1,0.65,A1_motion_average,42,sensitivity
150,S4_FALL_08,4,1,0.9865395426750183,1,0.65,A1_motion_average,42,sensitivity
151,S4_FALL_09,4,1,0.9000018835067749,1,0.65,A1_motion_average,42,sensitivity
152,S4_FALL_10,4,1,0.9924554824829102,1,0.65,A1_motion_average,42,sensitivity
153,S4_FALL_11,4,1,0.9999982118606567,1,0.65,A1_motion_average,42,sensitivity
154,S4_FALL_12,4,1,0.997417688369751,1,0.65,A1_motion_average,42,sensitivity
155,S4_FALL_13,4,1,0.20250378549098969,0,0.65,A1_motion_average,42,sensitivity
156,S4_FALL_14,4,1,0.9958410859107971,1,0.65,A1_motion_average,42,sensitivity
157,S4_FALL_15,4,1,1.0,1,0.65,A1_motion_average,42,sensitivity
158,S4_FALL_16,4,1,0.999931812286377,1,0.65,A1_motion_average,42,sensitivity
159,S4_FALL_17,4,1,0.49436962604522705,0,0.65,A1_motion_average,42,sensitivity
0,S1_ADL_01,1,0,0.9721134305000305,1,0.5,A2_pose_attention,142,fixed
1,S1_ADL_02,1,0,0.9317472577095032,1,0.5,A2_pose_attention,142,fixed
2,S1_ADL_03,1,0,0.974841296672821,1,0.5,A2_pose_attention,142,fixed
3,S1_ADL_04,1,0,0.0024281509686261415,0,0.5,A2_pose_attention,142,fixed
4,S1_ADL_05,1,0,0.00023670702648814768,0,0.5,A2_pose_attention,142,fixed
5,S1_ADL_06,1,0,0.007274795789271593,0,0.5,A2_pose_attention,142,fixed
6,S1_ADL_07,1,0,0.0003833970404230058,0,0.5,A2_pose_attention,142,fixed
7,S1_ADL_08,1,0,0.0075619881972670555,0,0.5,A2_pose_attention,142,fixed
8,S1_ADL_09,1,0,0.0042859711684286594,0,0.5,A2_pose_attention,142,fixed
9,S1_ADL_10,1,0,0.0011233295081183314,0,0.5,A2_pose_attention,142,fixed
10,S1_ADL_11,1,0,0.0002165316545870155,0,0.5,A2_pose_attention,142,fixed
11,S1_ADL_12,1,0,0.008862672373652458,0,0.5,A2_pose_attention,142,fixed
12,S1_ADL_13,1,0,0.0032413541339337826,0,0.5,A2_pose_attention,142,fixed
13,S1_ADL_14,1,0,0.003637422574684024,0,0.5,A2_pose_attention,142,fixed
14,S1_ADL_15,1,0,0.0032107823062688112,0,0.5,A2_pose_attention,142,fixed
15,S1_ADL_16,1,0,0.00239677750505507,0,0.5,A2_pose_attention,142,fixed
16,S1_FALL_01,1,1,0.9981220364570618,1,0.5,A2_pose_attention,142,fixed
17,S1_FALL_02,1,1,0.9995379447937012,1,0.5,A2_pose_attention,142,fixed
18,S1_FALL_03,1,1,0.9917232394218445,1,0.5,A2_pose_attention,142,fixed
19,S1_FALL_04,1,1,0.9981428384780884,1,0.5,A2_pose_attention,142,fixed
20,S1_FALL_05,1,1,0.9881100654602051,1,0.5,A2_pose_attention,142,fixed
21,S1_FALL_06,1,1,0.9931818842887878,1,0.5,A2_pose_attention,142,fixed
22,S1_FALL_07,1,1,0.9860545992851257,1,0.5,A2_pose_attention,142,fixed
23,S1_FALL_08,1,1,0.982067883014679,1,0.5,A2_pose_attention,142,fixed
24,S1_FALL_09,1,1,0.9953147172927856,1,0.5,A2_pose_attention,142,fixed
25,S1_FALL_10,1,1,0.9924951791763306,1,0.5,A2_pose_attention,142,fixed
26,S1_FALL_11,1,1,0.8334639668464661,1,0.5,A2_pose_attention,142,fixed
27,S1_FALL_12,1,1,0.9439849257469177,1,0.5,A2_pose_attention,142,fixed
28,S1_FALL_13,1,1,0.015330060385167599,0,0.5,A2_pose_attention,142,fixed
29,S1_FALL_14,1,1,0.9826257228851318,1,0.5,A2_pose_attention,142,fixed
30,S1_FALL_15,1,1,0.9760814309120178,1,0.5,A2_pose_attention,142,fixed
31,S1_FALL_16,1,1,0.9738193154335022,1,0.5,A2_pose_attention,142,fixed
0,S1_ADL_01,1,0,0.9721134305000305,1,0.125,A2_pose_attention,142,balanced
1,S1_ADL_02,1,0,0.9317472577095032,1,0.125,A2_pose_attention,142,balanced
2,S1_ADL_03,1,0,0.974841296672821,1,0.125,A2_pose_attention,142,balanced
3,S1_ADL_04,1,0,0.0024281509686261415,0,0.125,A2_pose_attention,142,balanced
4,S1_ADL_05,1,0,0.00023670702648814768,0,0.125,A2_pose_attention,142,balanced
5,S1_ADL_06,1,0,0.007274795789271593,0,0.125,A2_pose_attention,142,balanced
6,S1_ADL_07,1,0,0.0003833970404230058,0,0.125,A2_pose_attention,142,balanced
7,S1_ADL_08,1,0,0.0075619881972670555,0,0.125,A2_pose_attention,142,balanced
8,S1_ADL_09,1,0,0.0042859711684286594,0,0.125,A2_pose_attention,142,balanced
9,S1_ADL_10,1,0,0.0011233295081183314,0,0.125,A2_pose_attention,142,balanced
10,S1_ADL_11,1,0,0.0002165316545870155,0,0.125,A2_pose_attention,142,balanced
11,S1_ADL_12,1,0,0.008862672373652458,0,0.125,A2_pose_attention,142,balanced
12,S1_ADL_13,1,0,0.0032413541339337826,0,0.125,A2_pose_attention,142,balanced
13,S1_ADL_14,1,0,0.003637422574684024,0,0.125,A2_pose_attention,142,balanced
14,S1_ADL_15,1,0,0.0032107823062688112,0,0.125,A2_pose_attention,142,balanced
15,S1_ADL_16,1,0,0.00239677750505507,0,0.125,A2_pose_attention,142,balanced
16,S1_FALL_01,1,1,0.9981220364570618,1,0.125,A2_pose_attention,142,balanced
17,S1_FALL_02,1,1,0.9995379447937012,1,0.125,A2_pose_attention,142,balanced
18,S1_FALL_03,1,1,0.9917232394218445,1,0.125,A2_pose_attention,142,balanced
19,S1_FALL_04,1,1,0.9981428384780884,1,0.125,A2_pose_attention,142,balanced
20,S1_FALL_05,1,1,0.9881100654602051,1,0.125,A2_pose_attention,142,balanced
21,S1_FALL_06,1,1,0.9931818842887878,1,0.125,A2_pose_attention,142,balanced
22,S1_FALL_07,1,1,0.9860545992851257,1,0.125,A2_pose_attention,142,balanced
23,S1_FALL_08,1,1,0.982067883014679,1,0.125,A2_pose_attention,142,balanced
24,S1_FALL_09,1,1,0.9953147172927856,1,0.125,A2_pose_attention,142,balanced
25,S1_FALL_10,1,1,0.9924951791763306,1,0.125,A2_pose_attention,142,balanced
26,S1_FALL_11,1,1,0.8334639668464661,1,0.125,A2_pose_attention,142,balanced
27,S1_FALL_12,1,1,0.9439849257469177,1,0.125,A2_pose_attention,142,balanced
28,S1_FALL_13,1,1,0.015330060385167599,0,0.125,A2_pose_attention,142,balanced
29,S1_FALL_14,1,1,0.9826257228851318,1,0.125,A2_pose_attention,142,balanced
30,S1_FALL_15,1,1,0.9760814309120178,1,0.125,A2_pose_attention,142,balanced
31,S1_FALL_16,1,1,0.9738193154335022,1,0.125,A2_pose_attention,142,balanced
0,S1_ADL_01,1,0,0.9721134305000305,1,0.25,A2_pose_attention,142,sensitivity
1,S1_ADL_02,1,0,0.9317472577095032,1,0.25,A2_pose_attention,142,sensitivity
2,S1_ADL_03,1,0,0.974841296672821,1,0.25,A2_pose_attention,142,sensitivity
3,S1_ADL_04,1,0,0.0024281509686261415,0,0.25,A2_pose_attention,142,sensitivity
4,S1_ADL_05,1,0,0.00023670702648814768,0,0.25,A2_pose_attention,142,sensitivity
5,S1_ADL_06,1,0,0.007274795789271593,0,0.25,A2_pose_attention,142,sensitivity
6,S1_ADL_07,1,0,0.0003833970404230058,0,0.25,A2_pose_attention,142,sensitivity
7,S1_ADL_08,1,0,0.0075619881972670555,0,0.25,A2_pose_attention,142,sensitivity
8,S1_ADL_09,1,0,0.0042859711684286594,0,0.25,A2_pose_attention,142,sensitivity
9,S1_ADL_10,1,0,0.0011233295081183314,0,0.25,A2_pose_attention,142,sensitivity
10,S1_ADL_11,1,0,0.0002165316545870155,0,0.25,A2_pose_attention,142,sensitivity
11,S1_ADL_12,1,0,0.008862672373652458,0,0.25,A2_pose_attention,142,sensitivity
12,S1_ADL_13,1,0,0.0032413541339337826,0,0.25,A2_pose_attention,142,sensitivity
13,S1_ADL_14,1,0,0.003637422574684024,0,0.25,A2_pose_attention,142,sensitivity
14,S1_ADL_15,1,0,0.0032107823062688112,0,0.25,A2_pose_attention,142,sensitivity
15,S1_ADL_16,1,0,0.00239677750505507,0,0.25,A2_pose_attention,142,sensitivity
16,S1_FALL_01,1,1,0.9981220364570618,1,0.25,A2_pose_attention,142,sensitivity
17,S1_FALL_02,1,1,0.9995379447937012,1,0.25,A2_pose_attention,142,sensitivity
18,S1_FALL_03,1,1,0.9917232394218445,1,0.25,A2_pose_attention,142,sensitivity
19,S1_FALL_04,1,1,0.9981428384780884,1,0.25,A2_pose_attention,142,sensitivity
20,S1_FALL_05,1,1,0.9881100654602051,1,0.25,A2_pose_attention,142,sensitivity
21,S1_FALL_06,1,1,0.9931818842887878,1,0.25,A2_pose_attention,142,sensitivity
22,S1_FALL_07,1,1,0.9860545992851257,1,0.25,A2_pose_attention,142,sensitivity
23,S1_FALL_08,1,1,0.982067883014679,1,0.25,A2_pose_attention,142,sensitivity
24,S1_FALL_09,1,1,0.9953147172927856,1,0.25,A2_pose_attention,142,sensitivity
25,S1_FALL_10,1,1,0.9924951791763306,1,0.25,A2_pose_attention,142,sensitivity
26,S1_FALL_11,1,1,0.8334639668464661,1,0.25,A2_pose_attention,142,sensitivity
27,S1_FALL_12,1,1,0.9439849257469177,1,0.25,A2_pose_attention,142,sensitivity
28,S1_FALL_13,1,1,0.015330060385167599,0,0.25,A2_pose_attention,142,sensitivity
29,S1_FALL_14,1,1,0.9826257228851318,1,0.25,A2_pose_attention,142,sensitivity
30,S1_FALL_15,1,1,0.9760814309120178,1,0.25,A2_pose_attention,142,sensitivity
31,S1_FALL_16,1,1,0.9738193154335022,1,0.25,A2_pose_attention,142,sensitivity
32,S2_ADL_01,2,0,0.9941961765289307,1,0.5,A2_pose_attention,142,fixed
33,S2_ADL_02,2,0,0.00019213113409932703,0,0.5,A2_pose_attention,142,fixed
34,S2_ADL_03,2,0,0.7193002700805664,1,0.5,A2_pose_attention,142,fixed
35,S2_ADL_04,2,0,0.00455936323851347,0,0.5,A2_pose_attention,142,fixed
36,S2_ADL_05,2,0,0.00038909443537704647,0,0.5,A2_pose_attention,142,fixed
37,S2_ADL_06,2,0,0.001247965614311397,0,0.5,A2_pose_attention,142,fixed
38,S2_ADL_07,2,0,0.0005713902646675706,0,0.5,A2_pose_attention,142,fixed
39,S2_ADL_08,2,0,0.0009666102123446763,0,0.5,A2_pose_attention,142,fixed
40,S2_ADL_09,2,0,0.0014226799830794334,0,0.5,A2_pose_attention,142,fixed
41,S2_ADL_10,2,0,0.00044576794607564807,0,0.5,A2_pose_attention,142,fixed
42,S2_ADL_11,2,0,0.00022024885402061045,0,0.5,A2_pose_attention,142,fixed
43,S2_ADL_12,2,0,0.5877259373664856,1,0.5,A2_pose_attention,142,fixed
44,S2_ADL_13,2,0,0.0036915442906320095,0,0.5,A2_pose_attention,142,fixed
45,S2_ADL_14,2,0,0.013733088038861752,0,0.5,A2_pose_attention,142,fixed
46,S2_ADL_15,2,0,0.00016219544340856373,0,0.5,A2_pose_attention,142,fixed
47,S2_ADL_16,2,0,0.8805864453315735,1,0.5,A2_pose_attention,142,fixed
48,S2_ADL_17,2,0,0.007567791733890772,0,0.5,A2_pose_attention,142,fixed
49,S2_ADL_18,2,0,0.0009888210333883762,0,0.5,A2_pose_attention,142,fixed
50,S2_ADL_19,2,0,0.17872776091098785,0,0.5,A2_pose_attention,142,fixed
51,S2_ADL_20,2,0,8.682649058755487e-05,0,0.5,A2_pose_attention,142,fixed
52,S2_ADL_21,2,0,0.0006327611044980586,0,0.5,A2_pose_attention,142,fixed
53,S2_ADL_22,2,0,0.11616969853639603,0,0.5,A2_pose_attention,142,fixed
54,S2_ADL_23,2,0,0.0004194831126369536,0,0.5,A2_pose_attention,142,fixed
55,S2_FALL_01,2,1,0.9626854658126831,1,0.5,A2_pose_attention,142,fixed
56,S2_FALL_02,2,1,0.9612447619438171,1,0.5,A2_pose_attention,142,fixed
57,S2_FALL_03,2,1,0.30899420380592346,0,0.5,A2_pose_attention,142,fixed
58,S2_FALL_04,2,1,0.9179266691207886,1,0.5,A2_pose_attention,142,fixed
59,S2_FALL_05,2,1,0.3026314675807953,0,0.5,A2_pose_attention,142,fixed
60,S2_FALL_06,2,1,0.6363239288330078,1,0.5,A2_pose_attention,142,fixed
61,S2_FALL_07,2,1,0.8977218270301819,1,0.5,A2_pose_attention,142,fixed
62,S2_FALL_08,2,1,0.8394879102706909,1,0.5,A2_pose_attention,142,fixed
63,S2_FALL_09,2,1,0.8060899376869202,1,0.5,A2_pose_attention,142,fixed
64,S2_FALL_10,2,1,0.8928235769271851,1,0.5,A2_pose_attention,142,fixed
65,S2_FALL_11,2,1,0.729718804359436,1,0.5,A2_pose_attention,142,fixed
66,S2_FALL_12,2,1,0.9657958149909973,1,0.5,A2_pose_attention,142,fixed
67,S2_FALL_13,2,1,0.8951055407524109,1,0.5,A2_pose_attention,142,fixed
68,S2_FALL_14,2,1,0.9996750354766846,1,0.5,A2_pose_attention,142,fixed
69,S2_FALL_15,2,1,0.9138721823692322,1,0.5,A2_pose_attention,142,fixed
70,S2_FALL_16,2,1,0.8684919476509094,1,0.5,A2_pose_attention,142,fixed
71,S2_FALL_17,2,1,0.9804438352584839,1,0.5,A2_pose_attention,142,fixed
72,S2_FALL_18,2,1,0.02709231898188591,0,0.5,A2_pose_attention,142,fixed
73,S2_FALL_19,2,1,0.3422708511352539,0,0.5,A2_pose_attention,142,fixed
74,S2_FALL_20,2,1,0.7023324370384216,1,0.5,A2_pose_attention,142,fixed
75,S2_FALL_21,2,1,0.9294271469116211,1,0.5,A2_pose_attention,142,fixed
76,S2_FALL_22,2,1,0.8647783994674683,1,0.5,A2_pose_attention,142,fixed
77,S2_FALL_23,2,1,0.8452533483505249,1,0.5,A2_pose_attention,142,fixed
78,S2_FALL_24,2,1,0.9965625405311584,1,0.5,A2_pose_attention,142,fixed
79,S2_FALL_25,2,1,0.979706346988678,1,0.5,A2_pose_attention,142,fixed
32,S2_ADL_01,2,0,0.9941961765289307,1,0.49999999999999994,A2_pose_attention,142,balanced
33,S2_ADL_02,2,0,0.00019213113409932703,0,0.49999999999999994,A2_pose_attention,142,balanced
34,S2_ADL_03,2,0,0.7193002700805664,1,0.49999999999999994,A2_pose_attention,142,balanced
35,S2_ADL_04,2,0,0.00455936323851347,0,0.49999999999999994,A2_pose_attention,142,balanced
36,S2_ADL_05,2,0,0.00038909443537704647,0,0.49999999999999994,A2_pose_attention,142,balanced
37,S2_ADL_06,2,0,0.001247965614311397,0,0.49999999999999994,A2_pose_attention,142,balanced
38,S2_ADL_07,2,0,0.0005713902646675706,0,0.49999999999999994,A2_pose_attention,142,balanced
39,S2_ADL_08,2,0,0.0009666102123446763,0,0.49999999999999994,A2_pose_attention,142,balanced
40,S2_ADL_09,2,0,0.0014226799830794334,0,0.49999999999999994,A2_pose_attention,142,balanced
41,S2_ADL_10,2,0,0.00044576794607564807,0,0.49999999999999994,A2_pose_attention,142,balanced
42,S2_ADL_11,2,0,0.00022024885402061045,0,0.49999999999999994,A2_pose_attention,142,balanced
43,S2_ADL_12,2,0,0.5877259373664856,1,0.49999999999999994,A2_pose_attention,142,balanced
44,S2_ADL_13,2,0,0.0036915442906320095,0,0.49999999999999994,A2_pose_attention,142,balanced
45,S2_ADL_14,2,0,0.013733088038861752,0,0.49999999999999994,A2_pose_attention,142,balanced
46,S2_ADL_15,2,0,0.00016219544340856373,0,0.49999999999999994,A2_pose_attention,142,balanced
47,S2_ADL_16,2,0,0.8805864453315735,1,0.49999999999999994,A2_pose_attention,142,balanced
48,S2_ADL_17,2,0,0.007567791733890772,0,0.49999999999999994,A2_pose_attention,142,balanced
49,S2_ADL_18,2,0,0.0009888210333883762,0,0.49999999999999994,A2_pose_attention,142,balanced
50,S2_ADL_19,2,0,0.17872776091098785,0,0.49999999999999994,A2_pose_attention,142,balanced
51,S2_ADL_20,2,0,8.682649058755487e-05,0,0.49999999999999994,A2_pose_attention,142,balanced
52,S2_ADL_21,2,0,0.0006327611044980586,0,0.49999999999999994,A2_pose_attention,142,balanced
53,S2_ADL_22,2,0,0.11616969853639603,0,0.49999999999999994,A2_pose_attention,142,balanced
54,S2_ADL_23,2,0,0.0004194831126369536,0,0.49999999999999994,A2_pose_attention,142,balanced
55,S2_FALL_01,2,1,0.9626854658126831,1,0.49999999999999994,A2_pose_attention,142,balanced
56,S2_FALL_02,2,1,0.9612447619438171,1,0.49999999999999994,A2_pose_attention,142,balanced
57,S2_FALL_03,2,1,0.30899420380592346,0,0.49999999999999994,A2_pose_attention,142,balanced
58,S2_FALL_04,2,1,0.9179266691207886,1,0.49999999999999994,A2_pose_attention,142,balanced
59,S2_FALL_05,2,1,0.3026314675807953,0,0.49999999999999994,A2_pose_attention,142,balanced
60,S2_FALL_06,2,1,0.6363239288330078,1,0.49999999999999994,A2_pose_attention,142,balanced
61,S2_FALL_07,2,1,0.8977218270301819,1,0.49999999999999994,A2_pose_attention,142,balanced
62,S2_FALL_08,2,1,0.8394879102706909,1,0.49999999999999994,A2_pose_attention,142,balanced
63,S2_FALL_09,2,1,0.8060899376869202,1,0.49999999999999994,A2_pose_attention,142,balanced
64,S2_FALL_10,2,1,0.8928235769271851,1,0.49999999999999994,A2_pose_attention,142,balanced
65,S2_FALL_11,2,1,0.729718804359436,1,0.49999999999999994,A2_pose_attention,142,balanced
66,S2_FALL_12,2,1,0.9657958149909973,1,0.49999999999999994,A2_pose_attention,142,balanced
67,S2_FALL_13,2,1,0.8951055407524109,1,0.49999999999999994,A2_pose_attention,142,balanced
68,S2_FALL_14,2,1,0.9996750354766846,1,0.49999999999999994,A2_pose_attention,142,balanced
69,S2_FALL_15,2,1,0.9138721823692322,1,0.49999999999999994,A2_pose_attention,142,balanced
70,S2_FALL_16,2,1,0.8684919476509094,1,0.49999999999999994,A2_pose_attention,142,balanced
71,S2_FALL_17,2,1,0.9804438352584839,1,0.49999999999999994,A2_pose_attention,142,balanced
72,S2_FALL_18,2,1,0.02709231898188591,0,0.49999999999999994,A2_pose_attention,142,balanced
73,S2_FALL_19,2,1,0.3422708511352539,0,0.49999999999999994,A2_pose_attention,142,balanced
74,S2_FALL_20,2,1,0.7023324370384216,1,0.49999999999999994,A2_pose_attention,142,balanced
75,S2_FALL_21,2,1,0.9294271469116211,1,0.49999999999999994,A2_pose_attention,142,balanced
76,S2_FALL_22,2,1,0.8647783994674683,1,0.49999999999999994,A2_pose_attention,142,balanced
77,S2_FALL_23,2,1,0.8452533483505249,1,0.49999999999999994,A2_pose_attention,142,balanced
78,S2_FALL_24,2,1,0.9965625405311584,1,0.49999999999999994,A2_pose_attention,142,balanced
79,S2_FALL_25,2,1,0.979706346988678,1,0.49999999999999994,A2_pose_attention,142,balanced
32,S2_ADL_01,2,0,0.9941961765289307,1,0.37499999999999994,A2_pose_attention,142,sensitivity
33,S2_ADL_02,2,0,0.00019213113409932703,0,0.37499999999999994,A2_pose_attention,142,sensitivity
34,S2_ADL_03,2,0,0.7193002700805664,1,0.37499999999999994,A2_pose_attention,142,sensitivity
35,S2_ADL_04,2,0,0.00455936323851347,0,0.37499999999999994,A2_pose_attention,142,sensitivity
36,S2_ADL_05,2,0,0.00038909443537704647,0,0.37499999999999994,A2_pose_attention,142,sensitivity
37,S2_ADL_06,2,0,0.001247965614311397,0,0.37499999999999994,A2_pose_attention,142,sensitivity
38,S2_ADL_07,2,0,0.0005713902646675706,0,0.37499999999999994,A2_pose_attention,142,sensitivity
39,S2_ADL_08,2,0,0.0009666102123446763,0,0.37499999999999994,A2_pose_attention,142,sensitivity
40,S2_ADL_09,2,0,0.0014226799830794334,0,0.37499999999999994,A2_pose_attention,142,sensitivity
41,S2_ADL_10,2,0,0.00044576794607564807,0,0.37499999999999994,A2_pose_attention,142,sensitivity
42,S2_ADL_11,2,0,0.00022024885402061045,0,0.37499999999999994,A2_pose_attention,142,sensitivity
43,S2_ADL_12,2,0,0.5877259373664856,1,0.37499999999999994,A2_pose_attention,142,sensitivity
44,S2_ADL_13,2,0,0.0036915442906320095,0,0.37499999999999994,A2_pose_attention,142,sensitivity
45,S2_ADL_14,2,0,0.013733088038861752,0,0.37499999999999994,A2_pose_attention,142,sensitivity
46,S2_ADL_15,2,0,0.00016219544340856373,0,0.37499999999999994,A2_pose_attention,142,sensitivity
47,S2_ADL_16,2,0,0.8805864453315735,1,0.37499999999999994,A2_pose_attention,142,sensitivity
48,S2_ADL_17,2,0,0.007567791733890772,0,0.37499999999999994,A2_pose_attention,142,sensitivity
49,S2_ADL_18,2,0,0.0009888210333883762,0,0.37499999999999994,A2_pose_attention,142,sensitivity
50,S2_ADL_19,2,0,0.17872776091098785,0,0.37499999999999994,A2_pose_attention,142,sensitivity
51,S2_ADL_20,2,0,8.682649058755487e-05,0,0.37499999999999994,A2_pose_attention,142,sensitivity
52,S2_ADL_21,2,0,0.0006327611044980586,0,0.37499999999999994,A2_pose_attention,142,sensitivity
53,S2_ADL_22,2,0,0.11616969853639603,0,0.37499999999999994,A2_pose_attention,142,sensitivity
54,S2_ADL_23,2,0,0.0004194831126369536,0,0.37499999999999994,A2_pose_attention,142,sensitivity
55,S2_FALL_01,2,1,0.9626854658126831,1,0.37499999999999994,A2_pose_attention,142,sensitivity
56,S2_FALL_02,2,1,0.9612447619438171,1,0.37499999999999994,A2_pose_attention,142,sensitivity
57,S2_FALL_03,2,1,0.30899420380592346,0,0.37499999999999994,A2_pose_attention,142,sensitivity
58,S2_FALL_04,2,1,0.9179266691207886,1,0.37499999999999994,A2_pose_attention,142,sensitivity
59,S2_FALL_05,2,1,0.3026314675807953,0,0.37499999999999994,A2_pose_attention,142,sensitivity
60,S2_FALL_06,2,1,0.6363239288330078,1,0.37499999999999994,A2_pose_attention,142,sensitivity
61,S2_FALL_07,2,1,0.8977218270301819,1,0.37499999999999994,A2_pose_attention,142,sensitivity
62,S2_FALL_08,2,1,0.8394879102706909,1,0.37499999999999994,A2_pose_attention,142,sensitivity
63,S2_FALL_09,2,1,0.8060899376869202,1,0.37499999999999994,A2_pose_attention,142,sensitivity
64,S2_FALL_10,2,1,0.8928235769271851,1,0.37499999999999994,A2_pose_attention,142,sensitivity
65,S2_FALL_11,2,1,0.729718804359436,1,0.37499999999999994,A2_pose_attention,142,sensitivity
66,S2_FALL_12,2,1,0.9657958149909973,1,0.37499999999999994,A2_pose_attention,142,sensitivity
67,S2_FALL_13,2,1,0.8951055407524109,1,0.37499999999999994,A2_pose_attention,142,sensitivity
68,S2_FALL_14,2,1,0.9996750354766846,1,0.37499999999999994,A2_pose_attention,142,sensitivity
69,S2_FALL_15,2,1,0.9138721823692322,1,0.37499999999999994,A2_pose_attention,142,sensitivity
70,S2_FALL_16,2,1,0.8684919476509094,1,0.37499999999999994,A2_pose_attention,142,sensitivity
71,S2_FALL_17,2,1,0.9804438352584839,1,0.37499999999999994,A2_pose_attention,142,sensitivity
72,S2_FALL_18,2,1,0.02709231898188591,0,0.37499999999999994,A2_pose_attention,142,sensitivity
73,S2_FALL_19,2,1,0.3422708511352539,0,0.37499999999999994,A2_pose_attention,142,sensitivity
74,S2_FALL_20,2,1,0.7023324370384216,1,0.37499999999999994,A2_pose_attention,142,sensitivity
75,S2_FALL_21,2,1,0.9294271469116211,1,0.37499999999999994,A2_pose_attention,142,sensitivity
76,S2_FALL_22,2,1,0.8647783994674683,1,0.37499999999999994,A2_pose_attention,142,sensitivity
77,S2_FALL_23,2,1,0.8452533483505249,1,0.37499999999999994,A2_pose_attention,142,sensitivity
78,S2_FALL_24,2,1,0.9965625405311584,1,0.37499999999999994,A2_pose_attention,142,sensitivity
79,S2_FALL_25,2,1,0.979706346988678,1,0.37499999999999994,A2_pose_attention,142,sensitivity
80,S3_ADL_01,3,0,0.0016814315458759665,0,0.5,A2_pose_attention,142,fixed
81,S3_ADL_02,3,0,0.005611781496554613,0,0.5,A2_pose_attention,142,fixed
82,S3_ADL_03,3,0,0.009958961047232151,0,0.5,A2_pose_attention,142,fixed
83,S3_ADL_04,3,0,0.014611825346946716,0,0.5,A2_pose_attention,142,fixed
84,S3_ADL_05,3,0,0.014716128818690777,0,0.5,A2_pose_attention,142,fixed
85,S3_ADL_06,3,0,0.039239753037691116,0,0.5,A2_pose_attention,142,fixed
86,S3_ADL_07,3,0,0.0010003914358094335,0,0.5,A2_pose_attention,142,fixed
87,S3_ADL_08,3,0,0.854895830154419,1,0.5,A2_pose_attention,142,fixed
88,S3_ADL_09,3,0,0.011593591421842575,0,0.5,A2_pose_attention,142,fixed
89,S3_ADL_10,3,0,0.007393954787403345,0,0.5,A2_pose_attention,142,fixed
90,S3_ADL_11,3,0,0.01273209135979414,0,0.5,A2_pose_attention,142,fixed
91,S3_ADL_12,3,0,0.03681806102395058,0,0.5,A2_pose_attention,142,fixed
92,S3_ADL_13,3,0,0.05242281034588814,0,0.5,A2_pose_attention,142,fixed
93,S3_ADL_14,3,0,0.0038984280545264482,0,0.5,A2_pose_attention,142,fixed
94,S3_ADL_15,3,0,0.004083924926817417,0,0.5,A2_pose_attention,142,fixed
95,S3_ADL_16,3,0,0.0012351926416158676,0,0.5,A2_pose_attention,142,fixed
96,S3_ADL_17,3,0,0.0011175830150023103,0,0.5,A2_pose_attention,142,fixed
97,S3_ADL_18,3,0,0.004750891122967005,0,0.5,A2_pose_attention,142,fixed
98,S3_ADL_19,3,0,0.011688806116580963,0,0.5,A2_pose_attention,142,fixed
99,S3_ADL_20,3,0,0.003088021418079734,0,0.5,A2_pose_attention,142,fixed
100,S3_ADL_21,3,0,0.003961299080401659,0,0.5,A2_pose_attention,142,fixed
101,S3_ADL_22,3,0,0.017955737188458443,0,0.5,A2_pose_attention,142,fixed
102,S3_FALL_01,3,1,0.9692891240119934,1,0.5,A2_pose_attention,142,fixed
103,S3_FALL_02,3,1,0.7660927176475525,1,0.5,A2_pose_attention,142,fixed
104,S3_FALL_03,3,1,0.7446951866149902,1,0.5,A2_pose_attention,142,fixed
105,S3_FALL_04,3,1,0.9431343078613281,1,0.5,A2_pose_attention,142,fixed
106,S3_FALL_05,3,1,0.9661332964897156,1,0.5,A2_pose_attention,142,fixed
107,S3_FALL_06,3,1,0.8481555581092834,1,0.5,A2_pose_attention,142,fixed
108,S3_FALL_07,3,1,0.8180202841758728,1,0.5,A2_pose_attention,142,fixed
109,S3_FALL_08,3,1,0.8347043991088867,1,0.5,A2_pose_attention,142,fixed
110,S3_FALL_09,3,1,0.9596592783927917,1,0.5,A2_pose_attention,142,fixed
111,S3_FALL_10,3,1,0.7197204232215881,1,0.5,A2_pose_attention,142,fixed
112,S3_FALL_11,3,1,0.9532638192176819,1,0.5,A2_pose_attention,142,fixed
113,S3_FALL_12,3,1,0.860575258731842,1,0.5,A2_pose_attention,142,fixed
114,S3_FALL_13,3,1,0.9555698037147522,1,0.5,A2_pose_attention,142,fixed
115,S3_FALL_14,3,1,0.9665068984031677,1,0.5,A2_pose_attention,142,fixed
116,S3_FALL_15,3,1,0.9662599563598633,1,0.5,A2_pose_attention,142,fixed
117,S3_FALL_16,3,1,0.9388101696968079,1,0.5,A2_pose_attention,142,fixed
118,S3_FALL_17,3,1,0.9741382002830505,1,0.5,A2_pose_attention,142,fixed
119,S3_FALL_18,3,1,0.9782071709632874,1,0.5,A2_pose_attention,142,fixed
120,S3_FALL_19,3,1,0.9193318486213684,1,0.5,A2_pose_attention,142,fixed
121,S3_FALL_20,3,1,0.9583150744438171,1,0.5,A2_pose_attention,142,fixed
122,S3_FALL_21,3,1,0.6710746884346008,1,0.5,A2_pose_attention,142,fixed
80,S3_ADL_01,3,0,0.0016814315458759665,0,0.44999999999999996,A2_pose_attention,142,balanced
81,S3_ADL_02,3,0,0.005611781496554613,0,0.44999999999999996,A2_pose_attention,142,balanced
82,S3_ADL_03,3,0,0.009958961047232151,0,0.44999999999999996,A2_pose_attention,142,balanced
83,S3_ADL_04,3,0,0.014611825346946716,0,0.44999999999999996,A2_pose_attention,142,balanced
84,S3_ADL_05,3,0,0.014716128818690777,0,0.44999999999999996,A2_pose_attention,142,balanced
85,S3_ADL_06,3,0,0.039239753037691116,0,0.44999999999999996,A2_pose_attention,142,balanced
86,S3_ADL_07,3,0,0.0010003914358094335,0,0.44999999999999996,A2_pose_attention,142,balanced
87,S3_ADL_08,3,0,0.854895830154419,1,0.44999999999999996,A2_pose_attention,142,balanced
88,S3_ADL_09,3,0,0.011593591421842575,0,0.44999999999999996,A2_pose_attention,142,balanced
89,S3_ADL_10,3,0,0.007393954787403345,0,0.44999999999999996,A2_pose_attention,142,balanced
90,S3_ADL_11,3,0,0.01273209135979414,0,0.44999999999999996,A2_pose_attention,142,balanced
91,S3_ADL_12,3,0,0.03681806102395058,0,0.44999999999999996,A2_pose_attention,142,balanced
92,S3_ADL_13,3,0,0.05242281034588814,0,0.44999999999999996,A2_pose_attention,142,balanced
93,S3_ADL_14,3,0,0.0038984280545264482,0,0.44999999999999996,A2_pose_attention,142,balanced
94,S3_ADL_15,3,0,0.004083924926817417,0,0.44999999999999996,A2_pose_attention,142,balanced
95,S3_ADL_16,3,0,0.0012351926416158676,0,0.44999999999999996,A2_pose_attention,142,balanced
96,S3_ADL_17,3,0,0.0011175830150023103,0,0.44999999999999996,A2_pose_attention,142,balanced
97,S3_ADL_18,3,0,0.004750891122967005,0,0.44999999999999996,A2_pose_attention,142,balanced
98,S3_ADL_19,3,0,0.011688806116580963,0,0.44999999999999996,A2_pose_attention,142,balanced
99,S3_ADL_20,3,0,0.003088021418079734,0,0.44999999999999996,A2_pose_attention,142,balanced
100,S3_ADL_21,3,0,0.003961299080401659,0,0.44999999999999996,A2_pose_attention,142,balanced
101,S3_ADL_22,3,0,0.017955737188458443,0,0.44999999999999996,A2_pose_attention,142,balanced
102,S3_FALL_01,3,1,0.9692891240119934,1,0.44999999999999996,A2_pose_attention,142,balanced
103,S3_FALL_02,3,1,0.7660927176475525,1,0.44999999999999996,A2_pose_attention,142,balanced
104,S3_FALL_03,3,1,0.7446951866149902,1,0.44999999999999996,A2_pose_attention,142,balanced
105,S3_FALL_04,3,1,0.9431343078613281,1,0.44999999999999996,A2_pose_attention,142,balanced
106,S3_FALL_05,3,1,0.9661332964897156,1,0.44999999999999996,A2_pose_attention,142,balanced
107,S3_FALL_06,3,1,0.8481555581092834,1,0.44999999999999996,A2_pose_attention,142,balanced
108,S3_FALL_07,3,1,0.8180202841758728,1,0.44999999999999996,A2_pose_attention,142,balanced
109,S3_FALL_08,3,1,0.8347043991088867,1,0.44999999999999996,A2_pose_attention,142,balanced
110,S3_FALL_09,3,1,0.9596592783927917,1,0.44999999999999996,A2_pose_attention,142,balanced
111,S3_FALL_10,3,1,0.7197204232215881,1,0.44999999999999996,A2_pose_attention,142,balanced
112,S3_FALL_11,3,1,0.9532638192176819,1,0.44999999999999996,A2_pose_attention,142,balanced
113,S3_FALL_12,3,1,0.860575258731842,1,0.44999999999999996,A2_pose_attention,142,balanced
114,S3_FALL_13,3,1,0.9555698037147522,1,0.44999999999999996,A2_pose_attention,142,balanced
115,S3_FALL_14,3,1,0.9665068984031677,1,0.44999999999999996,A2_pose_attention,142,balanced
116,S3_FALL_15,3,1,0.9662599563598633,1,0.44999999999999996,A2_pose_attention,142,balanced
117,S3_FALL_16,3,1,0.9388101696968079,1,0.44999999999999996,A2_pose_attention,142,balanced
118,S3_FALL_17,3,1,0.9741382002830505,1,0.44999999999999996,A2_pose_attention,142,balanced
119,S3_FALL_18,3,1,0.9782071709632874,1,0.44999999999999996,A2_pose_attention,142,balanced
120,S3_FALL_19,3,1,0.9193318486213684,1,0.44999999999999996,A2_pose_attention,142,balanced
121,S3_FALL_20,3,1,0.9583150744438171,1,0.44999999999999996,A2_pose_attention,142,balanced
122,S3_FALL_21,3,1,0.6710746884346008,1,0.44999999999999996,A2_pose_attention,142,balanced
80,S3_ADL_01,3,0,0.0016814315458759665,0,0.125,A2_pose_attention,142,sensitivity
81,S3_ADL_02,3,0,0.005611781496554613,0,0.125,A2_pose_attention,142,sensitivity
82,S3_ADL_03,3,0,0.009958961047232151,0,0.125,A2_pose_attention,142,sensitivity
83,S3_ADL_04,3,0,0.014611825346946716,0,0.125,A2_pose_attention,142,sensitivity
84,S3_ADL_05,3,0,0.014716128818690777,0,0.125,A2_pose_attention,142,sensitivity
85,S3_ADL_06,3,0,0.039239753037691116,0,0.125,A2_pose_attention,142,sensitivity
86,S3_ADL_07,3,0,0.0010003914358094335,0,0.125,A2_pose_attention,142,sensitivity
87,S3_ADL_08,3,0,0.854895830154419,1,0.125,A2_pose_attention,142,sensitivity
88,S3_ADL_09,3,0,0.011593591421842575,0,0.125,A2_pose_attention,142,sensitivity
89,S3_ADL_10,3,0,0.007393954787403345,0,0.125,A2_pose_attention,142,sensitivity
90,S3_ADL_11,3,0,0.01273209135979414,0,0.125,A2_pose_attention,142,sensitivity
91,S3_ADL_12,3,0,0.03681806102395058,0,0.125,A2_pose_attention,142,sensitivity
92,S3_ADL_13,3,0,0.05242281034588814,0,0.125,A2_pose_attention,142,sensitivity
93,S3_ADL_14,3,0,0.0038984280545264482,0,0.125,A2_pose_attention,142,sensitivity
94,S3_ADL_15,3,0,0.004083924926817417,0,0.125,A2_pose_attention,142,sensitivity
95,S3_ADL_16,3,0,0.0012351926416158676,0,0.125,A2_pose_attention,142,sensitivity
96,S3_ADL_17,3,0,0.0011175830150023103,0,0.125,A2_pose_attention,142,sensitivity
97,S3_ADL_18,3,0,0.004750891122967005,0,0.125,A2_pose_attention,142,sensitivity
98,S3_ADL_19,3,0,0.011688806116580963,0,0.125,A2_pose_attention,142,sensitivity
99,S3_ADL_20,3,0,0.003088021418079734,0,0.125,A2_pose_attention,142,sensitivity
100,S3_ADL_21,3,0,0.003961299080401659,0,0.125,A2_pose_attention,142,sensitivity
101,S3_ADL_22,3,0,0.017955737188458443,0,0.125,A2_pose_attention,142,sensitivity
102,S3_FALL_01,3,1,0.9692891240119934,1,0.125,A2_pose_attention,142,sensitivity
103,S3_FALL_02,3,1,0.7660927176475525,1,0.125,A2_pose_attention,142,sensitivity
104,S3_FALL_03,3,1,0.7446951866149902,1,0.125,A2_pose_attention,142,sensitivity
105,S3_FALL_04,3,1,0.9431343078613281,1,0.125,A2_pose_attention,142,sensitivity
106,S3_FALL_05,3,1,0.9661332964897156,1,0.125,A2_pose_attention,142,sensitivity
107,S3_FALL_06,3,1,0.8481555581092834,1,0.125,A2_pose_attention,142,sensitivity
108,S3_FALL_07,3,1,0.8180202841758728,1,0.125,A2_pose_attention,142,sensitivity
109,S3_FALL_08,3,1,0.8347043991088867,1,0.125,A2_pose_attention,142,sensitivity
110,S3_FALL_09,3,1,0.9596592783927917,1,0.125,A2_pose_attention,142,sensitivity
111,S3_FALL_10,3,1,0.7197204232215881,1,0.125,A2_pose_attention,142,sensitivity
112,S3_FALL_11,3,1,0.9532638192176819,1,0.125,A2_pose_attention,142,sensitivity
113,S3_FALL_12,3,1,0.860575258731842,1,0.125,A2_pose_attention,142,sensitivity
114,S3_FALL_13,3,1,0.9555698037147522,1,0.125,A2_pose_attention,142,sensitivity
115,S3_FALL_14,3,1,0.9665068984031677,1,0.125,A2_pose_attention,142,sensitivity
116,S3_FALL_15,3,1,0.9662599563598633,1,0.125,A2_pose_attention,142,sensitivity
117,S3_FALL_16,3,1,0.9388101696968079,1,0.125,A2_pose_attention,142,sensitivity
118,S3_FALL_17,3,1,0.9741382002830505,1,0.125,A2_pose_attention,142,sensitivity
119,S3_FALL_18,3,1,0.9782071709632874,1,0.125,A2_pose_attention,142,sensitivity
120,S3_FALL_19,3,1,0.9193318486213684,1,0.125,A2_pose_attention,142,sensitivity
121,S3_FALL_20,3,1,0.9583150744438171,1,0.125,A2_pose_attention,142,sensitivity
122,S3_FALL_21,3,1,0.6710746884346008,1,0.125,A2_pose_attention,142,sensitivity
123,S4_ADL_01,4,0,0.0016521094366908073,0,0.5,A2_pose_attention,142,fixed
124,S4_ADL_02,4,0,0.0034105090890079737,0,0.5,A2_pose_attention,142,fixed
125,S4_ADL_03,4,0,0.02325517311692238,0,0.5,A2_pose_attention,142,fixed
126,S4_ADL_04,4,0,0.1082097738981247,0,0.5,A2_pose_attention,142,fixed
127,S4_ADL_05,4,0,1.0,1,0.5,A2_pose_attention,142,fixed
128,S4_ADL_06,4,0,0.9998785257339478,1,0.5,A2_pose_attention,142,fixed
129,S4_ADL_07,4,0,0.9997573494911194,1,0.5,A2_pose_attention,142,fixed
130,S4_ADL_08,4,0,0.0050186472944915295,0,0.5,A2_pose_attention,142,fixed
131,S4_ADL_09,4,0,0.004492012318223715,0,0.5,A2_pose_attention,142,fixed
132,S4_ADL_10,4,0,0.999667763710022,1,0.5,A2_pose_attention,142,fixed
133,S4_ADL_11,4,0,0.001051908009685576,0,0.5,A2_pose_attention,142,fixed
134,S4_ADL_12,4,0,0.004780682269483805,0,0.5,A2_pose_attention,142,fixed
135,S4_ADL_13,4,0,0.0044074528850615025,0,0.5,A2_pose_attention,142,fixed
136,S4_ADL_14,4,0,0.09001060575246811,0,0.5,A2_pose_attention,142,fixed
137,S4_ADL_15,4,0,0.789648711681366,1,0.5,A2_pose_attention,142,fixed
138,S4_ADL_16,4,0,0.9609568119049072,1,0.5,A2_pose_attention,142,fixed
139,S4_ADL_17,4,0,0.010221180506050587,0,0.5,A2_pose_attention,142,fixed
140,S4_ADL_18,4,0,0.0027728623244911432,0,0.5,A2_pose_attention,142,fixed
141,S4_ADL_19,4,0,0.0027016501408070326,0,0.5,A2_pose_attention,142,fixed
142,S4_ADL_20,4,0,0.07074767351150513,0,0.5,A2_pose_attention,142,fixed
143,S4_FALL_01,4,1,0.9625535607337952,1,0.5,A2_pose_attention,142,fixed
144,S4_FALL_02,4,1,0.9722736477851868,1,0.5,A2_pose_attention,142,fixed
145,S4_FALL_03,4,1,0.9937317967414856,1,0.5,A2_pose_attention,142,fixed
146,S4_FALL_04,4,1,0.999961256980896,1,0.5,A2_pose_attention,142,fixed
147,S4_FALL_05,4,1,0.9996602535247803,1,0.5,A2_pose_attention,142,fixed
148,S4_FALL_06,4,1,0.9969632029533386,1,0.5,A2_pose_attention,142,fixed
149,S4_FALL_07,4,1,0.9997329115867615,1,0.5,A2_pose_attention,142,fixed
150,S4_FALL_08,4,1,0.9999222755432129,1,0.5,A2_pose_attention,142,fixed
151,S4_FALL_09,4,1,1.0,1,0.5,A2_pose_attention,142,fixed
152,S4_FALL_10,4,1,0.9279599189758301,1,0.5,A2_pose_attention,142,fixed
153,S4_FALL_11,4,1,0.9999865293502808,1,0.5,A2_pose_attention,142,fixed
154,S4_FALL_12,4,1,0.9999990463256836,1,0.5,A2_pose_attention,142,fixed
155,S4_FALL_13,4,1,0.9648957848548889,1,0.5,A2_pose_attention,142,fixed
156,S4_FALL_14,4,1,0.9999736547470093,1,0.5,A2_pose_attention,142,fixed
157,S4_FALL_15,4,1,1.0,1,0.5,A2_pose_attention,142,fixed
158,S4_FALL_16,4,1,0.9999890327453613,1,0.5,A2_pose_attention,142,fixed
159,S4_FALL_17,4,1,0.9999563694000244,1,0.5,A2_pose_attention,142,fixed
123,S4_ADL_01,4,0,0.0016521094366908073,0,0.6,A2_pose_attention,142,balanced
124,S4_ADL_02,4,0,0.0034105090890079737,0,0.6,A2_pose_attention,142,balanced
125,S4_ADL_03,4,0,0.02325517311692238,0,0.6,A2_pose_attention,142,balanced
126,S4_ADL_04,4,0,0.1082097738981247,0,0.6,A2_pose_attention,142,balanced
127,S4_ADL_05,4,0,1.0,1,0.6,A2_pose_attention,142,balanced
128,S4_ADL_06,4,0,0.9998785257339478,1,0.6,A2_pose_attention,142,balanced
129,S4_ADL_07,4,0,0.9997573494911194,1,0.6,A2_pose_attention,142,balanced
130,S4_ADL_08,4,0,0.0050186472944915295,0,0.6,A2_pose_attention,142,balanced
131,S4_ADL_09,4,0,0.004492012318223715,0,0.6,A2_pose_attention,142,balanced
132,S4_ADL_10,4,0,0.999667763710022,1,0.6,A2_pose_attention,142,balanced
133,S4_ADL_11,4,0,0.001051908009685576,0,0.6,A2_pose_attention,142,balanced
134,S4_ADL_12,4,0,0.004780682269483805,0,0.6,A2_pose_attention,142,balanced
135,S4_ADL_13,4,0,0.0044074528850615025,0,0.6,A2_pose_attention,142,balanced
136,S4_ADL_14,4,0,0.09001060575246811,0,0.6,A2_pose_attention,142,balanced
137,S4_ADL_15,4,0,0.789648711681366,1,0.6,A2_pose_attention,142,balanced
138,S4_ADL_16,4,0,0.9609568119049072,1,0.6,A2_pose_attention,142,balanced
139,S4_ADL_17,4,0,0.010221180506050587,0,0.6,A2_pose_attention,142,balanced
140,S4_ADL_18,4,0,0.0027728623244911432,0,0.6,A2_pose_attention,142,balanced
141,S4_ADL_19,4,0,0.0027016501408070326,0,0.6,A2_pose_attention,142,balanced
142,S4_ADL_20,4,0,0.07074767351150513,0,0.6,A2_pose_attention,142,balanced
143,S4_FALL_01,4,1,0.9625535607337952,1,0.6,A2_pose_attention,142,balanced
144,S4_FALL_02,4,1,0.9722736477851868,1,0.6,A2_pose_attention,142,balanced
145,S4_FALL_03,4,1,0.9937317967414856,1,0.6,A2_pose_attention,142,balanced
146,S4_FALL_04,4,1,0.999961256980896,1,0.6,A2_pose_attention,142,balanced
147,S4_FALL_05,4,1,0.9996602535247803,1,0.6,A2_pose_attention,142,balanced
148,S4_FALL_06,4,1,0.9969632029533386,1,0.6,A2_pose_attention,142,balanced
149,S4_FALL_07,4,1,0.9997329115867615,1,0.6,A2_pose_attention,142,balanced
150,S4_FALL_08,4,1,0.9999222755432129,1,0.6,A2_pose_attention,142,balanced
151,S4_FALL_09,4,1,1.0,1,0.6,A2_pose_attention,142,balanced
152,S4_FALL_10,4,1,0.9279599189758301,1,0.6,A2_pose_attention,142,balanced
153,S4_FALL_11,4,1,0.9999865293502808,1,0.6,A2_pose_attention,142,balanced
154,S4_FALL_12,4,1,0.9999990463256836,1,0.6,A2_pose_attention,142,balanced
155,S4_FALL_13,4,1,0.9648957848548889,1,0.6,A2_pose_attention,142,balanced
156,S4_FALL_14,4,1,0.9999736547470093,1,0.6,A2_pose_attention,142,balanced
157,S4_FALL_15,4,1,1.0,1,0.6,A2_pose_attention,142,balanced
158,S4_FALL_16,4,1,0.9999890327453613,1,0.6,A2_pose_attention,142,balanced
159,S4_FALL_17,4,1,0.9999563694000244,1,0.6,A2_pose_attention,142,balanced
123,S4_ADL_01,4,0,0.0016521094366908073,0,0.44999999999999996,A2_pose_attention,142,sensitivity
124,S4_ADL_02,4,0,0.0034105090890079737,0,0.44999999999999996,A2_pose_attention,142,sensitivity
125,S4_ADL_03,4,0,0.02325517311692238,0,0.44999999999999996,A2_pose_attention,142,sensitivity
126,S4_ADL_04,4,0,0.1082097738981247,0,0.44999999999999996,A2_pose_attention,142,sensitivity
127,S4_ADL_05,4,0,1.0,1,0.44999999999999996,A2_pose_attention,142,sensitivity
128,S4_ADL_06,4,0,0.9998785257339478,1,0.44999999999999996,A2_pose_attention,142,sensitivity
129,S4_ADL_07,4,0,0.9997573494911194,1,0.44999999999999996,A2_pose_attention,142,sensitivity
130,S4_ADL_08,4,0,0.0050186472944915295,0,0.44999999999999996,A2_pose_attention,142,sensitivity
131,S4_ADL_09,4,0,0.004492012318223715,0,0.44999999999999996,A2_pose_attention,142,sensitivity
132,S4_ADL_10,4,0,0.999667763710022,1,0.44999999999999996,A2_pose_attention,142,sensitivity
133,S4_ADL_11,4,0,0.001051908009685576,0,0.44999999999999996,A2_pose_attention,142,sensitivity
134,S4_ADL_12,4,0,0.004780682269483805,0,0.44999999999999996,A2_pose_attention,142,sensitivity
135,S4_ADL_13,4,0,0.0044074528850615025,0,0.44999999999999996,A2_pose_attention,142,sensitivity
136,S4_ADL_14,4,0,0.09001060575246811,0,0.44999999999999996,A2_pose_attention,142,sensitivity
137,S4_ADL_15,4,0,0.789648711681366,1,0.44999999999999996,A2_pose_attention,142,sensitivity
138,S4_ADL_16,4,0,0.9609568119049072,1,0.44999999999999996,A2_pose_attention,142,sensitivity
139,S4_ADL_17,4,0,0.010221180506050587,0,0.44999999999999996,A2_pose_attention,142,sensitivity
140,S4_ADL_18,4,0,0.0027728623244911432,0,0.44999999999999996,A2_pose_attention,142,sensitivity
141,S4_ADL_19,4,0,0.0027016501408070326,0,0.44999999999999996,A2_pose_attention,142,sensitivity
142,S4_ADL_20,4,0,0.07074767351150513,0,0.44999999999999996,A2_pose_attention,142,sensitivity
143,S4_FALL_01,4,1,0.9625535607337952,1,0.44999999999999996,A2_pose_attention,142,sensitivity
144,S4_FALL_02,4,1,0.9722736477851868,1,0.44999999999999996,A2_pose_attention,142,sensitivity
145,S4_FALL_03,4,1,0.9937317967414856,1,0.44999999999999996,A2_pose_attention,142,sensitivity
146,S4_FALL_04,4,1,0.999961256980896,1,0.44999999999999996,A2_pose_attention,142,sensitivity
147,S4_FALL_05,4,1,0.9996602535247803,1,0.44999999999999996,A2_pose_attention,142,sensitivity
148,S4_FALL_06,4,1,0.9969632029533386,1,0.44999999999999996,A2_pose_attention,142,sensitivity
149,S4_FALL_07,4,1,0.9997329115867615,1,0.44999999999999996,A2_pose_attention,142,sensitivity
150,S4_FALL_08,4,1,0.9999222755432129,1,0.44999999999999996,A2_pose_attention,142,sensitivity
151,S4_FALL_09,4,1,1.0,1,0.44999999999999996,A2_pose_attention,142,sensitivity
152,S4_FALL_10,4,1,0.9279599189758301,1,0.44999999999999996,A2_pose_attention,142,sensitivity
153,S4_FALL_11,4,1,0.9999865293502808,1,0.44999999999999996,A2_pose_attention,142,sensitivity
154,S4_FALL_12,4,1,0.9999990463256836,1,0.44999999999999996,A2_pose_attention,142,sensitivity
155,S4_FALL_13,4,1,0.9648957848548889,1,0.44999999999999996,A2_pose_attention,142,sensitivity
156,S4_FALL_14,4,1,0.9999736547470093,1,0.44999999999999996,A2_pose_attention,142,sensitivity
157,S4_FALL_15,4,1,1.0,1,0.44999999999999996,A2_pose_attention,142,sensitivity
158,S4_FALL_16,4,1,0.9999890327453613,1,0.44999999999999996,A2_pose_attention,142,sensitivity
159,S4_FALL_17,4,1,0.9999563694000244,1,0.44999999999999996,A2_pose_attention,142,sensitivity
0,S1_ADL_01,1,0,0.8364551663398743,1,0.5,A2_pose_attention,242,fixed
1,S1_ADL_02,1,0,0.898894190788269,1,0.5,A2_pose_attention,242,fixed
2,S1_ADL_03,1,0,0.8832960724830627,1,0.5,A2_pose_attention,242,fixed
3,S1_ADL_04,1,0,0.0007852209964767098,0,0.5,A2_pose_attention,242,fixed
4,S1_ADL_05,1,0,0.00011839715443784371,0,0.5,A2_pose_attention,242,fixed
5,S1_ADL_06,1,0,0.0009221705258823931,0,0.5,A2_pose_attention,242,fixed
6,S1_ADL_07,1,0,9.950840467354283e-05,0,0.5,A2_pose_attention,242,fixed
7,S1_ADL_08,1,0,0.003516519209370017,0,0.5,A2_pose_attention,242,fixed
8,S1_ADL_09,1,0,0.00038071259041316807,0,0.5,A2_pose_attention,242,fixed
9,S1_ADL_10,1,0,0.0003005444013979286,0,0.5,A2_pose_attention,242,fixed
10,S1_ADL_11,1,0,9.369701001560315e-05,0,0.5,A2_pose_attention,242,fixed
11,S1_ADL_12,1,0,0.0017925876891240478,0,0.5,A2_pose_attention,242,fixed
12,S1_ADL_13,1,0,0.0008984789601527154,0,0.5,A2_pose_attention,242,fixed
13,S1_ADL_14,1,0,0.0012782581616193056,0,0.5,A2_pose_attention,242,fixed
14,S1_ADL_15,1,0,0.0024578599259257317,0,0.5,A2_pose_attention,242,fixed
15,S1_ADL_16,1,0,0.0028320811688899994,0,0.5,A2_pose_attention,242,fixed
16,S1_FALL_01,1,1,0.9448906779289246,1,0.5,A2_pose_attention,242,fixed
17,S1_FALL_02,1,1,0.9566447138786316,1,0.5,A2_pose_attention,242,fixed
18,S1_FALL_03,1,1,0.9409154057502747,1,0.5,A2_pose_attention,242,fixed
19,S1_FALL_04,1,1,0.9791385531425476,1,0.5,A2_pose_attention,242,fixed
20,S1_FALL_05,1,1,0.9276458024978638,1,0.5,A2_pose_attention,242,fixed
21,S1_FALL_06,1,1,0.9419151544570923,1,0.5,A2_pose_attention,242,fixed
22,S1_FALL_07,1,1,0.9118291735649109,1,0.5,A2_pose_attention,242,fixed
23,S1_FALL_08,1,1,0.9412094354629517,1,0.5,A2_pose_attention,242,fixed
24,S1_FALL_09,1,1,0.8639334440231323,1,0.5,A2_pose_attention,242,fixed
25,S1_FALL_10,1,1,0.9042655229568481,1,0.5,A2_pose_attention,242,fixed
26,S1_FALL_11,1,1,0.5583972930908203,1,0.5,A2_pose_attention,242,fixed
27,S1_FALL_12,1,1,0.8727790117263794,1,0.5,A2_pose_attention,242,fixed
28,S1_FALL_13,1,1,0.009873713366687298,0,0.5,A2_pose_attention,242,fixed
29,S1_FALL_14,1,1,0.5649534463882446,1,0.5,A2_pose_attention,242,fixed
30,S1_FALL_15,1,1,0.8645985126495361,1,0.5,A2_pose_attention,242,fixed
31,S1_FALL_16,1,1,0.8732720017433167,1,0.5,A2_pose_attention,242,fixed
0,S1_ADL_01,1,0,0.8364551663398743,1,0.44999999999999996,A2_pose_attention,242,balanced
1,S1_ADL_02,1,0,0.898894190788269,1,0.44999999999999996,A2_pose_attention,242,balanced
2,S1_ADL_03,1,0,0.8832960724830627,1,0.44999999999999996,A2_pose_attention,242,balanced
3,S1_ADL_04,1,0,0.0007852209964767098,0,0.44999999999999996,A2_pose_attention,242,balanced
4,S1_ADL_05,1,0,0.00011839715443784371,0,0.44999999999999996,A2_pose_attention,242,balanced
5,S1_ADL_06,1,0,0.0009221705258823931,0,0.44999999999999996,A2_pose_attention,242,balanced
6,S1_ADL_07,1,0,9.950840467354283e-05,0,0.44999999999999996,A2_pose_attention,242,balanced
7,S1_ADL_08,1,0,0.003516519209370017,0,0.44999999999999996,A2_pose_attention,242,balanced
8,S1_ADL_09,1,0,0.00038071259041316807,0,0.44999999999999996,A2_pose_attention,242,balanced
9,S1_ADL_10,1,0,0.0003005444013979286,0,0.44999999999999996,A2_pose_attention,242,balanced
10,S1_ADL_11,1,0,9.369701001560315e-05,0,0.44999999999999996,A2_pose_attention,242,balanced
11,S1_ADL_12,1,0,0.0017925876891240478,0,0.44999999999999996,A2_pose_attention,242,balanced
12,S1_ADL_13,1,0,0.0008984789601527154,0,0.44999999999999996,A2_pose_attention,242,balanced
13,S1_ADL_14,1,0,0.0012782581616193056,0,0.44999999999999996,A2_pose_attention,242,balanced
14,S1_ADL_15,1,0,0.0024578599259257317,0,0.44999999999999996,A2_pose_attention,242,balanced
15,S1_ADL_16,1,0,0.0028320811688899994,0,0.44999999999999996,A2_pose_attention,242,balanced
16,S1_FALL_01,1,1,0.9448906779289246,1,0.44999999999999996,A2_pose_attention,242,balanced
17,S1_FALL_02,1,1,0.9566447138786316,1,0.44999999999999996,A2_pose_attention,242,balanced
18,S1_FALL_03,1,1,0.9409154057502747,1,0.44999999999999996,A2_pose_attention,242,balanced
19,S1_FALL_04,1,1,0.9791385531425476,1,0.44999999999999996,A2_pose_attention,242,balanced
20,S1_FALL_05,1,1,0.9276458024978638,1,0.44999999999999996,A2_pose_attention,242,balanced
21,S1_FALL_06,1,1,0.9419151544570923,1,0.44999999999999996,A2_pose_attention,242,balanced
22,S1_FALL_07,1,1,0.9118291735649109,1,0.44999999999999996,A2_pose_attention,242,balanced
23,S1_FALL_08,1,1,0.9412094354629517,1,0.44999999999999996,A2_pose_attention,242,balanced
24,S1_FALL_09,1,1,0.8639334440231323,1,0.44999999999999996,A2_pose_attention,242,balanced
25,S1_FALL_10,1,1,0.9042655229568481,1,0.44999999999999996,A2_pose_attention,242,balanced
26,S1_FALL_11,1,1,0.5583972930908203,1,0.44999999999999996,A2_pose_attention,242,balanced
27,S1_FALL_12,1,1,0.8727790117263794,1,0.44999999999999996,A2_pose_attention,242,balanced
28,S1_FALL_13,1,1,0.009873713366687298,0,0.44999999999999996,A2_pose_attention,242,balanced
29,S1_FALL_14,1,1,0.5649534463882446,1,0.44999999999999996,A2_pose_attention,242,balanced
30,S1_FALL_15,1,1,0.8645985126495361,1,0.44999999999999996,A2_pose_attention,242,balanced
31,S1_FALL_16,1,1,0.8732720017433167,1,0.44999999999999996,A2_pose_attention,242,balanced
0,S1_ADL_01,1,0,0.8364551663398743,1,0.25,A2_pose_attention,242,sensitivity
1,S1_ADL_02,1,0,0.898894190788269,1,0.25,A2_pose_attention,242,sensitivity
2,S1_ADL_03,1,0,0.8832960724830627,1,0.25,A2_pose_attention,242,sensitivity
3,S1_ADL_04,1,0,0.0007852209964767098,0,0.25,A2_pose_attention,242,sensitivity
4,S1_ADL_05,1,0,0.00011839715443784371,0,0.25,A2_pose_attention,242,sensitivity
5,S1_ADL_06,1,0,0.0009221705258823931,0,0.25,A2_pose_attention,242,sensitivity
6,S1_ADL_07,1,0,9.950840467354283e-05,0,0.25,A2_pose_attention,242,sensitivity
7,S1_ADL_08,1,0,0.003516519209370017,0,0.25,A2_pose_attention,242,sensitivity
8,S1_ADL_09,1,0,0.00038071259041316807,0,0.25,A2_pose_attention,242,sensitivity
9,S1_ADL_10,1,0,0.0003005444013979286,0,0.25,A2_pose_attention,242,sensitivity
10,S1_ADL_11,1,0,9.369701001560315e-05,0,0.25,A2_pose_attention,242,sensitivity
11,S1_ADL_12,1,0,0.0017925876891240478,0,0.25,A2_pose_attention,242,sensitivity
12,S1_ADL_13,1,0,0.0008984789601527154,0,0.25,A2_pose_attention,242,sensitivity
13,S1_ADL_14,1,0,0.0012782581616193056,0,0.25,A2_pose_attention,242,sensitivity
14,S1_ADL_15,1,0,0.0024578599259257317,0,0.25,A2_pose_attention,242,sensitivity
15,S1_ADL_16,1,0,0.0028320811688899994,0,0.25,A2_pose_attention,242,sensitivity
16,S1_FALL_01,1,1,0.9448906779289246,1,0.25,A2_pose_attention,242,sensitivity
17,S1_FALL_02,1,1,0.9566447138786316,1,0.25,A2_pose_attention,242,sensitivity
18,S1_FALL_03,1,1,0.9409154057502747,1,0.25,A2_pose_attention,242,sensitivity
19,S1_FALL_04,1,1,0.9791385531425476,1,0.25,A2_pose_attention,242,sensitivity
20,S1_FALL_05,1,1,0.9276458024978638,1,0.25,A2_pose_attention,242,sensitivity
21,S1_FALL_06,1,1,0.9419151544570923,1,0.25,A2_pose_attention,242,sensitivity
22,S1_FALL_07,1,1,0.9118291735649109,1,0.25,A2_pose_attention,242,sensitivity
23,S1_FALL_08,1,1,0.9412094354629517,1,0.25,A2_pose_attention,242,sensitivity
24,S1_FALL_09,1,1,0.8639334440231323,1,0.25,A2_pose_attention,242,sensitivity
25,S1_FALL_10,1,1,0.9042655229568481,1,0.25,A2_pose_attention,242,sensitivity
26,S1_FALL_11,1,1,0.5583972930908203,1,0.25,A2_pose_attention,242,sensitivity
27,S1_FALL_12,1,1,0.8727790117263794,1,0.25,A2_pose_attention,242,sensitivity
28,S1_FALL_13,1,1,0.009873713366687298,0,0.25,A2_pose_attention,242,sensitivity
29,S1_FALL_14,1,1,0.5649534463882446,1,0.25,A2_pose_attention,242,sensitivity
30,S1_FALL_15,1,1,0.8645985126495361,1,0.25,A2_pose_attention,242,sensitivity
31,S1_FALL_16,1,1,0.8732720017433167,1,0.25,A2_pose_attention,242,sensitivity
32,S2_ADL_01,2,0,0.9990099668502808,1,0.5,A2_pose_attention,242,fixed
33,S2_ADL_02,2,0,0.00024105275224428624,0,0.5,A2_pose_attention,242,fixed
34,S2_ADL_03,2,0,0.1630506068468094,0,0.5,A2_pose_attention,242,fixed
35,S2_ADL_04,2,0,0.03452829271554947,0,0.5,A2_pose_attention,242,fixed
36,S2_ADL_05,2,0,0.00016696802049409598,0,0.5,A2_pose_attention,242,fixed
37,S2_ADL_06,2,0,0.0002565425238572061,0,0.5,A2_pose_attention,242,fixed
38,S2_ADL_07,2,0,0.001054876483976841,0,0.5,A2_pose_attention,242,fixed
39,S2_ADL_08,2,0,0.004598477855324745,0,0.5,A2_pose_attention,242,fixed
40,S2_ADL_09,2,0,0.00522723188623786,0,0.5,A2_pose_attention,242,fixed
41,S2_ADL_10,2,0,0.0008290352998301387,0,0.5,A2_pose_attention,242,fixed
42,S2_ADL_11,2,0,0.00023096869699656963,0,0.5,A2_pose_attention,242,fixed
43,S2_ADL_12,2,0,0.7747698426246643,1,0.5,A2_pose_attention,242,fixed
44,S2_ADL_13,2,0,0.0059449682012200356,0,0.5,A2_pose_attention,242,fixed
45,S2_ADL_14,2,0,0.44769224524497986,0,0.5,A2_pose_attention,242,fixed
46,S2_ADL_15,2,0,0.0003460534499026835,0,0.5,A2_pose_attention,242,fixed
47,S2_ADL_16,2,0,0.8166137933731079,1,0.5,A2_pose_attention,242,fixed
48,S2_ADL_17,2,0,0.015943845734000206,0,0.5,A2_pose_attention,242,fixed
49,S2_ADL_18,2,0,0.002051354618743062,0,0.5,A2_pose_attention,242,fixed
50,S2_ADL_19,2,0,0.04532412067055702,0,0.5,A2_pose_attention,242,fixed
51,S2_ADL_20,2,0,0.00017210929945576936,0,0.5,A2_pose_attention,242,fixed
52,S2_ADL_21,2,0,0.004394232761114836,0,0.5,A2_pose_attention,242,fixed
53,S2_ADL_22,2,0,0.7184699773788452,1,0.5,A2_pose_attention,242,fixed
54,S2_ADL_23,2,0,0.00017759265028871596,0,0.5,A2_pose_attention,242,fixed
55,S2_FALL_01,2,1,0.9527893662452698,1,0.5,A2_pose_attention,242,fixed
56,S2_FALL_02,2,1,0.9489463567733765,1,0.5,A2_pose_attention,242,fixed
57,S2_FALL_03,2,1,0.8689295649528503,1,0.5,A2_pose_attention,242,fixed
58,S2_FALL_04,2,1,0.9376381635665894,1,0.5,A2_pose_attention,242,fixed
59,S2_FALL_05,2,1,0.8198565244674683,1,0.5,A2_pose_attention,242,fixed
60,S2_FALL_06,2,1,0.21336553990840912,0,0.5,A2_pose_attention,242,fixed
61,S2_FALL_07,2,1,0.78450608253479,1,0.5,A2_pose_attention,242,fixed
62,S2_FALL_08,2,1,0.8471672534942627,1,0.5,A2_pose_attention,242,fixed
63,S2_FALL_09,2,1,0.8620353937149048,1,0.5,A2_pose_attention,242,fixed
64,S2_FALL_10,2,1,0.9867339134216309,1,0.5,A2_pose_attention,242,fixed
65,S2_FALL_11,2,1,0.9028714895248413,1,0.5,A2_pose_attention,242,fixed
66,S2_FALL_12,2,1,0.715463399887085,1,0.5,A2_pose_attention,242,fixed
67,S2_FALL_13,2,1,0.9067919254302979,1,0.5,A2_pose_attention,242,fixed
68,S2_FALL_14,2,1,0.9992572665214539,1,0.5,A2_pose_attention,242,fixed
69,S2_FALL_15,2,1,0.8479308485984802,1,0.5,A2_pose_attention,242,fixed
70,S2_FALL_16,2,1,0.942706286907196,1,0.5,A2_pose_attention,242,fixed
71,S2_FALL_17,2,1,0.9698148965835571,1,0.5,A2_pose_attention,242,fixed
72,S2_FALL_18,2,1,0.006852257996797562,0,0.5,A2_pose_attention,242,fixed
73,S2_FALL_19,2,1,0.14591191709041595,0,0.5,A2_pose_attention,242,fixed
74,S2_FALL_20,2,1,0.44928160309791565,0,0.5,A2_pose_attention,242,fixed
75,S2_FALL_21,2,1,0.5228984355926514,1,0.5,A2_pose_attention,242,fixed
76,S2_FALL_22,2,1,0.9646189212799072,1,0.5,A2_pose_attention,242,fixed
77,S2_FALL_23,2,1,0.7519668936729431,1,0.5,A2_pose_attention,242,fixed
78,S2_FALL_24,2,1,0.9578585624694824,1,0.5,A2_pose_attention,242,fixed
79,S2_FALL_25,2,1,0.9231688976287842,1,0.5,A2_pose_attention,242,fixed
32,S2_ADL_01,2,0,0.9990099668502808,1,0.475,A2_pose_attention,242,balanced
33,S2_ADL_02,2,0,0.00024105275224428624,0,0.475,A2_pose_attention,242,balanced
34,S2_ADL_03,2,0,0.1630506068468094,0,0.475,A2_pose_attention,242,balanced
35,S2_ADL_04,2,0,0.03452829271554947,0,0.475,A2_pose_attention,242,balanced
36,S2_ADL_05,2,0,0.00016696802049409598,0,0.475,A2_pose_attention,242,balanced
37,S2_ADL_06,2,0,0.0002565425238572061,0,0.475,A2_pose_attention,242,balanced
38,S2_ADL_07,2,0,0.001054876483976841,0,0.475,A2_pose_attention,242,balanced
39,S2_ADL_08,2,0,0.004598477855324745,0,0.475,A2_pose_attention,242,balanced
40,S2_ADL_09,2,0,0.00522723188623786,0,0.475,A2_pose_attention,242,balanced
41,S2_ADL_10,2,0,0.0008290352998301387,0,0.475,A2_pose_attention,242,balanced
42,S2_ADL_11,2,0,0.00023096869699656963,0,0.475,A2_pose_attention,242,balanced
43,S2_ADL_12,2,0,0.7747698426246643,1,0.475,A2_pose_attention,242,balanced
44,S2_ADL_13,2,0,0.0059449682012200356,0,0.475,A2_pose_attention,242,balanced
45,S2_ADL_14,2,0,0.44769224524497986,0,0.475,A2_pose_attention,242,balanced
46,S2_ADL_15,2,0,0.0003460534499026835,0,0.475,A2_pose_attention,242,balanced
47,S2_ADL_16,2,0,0.8166137933731079,1,0.475,A2_pose_attention,242,balanced
48,S2_ADL_17,2,0,0.015943845734000206,0,0.475,A2_pose_attention,242,balanced
49,S2_ADL_18,2,0,0.002051354618743062,0,0.475,A2_pose_attention,242,balanced
50,S2_ADL_19,2,0,0.04532412067055702,0,0.475,A2_pose_attention,242,balanced
51,S2_ADL_20,2,0,0.00017210929945576936,0,0.475,A2_pose_attention,242,balanced
52,S2_ADL_21,2,0,0.004394232761114836,0,0.475,A2_pose_attention,242,balanced
53,S2_ADL_22,2,0,0.7184699773788452,1,0.475,A2_pose_attention,242,balanced
54,S2_ADL_23,2,0,0.00017759265028871596,0,0.475,A2_pose_attention,242,balanced
55,S2_FALL_01,2,1,0.9527893662452698,1,0.475,A2_pose_attention,242,balanced
56,S2_FALL_02,2,1,0.9489463567733765,1,0.475,A2_pose_attention,242,balanced
57,S2_FALL_03,2,1,0.8689295649528503,1,0.475,A2_pose_attention,242,balanced
58,S2_FALL_04,2,1,0.9376381635665894,1,0.475,A2_pose_attention,242,balanced
59,S2_FALL_05,2,1,0.8198565244674683,1,0.475,A2_pose_attention,242,balanced
60,S2_FALL_06,2,1,0.21336553990840912,0,0.475,A2_pose_attention,242,balanced
61,S2_FALL_07,2,1,0.78450608253479,1,0.475,A2_pose_attention,242,balanced
62,S2_FALL_08,2,1,0.8471672534942627,1,0.475,A2_pose_attention,242,balanced
63,S2_FALL_09,2,1,0.8620353937149048,1,0.475,A2_pose_attention,242,balanced
64,S2_FALL_10,2,1,0.9867339134216309,1,0.475,A2_pose_attention,242,balanced
65,S2_FALL_11,2,1,0.9028714895248413,1,0.475,A2_pose_attention,242,balanced
66,S2_FALL_12,2,1,0.715463399887085,1,0.475,A2_pose_attention,242,balanced
67,S2_FALL_13,2,1,0.9067919254302979,1,0.475,A2_pose_attention,242,balanced
68,S2_FALL_14,2,1,0.9992572665214539,1,0.475,A2_pose_attention,242,balanced
69,S2_FALL_15,2,1,0.8479308485984802,1,0.475,A2_pose_attention,242,balanced
70,S2_FALL_16,2,1,0.942706286907196,1,0.475,A2_pose_attention,242,balanced
71,S2_FALL_17,2,1,0.9698148965835571,1,0.475,A2_pose_attention,242,balanced
72,S2_FALL_18,2,1,0.006852257996797562,0,0.475,A2_pose_attention,242,balanced
73,S2_FALL_19,2,1,0.14591191709041595,0,0.475,A2_pose_attention,242,balanced
74,S2_FALL_20,2,1,0.44928160309791565,0,0.475,A2_pose_attention,242,balanced
75,S2_FALL_21,2,1,0.5228984355926514,1,0.475,A2_pose_attention,242,balanced
76,S2_FALL_22,2,1,0.9646189212799072,1,0.475,A2_pose_attention,242,balanced
77,S2_FALL_23,2,1,0.7519668936729431,1,0.475,A2_pose_attention,242,balanced
78,S2_FALL_24,2,1,0.9578585624694824,1,0.475,A2_pose_attention,242,balanced
79,S2_FALL_25,2,1,0.9231688976287842,1,0.475,A2_pose_attention,242,balanced
32,S2_ADL_01,2,0,0.9990099668502808,1,0.32499999999999996,A2_pose_attention,242,sensitivity
33,S2_ADL_02,2,0,0.00024105275224428624,0,0.32499999999999996,A2_pose_attention,242,sensitivity
34,S2_ADL_03,2,0,0.1630506068468094,0,0.32499999999999996,A2_pose_attention,242,sensitivity
35,S2_ADL_04,2,0,0.03452829271554947,0,0.32499999999999996,A2_pose_attention,242,sensitivity
36,S2_ADL_05,2,0,0.00016696802049409598,0,0.32499999999999996,A2_pose_attention,242,sensitivity
37,S2_ADL_06,2,0,0.0002565425238572061,0,0.32499999999999996,A2_pose_attention,242,sensitivity
38,S2_ADL_07,2,0,0.001054876483976841,0,0.32499999999999996,A2_pose_attention,242,sensitivity
39,S2_ADL_08,2,0,0.004598477855324745,0,0.32499999999999996,A2_pose_attention,242,sensitivity
40,S2_ADL_09,2,0,0.00522723188623786,0,0.32499999999999996,A2_pose_attention,242,sensitivity
41,S2_ADL_10,2,0,0.0008290352998301387,0,0.32499999999999996,A2_pose_attention,242,sensitivity
42,S2_ADL_11,2,0,0.00023096869699656963,0,0.32499999999999996,A2_pose_attention,242,sensitivity
43,S2_ADL_12,2,0,0.7747698426246643,1,0.32499999999999996,A2_pose_attention,242,sensitivity
44,S2_ADL_13,2,0,0.0059449682012200356,0,0.32499999999999996,A2_pose_attention,242,sensitivity
45,S2_ADL_14,2,0,0.44769224524497986,1,0.32499999999999996,A2_pose_attention,242,sensitivity
46,S2_ADL_15,2,0,0.0003460534499026835,0,0.32499999999999996,A2_pose_attention,242,sensitivity
47,S2_ADL_16,2,0,0.8166137933731079,1,0.32499999999999996,A2_pose_attention,242,sensitivity
48,S2_ADL_17,2,0,0.015943845734000206,0,0.32499999999999996,A2_pose_attention,242,sensitivity
49,S2_ADL_18,2,0,0.002051354618743062,0,0.32499999999999996,A2_pose_attention,242,sensitivity
50,S2_ADL_19,2,0,0.04532412067055702,0,0.32499999999999996,A2_pose_attention,242,sensitivity
51,S2_ADL_20,2,0,0.00017210929945576936,0,0.32499999999999996,A2_pose_attention,242,sensitivity
52,S2_ADL_21,2,0,0.004394232761114836,0,0.32499999999999996,A2_pose_attention,242,sensitivity
53,S2_ADL_22,2,0,0.7184699773788452,1,0.32499999999999996,A2_pose_attention,242,sensitivity
54,S2_ADL_23,2,0,0.00017759265028871596,0,0.32499999999999996,A2_pose_attention,242,sensitivity
55,S2_FALL_01,2,1,0.9527893662452698,1,0.32499999999999996,A2_pose_attention,242,sensitivity
56,S2_FALL_02,2,1,0.9489463567733765,1,0.32499999999999996,A2_pose_attention,242,sensitivity
57,S2_FALL_03,2,1,0.8689295649528503,1,0.32499999999999996,A2_pose_attention,242,sensitivity
58,S2_FALL_04,2,1,0.9376381635665894,1,0.32499999999999996,A2_pose_attention,242,sensitivity
59,S2_FALL_05,2,1,0.8198565244674683,1,0.32499999999999996,A2_pose_attention,242,sensitivity
60,S2_FALL_06,2,1,0.21336553990840912,0,0.32499999999999996,A2_pose_attention,242,sensitivity
61,S2_FALL_07,2,1,0.78450608253479,1,0.32499999999999996,A2_pose_attention,242,sensitivity
62,S2_FALL_08,2,1,0.8471672534942627,1,0.32499999999999996,A2_pose_attention,242,sensitivity
63,S2_FALL_09,2,1,0.8620353937149048,1,0.32499999999999996,A2_pose_attention,242,sensitivity
64,S2_FALL_10,2,1,0.9867339134216309,1,0.32499999999999996,A2_pose_attention,242,sensitivity
65,S2_FALL_11,2,1,0.9028714895248413,1,0.32499999999999996,A2_pose_attention,242,sensitivity
66,S2_FALL_12,2,1,0.715463399887085,1,0.32499999999999996,A2_pose_attention,242,sensitivity
67,S2_FALL_13,2,1,0.9067919254302979,1,0.32499999999999996,A2_pose_attention,242,sensitivity
68,S2_FALL_14,2,1,0.9992572665214539,1,0.32499999999999996,A2_pose_attention,242,sensitivity
69,S2_FALL_15,2,1,0.8479308485984802,1,0.32499999999999996,A2_pose_attention,242,sensitivity
70,S2_FALL_16,2,1,0.942706286907196,1,0.32499999999999996,A2_pose_attention,242,sensitivity
71,S2_FALL_17,2,1,0.9698148965835571,1,0.32499999999999996,A2_pose_attention,242,sensitivity
72,S2_FALL_18,2,1,0.006852257996797562,0,0.32499999999999996,A2_pose_attention,242,sensitivity
73,S2_FALL_19,2,1,0.14591191709041595,0,0.32499999999999996,A2_pose_attention,242,sensitivity
74,S2_FALL_20,2,1,0.44928160309791565,1,0.32499999999999996,A2_pose_attention,242,sensitivity
75,S2_FALL_21,2,1,0.5228984355926514,1,0.32499999999999996,A2_pose_attention,242,sensitivity
76,S2_FALL_22,2,1,0.9646189212799072,1,0.32499999999999996,A2_pose_attention,242,sensitivity
77,S2_FALL_23,2,1,0.7519668936729431,1,0.32499999999999996,A2_pose_attention,242,sensitivity
78,S2_FALL_24,2,1,0.9578585624694824,1,0.32499999999999996,A2_pose_attention,242,sensitivity
79,S2_FALL_25,2,1,0.9231688976287842,1,0.32499999999999996,A2_pose_attention,242,sensitivity
80,S3_ADL_01,3,0,0.0013231427874416113,0,0.5,A2_pose_attention,242,fixed
81,S3_ADL_02,3,0,0.011972679756581783,0,0.5,A2_pose_attention,242,fixed
82,S3_ADL_03,3,0,0.09608728438615799,0,0.5,A2_pose_attention,242,fixed
83,S3_ADL_04,3,0,0.06172003597021103,0,0.5,A2_pose_attention,242,fixed
84,S3_ADL_05,3,0,0.9967080354690552,1,0.5,A2_pose_attention,242,fixed
85,S3_ADL_06,3,0,0.12281948328018188,0,0.5,A2_pose_attention,242,fixed
86,S3_ADL_07,3,0,0.0014118226245045662,0,0.5,A2_pose_attention,242,fixed
87,S3_ADL_08,3,0,0.9905363917350769,1,0.5,A2_pose_attention,242,fixed
88,S3_ADL_09,3,0,0.057486407458782196,0,0.5,A2_pose_attention,242,fixed
89,S3_ADL_10,3,0,0.04591557756066322,0,0.5,A2_pose_attention,242,fixed
90,S3_ADL_11,3,0,0.12818880379199982,0,0.5,A2_pose_attention,242,fixed
91,S3_ADL_12,3,0,0.17229986190795898,0,0.5,A2_pose_attention,242,fixed
92,S3_ADL_13,3,0,0.018932467326521873,0,0.5,A2_pose_attention,242,fixed
93,S3_ADL_14,3,0,0.010660132393240929,0,0.5,A2_pose_attention,242,fixed
94,S3_ADL_15,3,0,0.009365657344460487,0,0.5,A2_pose_attention,242,fixed
95,S3_ADL_16,3,0,0.002337370067834854,0,0.5,A2_pose_attention,242,fixed
96,S3_ADL_17,3,0,0.0014707085210829973,0,0.5,A2_pose_attention,242,fixed
97,S3_ADL_18,3,0,0.005702453665435314,0,0.5,A2_pose_attention,242,fixed
98,S3_ADL_19,3,0,0.01286250725388527,0,0.5,A2_pose_attention,242,fixed
99,S3_ADL_20,3,0,0.007062580902129412,0,0.5,A2_pose_attention,242,fixed
100,S3_ADL_21,3,0,0.08288628607988358,0,0.5,A2_pose_attention,242,fixed
101,S3_ADL_22,3,0,0.00571330264210701,0,0.5,A2_pose_attention,242,fixed
102,S3_FALL_01,3,1,0.9941614270210266,1,0.5,A2_pose_attention,242,fixed
103,S3_FALL_02,3,1,0.9991858601570129,1,0.5,A2_pose_attention,242,fixed
104,S3_FALL_03,3,1,0.5708781480789185,1,0.5,A2_pose_attention,242,fixed
105,S3_FALL_04,3,1,0.9983471632003784,1,0.5,A2_pose_attention,242,fixed
106,S3_FALL_05,3,1,0.9999053478240967,1,0.5,A2_pose_attention,242,fixed
107,S3_FALL_06,3,1,0.4756894111633301,0,0.5,A2_pose_attention,242,fixed
108,S3_FALL_07,3,1,0.8773946762084961,1,0.5,A2_pose_attention,242,fixed
109,S3_FALL_08,3,1,0.8447954654693604,1,0.5,A2_pose_attention,242,fixed
110,S3_FALL_09,3,1,0.9872501492500305,1,0.5,A2_pose_attention,242,fixed
111,S3_FALL_10,3,1,0.6105316281318665,1,0.5,A2_pose_attention,242,fixed
112,S3_FALL_11,3,1,0.9213984608650208,1,0.5,A2_pose_attention,242,fixed
113,S3_FALL_12,3,1,0.8607615232467651,1,0.5,A2_pose_attention,242,fixed
114,S3_FALL_13,3,1,0.9954627156257629,1,0.5,A2_pose_attention,242,fixed
115,S3_FALL_14,3,1,0.9867925643920898,1,0.5,A2_pose_attention,242,fixed
116,S3_FALL_15,3,1,0.9924528002738953,1,0.5,A2_pose_attention,242,fixed
117,S3_FALL_16,3,1,0.9898518919944763,1,0.5,A2_pose_attention,242,fixed
118,S3_FALL_17,3,1,0.9898651242256165,1,0.5,A2_pose_attention,242,fixed
119,S3_FALL_18,3,1,0.9998564720153809,1,0.5,A2_pose_attention,242,fixed
120,S3_FALL_19,3,1,0.9995142221450806,1,0.5,A2_pose_attention,242,fixed
121,S3_FALL_20,3,1,0.9663649201393127,1,0.5,A2_pose_attention,242,fixed
122,S3_FALL_21,3,1,0.9960533380508423,1,0.5,A2_pose_attention,242,fixed
80,S3_ADL_01,3,0,0.0013231427874416113,0,0.32499999999999996,A2_pose_attention,242,balanced
81,S3_ADL_02,3,0,0.011972679756581783,0,0.32499999999999996,A2_pose_attention,242,balanced
82,S3_ADL_03,3,0,0.09608728438615799,0,0.32499999999999996,A2_pose_attention,242,balanced
83,S3_ADL_04,3,0,0.06172003597021103,0,0.32499999999999996,A2_pose_attention,242,balanced
84,S3_ADL_05,3,0,0.9967080354690552,1,0.32499999999999996,A2_pose_attention,242,balanced
85,S3_ADL_06,3,0,0.12281948328018188,0,0.32499999999999996,A2_pose_attention,242,balanced
86,S3_ADL_07,3,0,0.0014118226245045662,0,0.32499999999999996,A2_pose_attention,242,balanced
87,S3_ADL_08,3,0,0.9905363917350769,1,0.32499999999999996,A2_pose_attention,242,balanced
88,S3_ADL_09,3,0,0.057486407458782196,0,0.32499999999999996,A2_pose_attention,242,balanced
89,S3_ADL_10,3,0,0.04591557756066322,0,0.32499999999999996,A2_pose_attention,242,balanced
90,S3_ADL_11,3,0,0.12818880379199982,0,0.32499999999999996,A2_pose_attention,242,balanced
91,S3_ADL_12,3,0,0.17229986190795898,0,0.32499999999999996,A2_pose_attention,242,balanced
92,S3_ADL_13,3,0,0.018932467326521873,0,0.32499999999999996,A2_pose_attention,242,balanced
93,S3_ADL_14,3,0,0.010660132393240929,0,0.32499999999999996,A2_pose_attention,242,balanced
94,S3_ADL_15,3,0,0.009365657344460487,0,0.32499999999999996,A2_pose_attention,242,balanced
95,S3_ADL_16,3,0,0.002337370067834854,0,0.32499999999999996,A2_pose_attention,242,balanced
96,S3_ADL_17,3,0,0.0014707085210829973,0,0.32499999999999996,A2_pose_attention,242,balanced
97,S3_ADL_18,3,0,0.005702453665435314,0,0.32499999999999996,A2_pose_attention,242,balanced
98,S3_ADL_19,3,0,0.01286250725388527,0,0.32499999999999996,A2_pose_attention,242,balanced
99,S3_ADL_20,3,0,0.007062580902129412,0,0.32499999999999996,A2_pose_attention,242,balanced
100,S3_ADL_21,3,0,0.08288628607988358,0,0.32499999999999996,A2_pose_attention,242,balanced
101,S3_ADL_22,3,0,0.00571330264210701,0,0.32499999999999996,A2_pose_attention,242,balanced
102,S3_FALL_01,3,1,0.9941614270210266,1,0.32499999999999996,A2_pose_attention,242,balanced
103,S3_FALL_02,3,1,0.9991858601570129,1,0.32499999999999996,A2_pose_attention,242,balanced
104,S3_FALL_03,3,1,0.5708781480789185,1,0.32499999999999996,A2_pose_attention,242,balanced
105,S3_FALL_04,3,1,0.9983471632003784,1,0.32499999999999996,A2_pose_attention,242,balanced
106,S3_FALL_05,3,1,0.9999053478240967,1,0.32499999999999996,A2_pose_attention,242,balanced
107,S3_FALL_06,3,1,0.4756894111633301,1,0.32499999999999996,A2_pose_attention,242,balanced
108,S3_FALL_07,3,1,0.8773946762084961,1,0.32499999999999996,A2_pose_attention,242,balanced
109,S3_FALL_08,3,1,0.8447954654693604,1,0.32499999999999996,A2_pose_attention,242,balanced
110,S3_FALL_09,3,1,0.9872501492500305,1,0.32499999999999996,A2_pose_attention,242,balanced
111,S3_FALL_10,3,1,0.6105316281318665,1,0.32499999999999996,A2_pose_attention,242,balanced
112,S3_FALL_11,3,1,0.9213984608650208,1,0.32499999999999996,A2_pose_attention,242,balanced
113,S3_FALL_12,3,1,0.8607615232467651,1,0.32499999999999996,A2_pose_attention,242,balanced
114,S3_FALL_13,3,1,0.9954627156257629,1,0.32499999999999996,A2_pose_attention,242,balanced
115,S3_FALL_14,3,1,0.9867925643920898,1,0.32499999999999996,A2_pose_attention,242,balanced
116,S3_FALL_15,3,1,0.9924528002738953,1,0.32499999999999996,A2_pose_attention,242,balanced
117,S3_FALL_16,3,1,0.9898518919944763,1,0.32499999999999996,A2_pose_attention,242,balanced
118,S3_FALL_17,3,1,0.9898651242256165,1,0.32499999999999996,A2_pose_attention,242,balanced
119,S3_FALL_18,3,1,0.9998564720153809,1,0.32499999999999996,A2_pose_attention,242,balanced
120,S3_FALL_19,3,1,0.9995142221450806,1,0.32499999999999996,A2_pose_attention,242,balanced
121,S3_FALL_20,3,1,0.9663649201393127,1,0.32499999999999996,A2_pose_attention,242,balanced
122,S3_FALL_21,3,1,0.9960533380508423,1,0.32499999999999996,A2_pose_attention,242,balanced
80,S3_ADL_01,3,0,0.0013231427874416113,0,0.15,A2_pose_attention,242,sensitivity
81,S3_ADL_02,3,0,0.011972679756581783,0,0.15,A2_pose_attention,242,sensitivity
82,S3_ADL_03,3,0,0.09608728438615799,0,0.15,A2_pose_attention,242,sensitivity
83,S3_ADL_04,3,0,0.06172003597021103,0,0.15,A2_pose_attention,242,sensitivity
84,S3_ADL_05,3,0,0.9967080354690552,1,0.15,A2_pose_attention,242,sensitivity
85,S3_ADL_06,3,0,0.12281948328018188,0,0.15,A2_pose_attention,242,sensitivity
86,S3_ADL_07,3,0,0.0014118226245045662,0,0.15,A2_pose_attention,242,sensitivity
87,S3_ADL_08,3,0,0.9905363917350769,1,0.15,A2_pose_attention,242,sensitivity
88,S3_ADL_09,3,0,0.057486407458782196,0,0.15,A2_pose_attention,242,sensitivity
89,S3_ADL_10,3,0,0.04591557756066322,0,0.15,A2_pose_attention,242,sensitivity
90,S3_ADL_11,3,0,0.12818880379199982,0,0.15,A2_pose_attention,242,sensitivity
91,S3_ADL_12,3,0,0.17229986190795898,1,0.15,A2_pose_attention,242,sensitivity
92,S3_ADL_13,3,0,0.018932467326521873,0,0.15,A2_pose_attention,242,sensitivity
93,S3_ADL_14,3,0,0.010660132393240929,0,0.15,A2_pose_attention,242,sensitivity
94,S3_ADL_15,3,0,0.009365657344460487,0,0.15,A2_pose_attention,242,sensitivity
95,S3_ADL_16,3,0,0.002337370067834854,0,0.15,A2_pose_attention,242,sensitivity
96,S3_ADL_17,3,0,0.0014707085210829973,0,0.15,A2_pose_attention,242,sensitivity
97,S3_ADL_18,3,0,0.005702453665435314,0,0.15,A2_pose_attention,242,sensitivity
98,S3_ADL_19,3,0,0.01286250725388527,0,0.15,A2_pose_attention,242,sensitivity
99,S3_ADL_20,3,0,0.007062580902129412,0,0.15,A2_pose_attention,242,sensitivity
100,S3_ADL_21,3,0,0.08288628607988358,0,0.15,A2_pose_attention,242,sensitivity
101,S3_ADL_22,3,0,0.00571330264210701,0,0.15,A2_pose_attention,242,sensitivity
102,S3_FALL_01,3,1,0.9941614270210266,1,0.15,A2_pose_attention,242,sensitivity
103,S3_FALL_02,3,1,0.9991858601570129,1,0.15,A2_pose_attention,242,sensitivity
104,S3_FALL_03,3,1,0.5708781480789185,1,0.15,A2_pose_attention,242,sensitivity
105,S3_FALL_04,3,1,0.9983471632003784,1,0.15,A2_pose_attention,242,sensitivity
106,S3_FALL_05,3,1,0.9999053478240967,1,0.15,A2_pose_attention,242,sensitivity
107,S3_FALL_06,3,1,0.4756894111633301,1,0.15,A2_pose_attention,242,sensitivity
108,S3_FALL_07,3,1,0.8773946762084961,1,0.15,A2_pose_attention,242,sensitivity
109,S3_FALL_08,3,1,0.8447954654693604,1,0.15,A2_pose_attention,242,sensitivity
110,S3_FALL_09,3,1,0.9872501492500305,1,0.15,A2_pose_attention,242,sensitivity
111,S3_FALL_10,3,1,0.6105316281318665,1,0.15,A2_pose_attention,242,sensitivity
112,S3_FALL_11,3,1,0.9213984608650208,1,0.15,A2_pose_attention,242,sensitivity
113,S3_FALL_12,3,1,0.8607615232467651,1,0.15,A2_pose_attention,242,sensitivity
114,S3_FALL_13,3,1,0.9954627156257629,1,0.15,A2_pose_attention,242,sensitivity
115,S3_FALL_14,3,1,0.9867925643920898,1,0.15,A2_pose_attention,242,sensitivity
116,S3_FALL_15,3,1,0.9924528002738953,1,0.15,A2_pose_attention,242,sensitivity
117,S3_FALL_16,3,1,0.9898518919944763,1,0.15,A2_pose_attention,242,sensitivity
118,S3_FALL_17,3,1,0.9898651242256165,1,0.15,A2_pose_attention,242,sensitivity
119,S3_FALL_18,3,1,0.9998564720153809,1,0.15,A2_pose_attention,242,sensitivity
120,S3_FALL_19,3,1,0.9995142221450806,1,0.15,A2_pose_attention,242,sensitivity
121,S3_FALL_20,3,1,0.9663649201393127,1,0.15,A2_pose_attention,242,sensitivity
122,S3_FALL_21,3,1,0.9960533380508423,1,0.15,A2_pose_attention,242,sensitivity
123,S4_ADL_01,4,0,0.007442793808877468,0,0.5,A2_pose_attention,242,fixed
124,S4_ADL_02,4,0,0.013767709955573082,0,0.5,A2_pose_attention,242,fixed
125,S4_ADL_03,4,0,0.01972808502614498,0,0.5,A2_pose_attention,242,fixed
126,S4_ADL_04,4,0,0.1851479560136795,0,0.5,A2_pose_attention,242,fixed
127,S4_ADL_05,4,0,1.0,1,0.5,A2_pose_attention,242,fixed
128,S4_ADL_06,4,0,0.9998359680175781,1,0.5,A2_pose_attention,242,fixed
129,S4_ADL_07,4,0,0.9977966547012329,1,0.5,A2_pose_attention,242,fixed
130,S4_ADL_08,4,0,0.005454903934150934,0,0.5,A2_pose_attention,242,fixed
131,S4_ADL_09,4,0,0.004901806358247995,0,0.5,A2_pose_attention,242,fixed
132,S4_ADL_10,4,0,0.9887686967849731,1,0.5,A2_pose_attention,242,fixed
133,S4_ADL_11,4,0,0.0011215925915166736,0,0.5,A2_pose_attention,242,fixed
134,S4_ADL_12,4,0,0.007677185814827681,0,0.5,A2_pose_attention,242,fixed
135,S4_ADL_13,4,0,0.0043055107817053795,0,0.5,A2_pose_attention,242,fixed
136,S4_ADL_14,4,0,0.1015808954834938,0,0.5,A2_pose_attention,242,fixed
137,S4_ADL_15,4,0,0.9321956038475037,1,0.5,A2_pose_attention,242,fixed
138,S4_ADL_16,4,0,0.9936684966087341,1,0.5,A2_pose_attention,242,fixed
139,S4_ADL_17,4,0,0.03410366177558899,0,0.5,A2_pose_attention,242,fixed
140,S4_ADL_18,4,0,0.020905474200844765,0,0.5,A2_pose_attention,242,fixed
141,S4_ADL_19,4,0,0.019996223971247673,0,0.5,A2_pose_attention,242,fixed
142,S4_ADL_20,4,0,0.1154828667640686,0,0.5,A2_pose_attention,242,fixed
143,S4_FALL_01,4,1,0.9443690180778503,1,0.5,A2_pose_attention,242,fixed
144,S4_FALL_02,4,1,0.7176918983459473,1,0.5,A2_pose_attention,242,fixed
145,S4_FALL_03,4,1,0.89876788854599,1,0.5,A2_pose_attention,242,fixed
146,S4_FALL_04,4,1,0.9989105463027954,1,0.5,A2_pose_attention,242,fixed
147,S4_FALL_05,4,1,0.9983388185501099,1,0.5,A2_pose_attention,242,fixed
148,S4_FALL_06,4,1,0.9883302450180054,1,0.5,A2_pose_attention,242,fixed
149,S4_FALL_07,4,1,0.9999675750732422,1,0.5,A2_pose_attention,242,fixed
150,S4_FALL_08,4,1,0.9999923706054688,1,0.5,A2_pose_attention,242,fixed
151,S4_FALL_09,4,1,0.9999998807907104,1,0.5,A2_pose_attention,242,fixed
152,S4_FALL_10,4,1,0.9680067300796509,1,0.5,A2_pose_attention,242,fixed
153,S4_FALL_11,4,1,0.9999037981033325,1,0.5,A2_pose_attention,242,fixed
154,S4_FALL_12,4,1,0.9497048258781433,1,0.5,A2_pose_attention,242,fixed
155,S4_FALL_13,4,1,0.9888540506362915,1,0.5,A2_pose_attention,242,fixed
156,S4_FALL_14,4,1,0.9961620569229126,1,0.5,A2_pose_attention,242,fixed
157,S4_FALL_15,4,1,1.0,1,0.5,A2_pose_attention,242,fixed
158,S4_FALL_16,4,1,0.9990083575248718,1,0.5,A2_pose_attention,242,fixed
159,S4_FALL_17,4,1,0.9999897480010986,1,0.5,A2_pose_attention,242,fixed
123,S4_ADL_01,4,0,0.007442793808877468,0,0.42499999999999993,A2_pose_attention,242,balanced
124,S4_ADL_02,4,0,0.013767709955573082,0,0.42499999999999993,A2_pose_attention,242,balanced
125,S4_ADL_03,4,0,0.01972808502614498,0,0.42499999999999993,A2_pose_attention,242,balanced
126,S4_ADL_04,4,0,0.1851479560136795,0,0.42499999999999993,A2_pose_attention,242,balanced
127,S4_ADL_05,4,0,1.0,1,0.42499999999999993,A2_pose_attention,242,balanced
128,S4_ADL_06,4,0,0.9998359680175781,1,0.42499999999999993,A2_pose_attention,242,balanced
129,S4_ADL_07,4,0,0.9977966547012329,1,0.42499999999999993,A2_pose_attention,242,balanced
130,S4_ADL_08,4,0,0.005454903934150934,0,0.42499999999999993,A2_pose_attention,242,balanced
131,S4_ADL_09,4,0,0.004901806358247995,0,0.42499999999999993,A2_pose_attention,242,balanced
132,S4_ADL_10,4,0,0.9887686967849731,1,0.42499999999999993,A2_pose_attention,242,balanced
133,S4_ADL_11,4,0,0.0011215925915166736,0,0.42499999999999993,A2_pose_attention,242,balanced
134,S4_ADL_12,4,0,0.007677185814827681,0,0.42499999999999993,A2_pose_attention,242,balanced
135,S4_ADL_13,4,0,0.0043055107817053795,0,0.42499999999999993,A2_pose_attention,242,balanced
136,S4_ADL_14,4,0,0.1015808954834938,0,0.42499999999999993,A2_pose_attention,242,balanced
137,S4_ADL_15,4,0,0.9321956038475037,1,0.42499999999999993,A2_pose_attention,242,balanced
138,S4_ADL_16,4,0,0.9936684966087341,1,0.42499999999999993,A2_pose_attention,242,balanced
139,S4_ADL_17,4,0,0.03410366177558899,0,0.42499999999999993,A2_pose_attention,242,balanced
140,S4_ADL_18,4,0,0.020905474200844765,0,0.42499999999999993,A2_pose_attention,242,balanced
141,S4_ADL_19,4,0,0.019996223971247673,0,0.42499999999999993,A2_pose_attention,242,balanced
142,S4_ADL_20,4,0,0.1154828667640686,0,0.42499999999999993,A2_pose_attention,242,balanced
143,S4_FALL_01,4,1,0.9443690180778503,1,0.42499999999999993,A2_pose_attention,242,balanced
144,S4_FALL_02,4,1,0.7176918983459473,1,0.42499999999999993,A2_pose_attention,242,balanced
145,S4_FALL_03,4,1,0.89876788854599,1,0.42499999999999993,A2_pose_attention,242,balanced
146,S4_FALL_04,4,1,0.9989105463027954,1,0.42499999999999993,A2_pose_attention,242,balanced
147,S4_FALL_05,4,1,0.9983388185501099,1,0.42499999999999993,A2_pose_attention,242,balanced
148,S4_FALL_06,4,1,0.9883302450180054,1,0.42499999999999993,A2_pose_attention,242,balanced
149,S4_FALL_07,4,1,0.9999675750732422,1,0.42499999999999993,A2_pose_attention,242,balanced
150,S4_FALL_08,4,1,0.9999923706054688,1,0.42499999999999993,A2_pose_attention,242,balanced
151,S4_FALL_09,4,1,0.9999998807907104,1,0.42499999999999993,A2_pose_attention,242,balanced
152,S4_FALL_10,4,1,0.9680067300796509,1,0.42499999999999993,A2_pose_attention,242,balanced
153,S4_FALL_11,4,1,0.9999037981033325,1,0.42499999999999993,A2_pose_attention,242,balanced
154,S4_FALL_12,4,1,0.9497048258781433,1,0.42499999999999993,A2_pose_attention,242,balanced
155,S4_FALL_13,4,1,0.9888540506362915,1,0.42499999999999993,A2_pose_attention,242,balanced
156,S4_FALL_14,4,1,0.9961620569229126,1,0.42499999999999993,A2_pose_attention,242,balanced
157,S4_FALL_15,4,1,1.0,1,0.42499999999999993,A2_pose_attention,242,balanced
158,S4_FALL_16,4,1,0.9990083575248718,1,0.42499999999999993,A2_pose_attention,242,balanced
159,S4_FALL_17,4,1,0.9999897480010986,1,0.42499999999999993,A2_pose_attention,242,balanced
123,S4_ADL_01,4,0,0.007442793808877468,0,0.42499999999999993,A2_pose_attention,242,sensitivity
124,S4_ADL_02,4,0,0.013767709955573082,0,0.42499999999999993,A2_pose_attention,242,sensitivity
125,S4_ADL_03,4,0,0.01972808502614498,0,0.42499999999999993,A2_pose_attention,242,sensitivity
126,S4_ADL_04,4,0,0.1851479560136795,0,0.42499999999999993,A2_pose_attention,242,sensitivity
127,S4_ADL_05,4,0,1.0,1,0.42499999999999993,A2_pose_attention,242,sensitivity
128,S4_ADL_06,4,0,0.9998359680175781,1,0.42499999999999993,A2_pose_attention,242,sensitivity
129,S4_ADL_07,4,0,0.9977966547012329,1,0.42499999999999993,A2_pose_attention,242,sensitivity
130,S4_ADL_08,4,0,0.005454903934150934,0,0.42499999999999993,A2_pose_attention,242,sensitivity
131,S4_ADL_09,4,0,0.004901806358247995,0,0.42499999999999993,A2_pose_attention,242,sensitivity
132,S4_ADL_10,4,0,0.9887686967849731,1,0.42499999999999993,A2_pose_attention,242,sensitivity
133,S4_ADL_11,4,0,0.0011215925915166736,0,0.42499999999999993,A2_pose_attention,242,sensitivity
134,S4_ADL_12,4,0,0.007677185814827681,0,0.42499999999999993,A2_pose_attention,242,sensitivity
135,S4_ADL_13,4,0,0.0043055107817053795,0,0.42499999999999993,A2_pose_attention,242,sensitivity
136,S4_ADL_14,4,0,0.1015808954834938,0,0.42499999999999993,A2_pose_attention,242,sensitivity
137,S4_ADL_15,4,0,0.9321956038475037,1,0.42499999999999993,A2_pose_attention,242,sensitivity
138,S4_ADL_16,4,0,0.9936684966087341,1,0.42499999999999993,A2_pose_attention,242,sensitivity
139,S4_ADL_17,4,0,0.03410366177558899,0,0.42499999999999993,A2_pose_attention,242,sensitivity
140,S4_ADL_18,4,0,0.020905474200844765,0,0.42499999999999993,A2_pose_attention,242,sensitivity
141,S4_ADL_19,4,0,0.019996223971247673,0,0.42499999999999993,A2_pose_attention,242,sensitivity
142,S4_ADL_20,4,0,0.1154828667640686,0,0.42499999999999993,A2_pose_attention,242,sensitivity
143,S4_FALL_01,4,1,0.9443690180778503,1,0.42499999999999993,A2_pose_attention,242,sensitivity
144,S4_FALL_02,4,1,0.7176918983459473,1,0.42499999999999993,A2_pose_attention,242,sensitivity
145,S4_FALL_03,4,1,0.89876788854599,1,0.42499999999999993,A2_pose_attention,242,sensitivity
146,S4_FALL_04,4,1,0.9989105463027954,1,0.42499999999999993,A2_pose_attention,242,sensitivity
147,S4_FALL_05,4,1,0.9983388185501099,1,0.42499999999999993,A2_pose_attention,242,sensitivity
148,S4_FALL_06,4,1,0.9883302450180054,1,0.42499999999999993,A2_pose_attention,242,sensitivity
149,S4_FALL_07,4,1,0.9999675750732422,1,0.42499999999999993,A2_pose_attention,242,sensitivity
150,S4_FALL_08,4,1,0.9999923706054688,1,0.42499999999999993,A2_pose_attention,242,sensitivity
151,S4_FALL_09,4,1,0.9999998807907104,1,0.42499999999999993,A2_pose_attention,242,sensitivity
152,S4_FALL_10,4,1,0.9680067300796509,1,0.42499999999999993,A2_pose_attention,242,sensitivity
153,S4_FALL_11,4,1,0.9999037981033325,1,0.42499999999999993,A2_pose_attention,242,sensitivity
154,S4_FALL_12,4,1,0.9497048258781433,1,0.42499999999999993,A2_pose_attention,242,sensitivity
155,S4_FALL_13,4,1,0.9888540506362915,1,0.42499999999999993,A2_pose_attention,242,sensitivity
156,S4_FALL_14,4,1,0.9961620569229126,1,0.42499999999999993,A2_pose_attention,242,sensitivity
157,S4_FALL_15,4,1,1.0,1,0.42499999999999993,A2_pose_attention,242,sensitivity
158,S4_FALL_16,4,1,0.9990083575248718,1,0.42499999999999993,A2_pose_attention,242,sensitivity
159,S4_FALL_17,4,1,0.9999897480010986,1,0.42499999999999993,A2_pose_attention,242,sensitivity
0,S1_ADL_01,1,0,0.8104745149612427,1,0.5,A2_pose_attention,42,fixed
1,S1_ADL_02,1,0,0.9113107323646545,1,0.5,A2_pose_attention,42,fixed
2,S1_ADL_03,1,0,0.8501508235931396,1,0.5,A2_pose_attention,42,fixed
3,S1_ADL_04,1,0,0.006458770018070936,0,0.5,A2_pose_attention,42,fixed
4,S1_ADL_05,1,0,0.0022156285122036934,0,0.5,A2_pose_attention,42,fixed
5,S1_ADL_06,1,0,0.010451259091496468,0,0.5,A2_pose_attention,42,fixed
6,S1_ADL_07,1,0,0.003615104593336582,0,0.5,A2_pose_attention,42,fixed
7,S1_ADL_08,1,0,0.04543766379356384,0,0.5,A2_pose_attention,42,fixed
8,S1_ADL_09,1,0,0.028116213157773018,0,0.5,A2_pose_attention,42,fixed
9,S1_ADL_10,1,0,0.010056174360215664,0,0.5,A2_pose_attention,42,fixed
10,S1_ADL_11,1,0,0.002731407294049859,0,0.5,A2_pose_attention,42,fixed
11,S1_ADL_12,1,0,0.050223346799612045,0,0.5,A2_pose_attention,42,fixed
12,S1_ADL_13,1,0,0.017064781859517097,0,0.5,A2_pose_attention,42,fixed
13,S1_ADL_14,1,0,0.021366575732827187,0,0.5,A2_pose_attention,42,fixed
14,S1_ADL_15,1,0,0.009752875193953514,0,0.5,A2_pose_attention,42,fixed
15,S1_ADL_16,1,0,0.021584296599030495,0,0.5,A2_pose_attention,42,fixed
16,S1_FALL_01,1,1,0.9977559447288513,1,0.5,A2_pose_attention,42,fixed
17,S1_FALL_02,1,1,0.9963688850402832,1,0.5,A2_pose_attention,42,fixed
18,S1_FALL_03,1,1,0.9991693496704102,1,0.5,A2_pose_attention,42,fixed
19,S1_FALL_04,1,1,0.9997476935386658,1,0.5,A2_pose_attention,42,fixed
20,S1_FALL_05,1,1,0.9980244636535645,1,0.5,A2_pose_attention,42,fixed
21,S1_FALL_06,1,1,0.9995734095573425,1,0.5,A2_pose_attention,42,fixed
22,S1_FALL_07,1,1,0.9968783855438232,1,0.5,A2_pose_attention,42,fixed
23,S1_FALL_08,1,1,0.9961497783660889,1,0.5,A2_pose_attention,42,fixed
24,S1_FALL_09,1,1,0.9915590286254883,1,0.5,A2_pose_attention,42,fixed
25,S1_FALL_10,1,1,0.9995424747467041,1,0.5,A2_pose_attention,42,fixed
26,S1_FALL_11,1,1,0.5648022294044495,1,0.5,A2_pose_attention,42,fixed
27,S1_FALL_12,1,1,0.8806116580963135,1,0.5,A2_pose_attention,42,fixed
28,S1_FALL_13,1,1,0.012350709177553654,0,0.5,A2_pose_attention,42,fixed
29,S1_FALL_14,1,1,0.7122979760169983,1,0.5,A2_pose_attention,42,fixed
30,S1_FALL_15,1,1,0.9812011122703552,1,0.5,A2_pose_attention,42,fixed
31,S1_FALL_16,1,1,0.9941285848617554,1,0.5,A2_pose_attention,42,fixed
0,S1_ADL_01,1,0,0.8104745149612427,1,0.42499999999999993,A2_pose_attention,42,balanced
1,S1_ADL_02,1,0,0.9113107323646545,1,0.42499999999999993,A2_pose_attention,42,balanced
2,S1_ADL_03,1,0,0.8501508235931396,1,0.42499999999999993,A2_pose_attention,42,balanced
3,S1_ADL_04,1,0,0.006458770018070936,0,0.42499999999999993,A2_pose_attention,42,balanced
4,S1_ADL_05,1,0,0.0022156285122036934,0,0.42499999999999993,A2_pose_attention,42,balanced
5,S1_ADL_06,1,0,0.010451259091496468,0,0.42499999999999993,A2_pose_attention,42,balanced
6,S1_ADL_07,1,0,0.003615104593336582,0,0.42499999999999993,A2_pose_attention,42,balanced
7,S1_ADL_08,1,0,0.04543766379356384,0,0.42499999999999993,A2_pose_attention,42,balanced
8,S1_ADL_09,1,0,0.028116213157773018,0,0.42499999999999993,A2_pose_attention,42,balanced
9,S1_ADL_10,1,0,0.010056174360215664,0,0.42499999999999993,A2_pose_attention,42,balanced
10,S1_ADL_11,1,0,0.002731407294049859,0,0.42499999999999993,A2_pose_attention,42,balanced
11,S1_ADL_12,1,0,0.050223346799612045,0,0.42499999999999993,A2_pose_attention,42,balanced
12,S1_ADL_13,1,0,0.017064781859517097,0,0.42499999999999993,A2_pose_attention,42,balanced
13,S1_ADL_14,1,0,0.021366575732827187,0,0.42499999999999993,A2_pose_attention,42,balanced
14,S1_ADL_15,1,0,0.009752875193953514,0,0.42499999999999993,A2_pose_attention,42,balanced
15,S1_ADL_16,1,0,0.021584296599030495,0,0.42499999999999993,A2_pose_attention,42,balanced
16,S1_FALL_01,1,1,0.9977559447288513,1,0.42499999999999993,A2_pose_attention,42,balanced
17,S1_FALL_02,1,1,0.9963688850402832,1,0.42499999999999993,A2_pose_attention,42,balanced
18,S1_FALL_03,1,1,0.9991693496704102,1,0.42499999999999993,A2_pose_attention,42,balanced
19,S1_FALL_04,1,1,0.9997476935386658,1,0.42499999999999993,A2_pose_attention,42,balanced
20,S1_FALL_05,1,1,0.9980244636535645,1,0.42499999999999993,A2_pose_attention,42,balanced
21,S1_FALL_06,1,1,0.9995734095573425,1,0.42499999999999993,A2_pose_attention,42,balanced
22,S1_FALL_07,1,1,0.9968783855438232,1,0.42499999999999993,A2_pose_attention,42,balanced
23,S1_FALL_08,1,1,0.9961497783660889,1,0.42499999999999993,A2_pose_attention,42,balanced
24,S1_FALL_09,1,1,0.9915590286254883,1,0.42499999999999993,A2_pose_attention,42,balanced
25,S1_FALL_10,1,1,0.9995424747467041,1,0.42499999999999993,A2_pose_attention,42,balanced
26,S1_FALL_11,1,1,0.5648022294044495,1,0.42499999999999993,A2_pose_attention,42,balanced
27,S1_FALL_12,1,1,0.8806116580963135,1,0.42499999999999993,A2_pose_attention,42,balanced
28,S1_FALL_13,1,1,0.012350709177553654,0,0.42499999999999993,A2_pose_attention,42,balanced
29,S1_FALL_14,1,1,0.7122979760169983,1,0.42499999999999993,A2_pose_attention,42,balanced
30,S1_FALL_15,1,1,0.9812011122703552,1,0.42499999999999993,A2_pose_attention,42,balanced
31,S1_FALL_16,1,1,0.9941285848617554,1,0.42499999999999993,A2_pose_attention,42,balanced
0,S1_ADL_01,1,0,0.8104745149612427,1,0.42499999999999993,A2_pose_attention,42,sensitivity
1,S1_ADL_02,1,0,0.9113107323646545,1,0.42499999999999993,A2_pose_attention,42,sensitivity
2,S1_ADL_03,1,0,0.8501508235931396,1,0.42499999999999993,A2_pose_attention,42,sensitivity
3,S1_ADL_04,1,0,0.006458770018070936,0,0.42499999999999993,A2_pose_attention,42,sensitivity
4,S1_ADL_05,1,0,0.0022156285122036934,0,0.42499999999999993,A2_pose_attention,42,sensitivity
5,S1_ADL_06,1,0,0.010451259091496468,0,0.42499999999999993,A2_pose_attention,42,sensitivity
6,S1_ADL_07,1,0,0.003615104593336582,0,0.42499999999999993,A2_pose_attention,42,sensitivity
7,S1_ADL_08,1,0,0.04543766379356384,0,0.42499999999999993,A2_pose_attention,42,sensitivity
8,S1_ADL_09,1,0,0.028116213157773018,0,0.42499999999999993,A2_pose_attention,42,sensitivity
9,S1_ADL_10,1,0,0.010056174360215664,0,0.42499999999999993,A2_pose_attention,42,sensitivity
10,S1_ADL_11,1,0,0.002731407294049859,0,0.42499999999999993,A2_pose_attention,42,sensitivity
11,S1_ADL_12,1,0,0.050223346799612045,0,0.42499999999999993,A2_pose_attention,42,sensitivity
12,S1_ADL_13,1,0,0.017064781859517097,0,0.42499999999999993,A2_pose_attention,42,sensitivity
13,S1_ADL_14,1,0,0.021366575732827187,0,0.42499999999999993,A2_pose_attention,42,sensitivity
14,S1_ADL_15,1,0,0.009752875193953514,0,0.42499999999999993,A2_pose_attention,42,sensitivity
15,S1_ADL_16,1,0,0.021584296599030495,0,0.42499999999999993,A2_pose_attention,42,sensitivity
16,S1_FALL_01,1,1,0.9977559447288513,1,0.42499999999999993,A2_pose_attention,42,sensitivity
17,S1_FALL_02,1,1,0.9963688850402832,1,0.42499999999999993,A2_pose_attention,42,sensitivity
18,S1_FALL_03,1,1,0.9991693496704102,1,0.42499999999999993,A2_pose_attention,42,sensitivity
19,S1_FALL_04,1,1,0.9997476935386658,1,0.42499999999999993,A2_pose_attention,42,sensitivity
20,S1_FALL_05,1,1,0.9980244636535645,1,0.42499999999999993,A2_pose_attention,42,sensitivity
21,S1_FALL_06,1,1,0.9995734095573425,1,0.42499999999999993,A2_pose_attention,42,sensitivity
22,S1_FALL_07,1,1,0.9968783855438232,1,0.42499999999999993,A2_pose_attention,42,sensitivity
23,S1_FALL_08,1,1,0.9961497783660889,1,0.42499999999999993,A2_pose_attention,42,sensitivity
24,S1_FALL_09,1,1,0.9915590286254883,1,0.42499999999999993,A2_pose_attention,42,sensitivity
25,S1_FALL_10,1,1,0.9995424747467041,1,0.42499999999999993,A2_pose_attention,42,sensitivity
26,S1_FALL_11,1,1,0.5648022294044495,1,0.42499999999999993,A2_pose_attention,42,sensitivity
27,S1_FALL_12,1,1,0.8806116580963135,1,0.42499999999999993,A2_pose_attention,42,sensitivity
28,S1_FALL_13,1,1,0.012350709177553654,0,0.42499999999999993,A2_pose_attention,42,sensitivity
29,S1_FALL_14,1,1,0.7122979760169983,1,0.42499999999999993,A2_pose_attention,42,sensitivity
30,S1_FALL_15,1,1,0.9812011122703552,1,0.42499999999999993,A2_pose_attention,42,sensitivity
31,S1_FALL_16,1,1,0.9941285848617554,1,0.42499999999999993,A2_pose_attention,42,sensitivity
32,S2_ADL_01,2,0,0.9993791580200195,1,0.5,A2_pose_attention,42,fixed
33,S2_ADL_02,2,0,0.003039224538952112,0,0.5,A2_pose_attention,42,fixed
34,S2_ADL_03,2,0,0.8229564428329468,1,0.5,A2_pose_attention,42,fixed
35,S2_ADL_04,2,0,0.05817283317446709,0,0.5,A2_pose_attention,42,fixed
36,S2_ADL_05,2,0,0.0020982129499316216,0,0.5,A2_pose_attention,42,fixed
37,S2_ADL_06,2,0,0.003682075534015894,0,0.5,A2_pose_attention,42,fixed
38,S2_ADL_07,2,0,0.00563120236620307,0,0.5,A2_pose_attention,42,fixed
39,S2_ADL_08,2,0,0.006588798016309738,0,0.5,A2_pose_attention,42,fixed
40,S2_ADL_09,2,0,0.013795014470815659,0,0.5,A2_pose_attention,42,fixed
41,S2_ADL_10,2,0,0.004072840791195631,0,0.5,A2_pose_attention,42,fixed
42,S2_ADL_11,2,0,0.0024601055774837732,0,0.5,A2_pose_attention,42,fixed
43,S2_ADL_12,2,0,0.8109118938446045,1,0.5,A2_pose_attention,42,fixed
44,S2_ADL_13,2,0,0.10798891633749008,0,0.5,A2_pose_attention,42,fixed
45,S2_ADL_14,2,0,0.1974269300699234,0,0.5,A2_pose_attention,42,fixed
46,S2_ADL_15,2,0,0.0015897175762802362,0,0.5,A2_pose_attention,42,fixed
47,S2_ADL_16,2,0,0.825018048286438,1,0.5,A2_pose_attention,42,fixed
48,S2_ADL_17,2,0,0.06388013064861298,0,0.5,A2_pose_attention,42,fixed
49,S2_ADL_18,2,0,0.012586756609380245,0,0.5,A2_pose_attention,42,fixed
50,S2_ADL_19,2,0,0.10542166233062744,0,0.5,A2_pose_attention,42,fixed
51,S2_ADL_20,2,0,0.000719460949767381,0,0.5,A2_pose_attention,42,fixed
52,S2_ADL_21,2,0,0.0025072358548641205,0,0.5,A2_pose_attention,42,fixed
53,S2_ADL_22,2,0,0.3305802047252655,0,0.5,A2_pose_attention,42,fixed
54,S2_ADL_23,2,0,0.0006954232812859118,0,0.5,A2_pose_attention,42,fixed
55,S2_FALL_01,2,1,0.9669910669326782,1,0.5,A2_pose_attention,42,fixed
56,S2_FALL_02,2,1,0.9518657326698303,1,0.5,A2_pose_attention,42,fixed
57,S2_FALL_03,2,1,0.7169603705406189,1,0.5,A2_pose_attention,42,fixed
58,S2_FALL_04,2,1,0.9311754703521729,1,0.5,A2_pose_attention,42,fixed
59,S2_FALL_05,2,1,0.6996813416481018,1,0.5,A2_pose_attention,42,fixed
60,S2_FALL_06,2,1,0.714446485042572,1,0.5,A2_pose_attention,42,fixed
61,S2_FALL_07,2,1,0.9010140299797058,1,0.5,A2_pose_attention,42,fixed
62,S2_FALL_08,2,1,0.8481684327125549,1,0.5,A2_pose_attention,42,fixed
63,S2_FALL_09,2,1,0.9540423154830933,1,0.5,A2_pose_attention,42,fixed
64,S2_FALL_10,2,1,0.9939151406288147,1,0.5,A2_pose_attention,42,fixed
65,S2_FALL_11,2,1,0.8437139391899109,1,0.5,A2_pose_attention,42,fixed
66,S2_FALL_12,2,1,0.971749484539032,1,0.5,A2_pose_attention,42,fixed
67,S2_FALL_13,2,1,0.9465296864509583,1,0.5,A2_pose_attention,42,fixed
68,S2_FALL_14,2,1,0.999213695526123,1,0.5,A2_pose_attention,42,fixed
69,S2_FALL_15,2,1,0.8017812967300415,1,0.5,A2_pose_attention,42,fixed
70,S2_FALL_16,2,1,0.967521607875824,1,0.5,A2_pose_attention,42,fixed
71,S2_FALL_17,2,1,0.9739242196083069,1,0.5,A2_pose_attention,42,fixed
72,S2_FALL_18,2,1,0.14210860431194305,0,0.5,A2_pose_attention,42,fixed
73,S2_FALL_19,2,1,0.21445821225643158,0,0.5,A2_pose_attention,42,fixed
74,S2_FALL_20,2,1,0.7596385478973389,1,0.5,A2_pose_attention,42,fixed
75,S2_FALL_21,2,1,0.8987432718276978,1,0.5,A2_pose_attention,42,fixed
76,S2_FALL_22,2,1,0.9792491793632507,1,0.5,A2_pose_attention,42,fixed
77,S2_FALL_23,2,1,0.9420093894004822,1,0.5,A2_pose_attention,42,fixed
78,S2_FALL_24,2,1,0.9864242672920227,1,0.5,A2_pose_attention,42,fixed
79,S2_FALL_25,2,1,0.9894421100616455,1,0.5,A2_pose_attention,42,fixed
32,S2_ADL_01,2,0,0.9993791580200195,1,0.27499999999999997,A2_pose_attention,42,balanced
33,S2_ADL_02,2,0,0.003039224538952112,0,0.27499999999999997,A2_pose_attention,42,balanced
34,S2_ADL_03,2,0,0.8229564428329468,1,0.27499999999999997,A2_pose_attention,42,balanced
35,S2_ADL_04,2,0,0.05817283317446709,0,0.27499999999999997,A2_pose_attention,42,balanced
36,S2_ADL_05,2,0,0.0020982129499316216,0,0.27499999999999997,A2_pose_attention,42,balanced
37,S2_ADL_06,2,0,0.003682075534015894,0,0.27499999999999997,A2_pose_attention,42,balanced
38,S2_ADL_07,2,0,0.00563120236620307,0,0.27499999999999997,A2_pose_attention,42,balanced
39,S2_ADL_08,2,0,0.006588798016309738,0,0.27499999999999997,A2_pose_attention,42,balanced
40,S2_ADL_09,2,0,0.013795014470815659,0,0.27499999999999997,A2_pose_attention,42,balanced
41,S2_ADL_10,2,0,0.004072840791195631,0,0.27499999999999997,A2_pose_attention,42,balanced
42,S2_ADL_11,2,0,0.0024601055774837732,0,0.27499999999999997,A2_pose_attention,42,balanced
43,S2_ADL_12,2,0,0.8109118938446045,1,0.27499999999999997,A2_pose_attention,42,balanced
44,S2_ADL_13,2,0,0.10798891633749008,0,0.27499999999999997,A2_pose_attention,42,balanced
45,S2_ADL_14,2,0,0.1974269300699234,0,0.27499999999999997,A2_pose_attention,42,balanced
46,S2_ADL_15,2,0,0.0015897175762802362,0,0.27499999999999997,A2_pose_attention,42,balanced
47,S2_ADL_16,2,0,0.825018048286438,1,0.27499999999999997,A2_pose_attention,42,balanced
48,S2_ADL_17,2,0,0.06388013064861298,0,0.27499999999999997,A2_pose_attention,42,balanced
49,S2_ADL_18,2,0,0.012586756609380245,0,0.27499999999999997,A2_pose_attention,42,balanced
50,S2_ADL_19,2,0,0.10542166233062744,0,0.27499999999999997,A2_pose_attention,42,balanced
51,S2_ADL_20,2,0,0.000719460949767381,0,0.27499999999999997,A2_pose_attention,42,balanced
52,S2_ADL_21,2,0,0.0025072358548641205,0,0.27499999999999997,A2_pose_attention,42,balanced
53,S2_ADL_22,2,0,0.3305802047252655,1,0.27499999999999997,A2_pose_attention,42,balanced
54,S2_ADL_23,2,0,0.0006954232812859118,0,0.27499999999999997,A2_pose_attention,42,balanced
55,S2_FALL_01,2,1,0.9669910669326782,1,0.27499999999999997,A2_pose_attention,42,balanced
56,S2_FALL_02,2,1,0.9518657326698303,1,0.27499999999999997,A2_pose_attention,42,balanced
57,S2_FALL_03,2,1,0.7169603705406189,1,0.27499999999999997,A2_pose_attention,42,balanced
58,S2_FALL_04,2,1,0.9311754703521729,1,0.27499999999999997,A2_pose_attention,42,balanced
59,S2_FALL_05,2,1,0.6996813416481018,1,0.27499999999999997,A2_pose_attention,42,balanced
60,S2_FALL_06,2,1,0.714446485042572,1,0.27499999999999997,A2_pose_attention,42,balanced
61,S2_FALL_07,2,1,0.9010140299797058,1,0.27499999999999997,A2_pose_attention,42,balanced
62,S2_FALL_08,2,1,0.8481684327125549,1,0.27499999999999997,A2_pose_attention,42,balanced
63,S2_FALL_09,2,1,0.9540423154830933,1,0.27499999999999997,A2_pose_attention,42,balanced
64,S2_FALL_10,2,1,0.9939151406288147,1,0.27499999999999997,A2_pose_attention,42,balanced
65,S2_FALL_11,2,1,0.8437139391899109,1,0.27499999999999997,A2_pose_attention,42,balanced
66,S2_FALL_12,2,1,0.971749484539032,1,0.27499999999999997,A2_pose_attention,42,balanced
67,S2_FALL_13,2,1,0.9465296864509583,1,0.27499999999999997,A2_pose_attention,42,balanced
68,S2_FALL_14,2,1,0.999213695526123,1,0.27499999999999997,A2_pose_attention,42,balanced
69,S2_FALL_15,2,1,0.8017812967300415,1,0.27499999999999997,A2_pose_attention,42,balanced
70,S2_FALL_16,2,1,0.967521607875824,1,0.27499999999999997,A2_pose_attention,42,balanced
71,S2_FALL_17,2,1,0.9739242196083069,1,0.27499999999999997,A2_pose_attention,42,balanced
72,S2_FALL_18,2,1,0.14210860431194305,0,0.27499999999999997,A2_pose_attention,42,balanced
73,S2_FALL_19,2,1,0.21445821225643158,0,0.27499999999999997,A2_pose_attention,42,balanced
74,S2_FALL_20,2,1,0.7596385478973389,1,0.27499999999999997,A2_pose_attention,42,balanced
75,S2_FALL_21,2,1,0.8987432718276978,1,0.27499999999999997,A2_pose_attention,42,balanced
76,S2_FALL_22,2,1,0.9792491793632507,1,0.27499999999999997,A2_pose_attention,42,balanced
77,S2_FALL_23,2,1,0.9420093894004822,1,0.27499999999999997,A2_pose_attention,42,balanced
78,S2_FALL_24,2,1,0.9864242672920227,1,0.27499999999999997,A2_pose_attention,42,balanced
79,S2_FALL_25,2,1,0.9894421100616455,1,0.27499999999999997,A2_pose_attention,42,balanced
32,S2_ADL_01,2,0,0.9993791580200195,1,0.27499999999999997,A2_pose_attention,42,sensitivity
33,S2_ADL_02,2,0,0.003039224538952112,0,0.27499999999999997,A2_pose_attention,42,sensitivity
34,S2_ADL_03,2,0,0.8229564428329468,1,0.27499999999999997,A2_pose_attention,42,sensitivity
35,S2_ADL_04,2,0,0.05817283317446709,0,0.27499999999999997,A2_pose_attention,42,sensitivity
36,S2_ADL_05,2,0,0.0020982129499316216,0,0.27499999999999997,A2_pose_attention,42,sensitivity
37,S2_ADL_06,2,0,0.003682075534015894,0,0.27499999999999997,A2_pose_attention,42,sensitivity
38,S2_ADL_07,2,0,0.00563120236620307,0,0.27499999999999997,A2_pose_attention,42,sensitivity
39,S2_ADL_08,2,0,0.006588798016309738,0,0.27499999999999997,A2_pose_attention,42,sensitivity
40,S2_ADL_09,2,0,0.013795014470815659,0,0.27499999999999997,A2_pose_attention,42,sensitivity
41,S2_ADL_10,2,0,0.004072840791195631,0,0.27499999999999997,A2_pose_attention,42,sensitivity
42,S2_ADL_11,2,0,0.0024601055774837732,0,0.27499999999999997,A2_pose_attention,42,sensitivity
43,S2_ADL_12,2,0,0.8109118938446045,1,0.27499999999999997,A2_pose_attention,42,sensitivity
44,S2_ADL_13,2,0,0.10798891633749008,0,0.27499999999999997,A2_pose_attention,42,sensitivity
45,S2_ADL_14,2,0,0.1974269300699234,0,0.27499999999999997,A2_pose_attention,42,sensitivity
46,S2_ADL_15,2,0,0.0015897175762802362,0,0.27499999999999997,A2_pose_attention,42,sensitivity
47,S2_ADL_16,2,0,0.825018048286438,1,0.27499999999999997,A2_pose_attention,42,sensitivity
48,S2_ADL_17,2,0,0.06388013064861298,0,0.27499999999999997,A2_pose_attention,42,sensitivity
49,S2_ADL_18,2,0,0.012586756609380245,0,0.27499999999999997,A2_pose_attention,42,sensitivity
50,S2_ADL_19,2,0,0.10542166233062744,0,0.27499999999999997,A2_pose_attention,42,sensitivity
51,S2_ADL_20,2,0,0.000719460949767381,0,0.27499999999999997,A2_pose_attention,42,sensitivity
52,S2_ADL_21,2,0,0.0025072358548641205,0,0.27499999999999997,A2_pose_attention,42,sensitivity
53,S2_ADL_22,2,0,0.3305802047252655,1,0.27499999999999997,A2_pose_attention,42,sensitivity
54,S2_ADL_23,2,0,0.0006954232812859118,0,0.27499999999999997,A2_pose_attention,42,sensitivity
55,S2_FALL_01,2,1,0.9669910669326782,1,0.27499999999999997,A2_pose_attention,42,sensitivity
56,S2_FALL_02,2,1,0.9518657326698303,1,0.27499999999999997,A2_pose_attention,42,sensitivity
57,S2_FALL_03,2,1,0.7169603705406189,1,0.27499999999999997,A2_pose_attention,42,sensitivity
58,S2_FALL_04,2,1,0.9311754703521729,1,0.27499999999999997,A2_pose_attention,42,sensitivity
59,S2_FALL_05,2,1,0.6996813416481018,1,0.27499999999999997,A2_pose_attention,42,sensitivity
60,S2_FALL_06,2,1,0.714446485042572,1,0.27499999999999997,A2_pose_attention,42,sensitivity
61,S2_FALL_07,2,1,0.9010140299797058,1,0.27499999999999997,A2_pose_attention,42,sensitivity
62,S2_FALL_08,2,1,0.8481684327125549,1,0.27499999999999997,A2_pose_attention,42,sensitivity
63,S2_FALL_09,2,1,0.9540423154830933,1,0.27499999999999997,A2_pose_attention,42,sensitivity
64,S2_FALL_10,2,1,0.9939151406288147,1,0.27499999999999997,A2_pose_attention,42,sensitivity
65,S2_FALL_11,2,1,0.8437139391899109,1,0.27499999999999997,A2_pose_attention,42,sensitivity
66,S2_FALL_12,2,1,0.971749484539032,1,0.27499999999999997,A2_pose_attention,42,sensitivity
67,S2_FALL_13,2,1,0.9465296864509583,1,0.27499999999999997,A2_pose_attention,42,sensitivity
68,S2_FALL_14,2,1,0.999213695526123,1,0.27499999999999997,A2_pose_attention,42,sensitivity
69,S2_FALL_15,2,1,0.8017812967300415,1,0.27499999999999997,A2_pose_attention,42,sensitivity
70,S2_FALL_16,2,1,0.967521607875824,1,0.27499999999999997,A2_pose_attention,42,sensitivity
71,S2_FALL_17,2,1,0.9739242196083069,1,0.27499999999999997,A2_pose_attention,42,sensitivity
72,S2_FALL_18,2,1,0.14210860431194305,0,0.27499999999999997,A2_pose_attention,42,sensitivity
73,S2_FALL_19,2,1,0.21445821225643158,0,0.27499999999999997,A2_pose_attention,42,sensitivity
74,S2_FALL_20,2,1,0.7596385478973389,1,0.27499999999999997,A2_pose_attention,42,sensitivity
75,S2_FALL_21,2,1,0.8987432718276978,1,0.27499999999999997,A2_pose_attention,42,sensitivity
76,S2_FALL_22,2,1,0.9792491793632507,1,0.27499999999999997,A2_pose_attention,42,sensitivity
77,S2_FALL_23,2,1,0.9420093894004822,1,0.27499999999999997,A2_pose_attention,42,sensitivity
78,S2_FALL_24,2,1,0.9864242672920227,1,0.27499999999999997,A2_pose_attention,42,sensitivity
79,S2_FALL_25,2,1,0.9894421100616455,1,0.27499999999999997,A2_pose_attention,42,sensitivity
80,S3_ADL_01,3,0,0.0005983715527690947,0,0.5,A2_pose_attention,42,fixed
81,S3_ADL_02,3,0,0.004375661723315716,0,0.5,A2_pose_attention,42,fixed
82,S3_ADL_03,3,0,0.011589308269321918,0,0.5,A2_pose_attention,42,fixed
83,S3_ADL_04,3,0,0.004159245174378157,0,0.5,A2_pose_attention,42,fixed
84,S3_ADL_05,3,0,0.06845151633024216,0,0.5,A2_pose_attention,42,fixed
85,S3_ADL_06,3,0,0.027928870171308517,0,0.5,A2_pose_attention,42,fixed
86,S3_ADL_07,3,0,0.0009320781682617962,0,0.5,A2_pose_attention,42,fixed
87,S3_ADL_08,3,0,0.9889083504676819,1,0.5,A2_pose_attention,42,fixed
88,S3_ADL_09,3,0,0.017071856185793877,0,0.5,A2_pose_attention,42,fixed
89,S3_ADL_10,3,0,0.003692088183015585,0,0.5,A2_pose_attention,42,fixed
90,S3_ADL_11,3,0,0.007734224665910006,0,0.5,A2_pose_attention,42,fixed
91,S3_ADL_12,3,0,0.05392330512404442,0,0.5,A2_pose_attention,42,fixed
92,S3_ADL_13,3,0,0.015998395159840584,0,0.5,A2_pose_attention,42,fixed
93,S3_ADL_14,3,0,0.0017175227403640747,0,0.5,A2_pose_attention,42,fixed
94,S3_ADL_15,3,0,0.006579562555998564,0,0.5,A2_pose_attention,42,fixed
95,S3_ADL_16,3,0,0.0012615494197234511,0,0.5,A2_pose_attention,42,fixed
96,S3_ADL_17,3,0,0.0010610977187752724,0,0.5,A2_pose_attention,42,fixed
97,S3_ADL_18,3,0,0.0013444661162793636,0,0.5,A2_pose_attention,42,fixed
98,S3_ADL_19,3,0,0.003125142538920045,0,0.5,A2_pose_attention,42,fixed
99,S3_ADL_20,3,0,0.002119289245456457,0,0.5,A2_pose_attention,42,fixed
100,S3_ADL_21,3,0,0.005061011295765638,0,0.5,A2_pose_attention,42,fixed
101,S3_ADL_22,3,0,0.006137100048363209,0,0.5,A2_pose_attention,42,fixed
102,S3_FALL_01,3,1,0.5793696045875549,1,0.5,A2_pose_attention,42,fixed
103,S3_FALL_02,3,1,0.9985635876655579,1,0.5,A2_pose_attention,42,fixed
104,S3_FALL_03,3,1,0.9068487882614136,1,0.5,A2_pose_attention,42,fixed
105,S3_FALL_04,3,1,0.9860740900039673,1,0.5,A2_pose_attention,42,fixed
106,S3_FALL_05,3,1,0.9993441700935364,1,0.5,A2_pose_attention,42,fixed
107,S3_FALL_06,3,1,0.8743807077407837,1,0.5,A2_pose_attention,42,fixed
108,S3_FALL_07,3,1,0.8111770153045654,1,0.5,A2_pose_attention,42,fixed
109,S3_FALL_08,3,1,0.3443067967891693,0,0.5,A2_pose_attention,42,fixed
110,S3_FALL_09,3,1,0.9985438585281372,1,0.5,A2_pose_attention,42,fixed
111,S3_FALL_10,3,1,0.3262579143047333,0,0.5,A2_pose_attention,42,fixed
112,S3_FALL_11,3,1,0.8193001747131348,1,0.5,A2_pose_attention,42,fixed
113,S3_FALL_12,3,1,0.9931386113166809,1,0.5,A2_pose_attention,42,fixed
114,S3_FALL_13,3,1,0.9989308714866638,1,0.5,A2_pose_attention,42,fixed
115,S3_FALL_14,3,1,0.9855555295944214,1,0.5,A2_pose_attention,42,fixed
116,S3_FALL_15,3,1,0.9811058640480042,1,0.5,A2_pose_attention,42,fixed
117,S3_FALL_16,3,1,0.9996059536933899,1,0.5,A2_pose_attention,42,fixed
118,S3_FALL_17,3,1,0.9430960416793823,1,0.5,A2_pose_attention,42,fixed
119,S3_FALL_18,3,1,0.9999737739562988,1,0.5,A2_pose_attention,42,fixed
120,S3_FALL_19,3,1,0.9921466708183289,1,0.5,A2_pose_attention,42,fixed
121,S3_FALL_20,3,1,0.9964771866798401,1,0.5,A2_pose_attention,42,fixed
122,S3_FALL_21,3,1,0.9316384792327881,1,0.5,A2_pose_attention,42,fixed
80,S3_ADL_01,3,0,0.0005983715527690947,0,0.15,A2_pose_attention,42,balanced
81,S3_ADL_02,3,0,0.004375661723315716,0,0.15,A2_pose_attention,42,balanced
82,S3_ADL_03,3,0,0.011589308269321918,0,0.15,A2_pose_attention,42,balanced
83,S3_ADL_04,3,0,0.004159245174378157,0,0.15,A2_pose_attention,42,balanced
84,S3_ADL_05,3,0,0.06845151633024216,0,0.15,A2_pose_attention,42,balanced
85,S3_ADL_06,3,0,0.027928870171308517,0,0.15,A2_pose_attention,42,balanced
86,S3_ADL_07,3,0,0.0009320781682617962,0,0.15,A2_pose_attention,42,balanced
87,S3_ADL_08,3,0,0.9889083504676819,1,0.15,A2_pose_attention,42,balanced
88,S3_ADL_09,3,0,0.017071856185793877,0,0.15,A2_pose_attention,42,balanced
89,S3_ADL_10,3,0,0.003692088183015585,0,0.15,A2_pose_attention,42,balanced
90,S3_ADL_11,3,0,0.007734224665910006,0,0.15,A2_pose_attention,42,balanced
91,S3_ADL_12,3,0,0.05392330512404442,0,0.15,A2_pose_attention,42,balanced
92,S3_ADL_13,3,0,0.015998395159840584,0,0.15,A2_pose_attention,42,balanced
93,S3_ADL_14,3,0,0.0017175227403640747,0,0.15,A2_pose_attention,42,balanced
94,S3_ADL_15,3,0,0.006579562555998564,0,0.15,A2_pose_attention,42,balanced
95,S3_ADL_16,3,0,0.0012615494197234511,0,0.15,A2_pose_attention,42,balanced
96,S3_ADL_17,3,0,0.0010610977187752724,0,0.15,A2_pose_attention,42,balanced
97,S3_ADL_18,3,0,0.0013444661162793636,0,0.15,A2_pose_attention,42,balanced
98,S3_ADL_19,3,0,0.003125142538920045,0,0.15,A2_pose_attention,42,balanced
99,S3_ADL_20,3,0,0.002119289245456457,0,0.15,A2_pose_attention,42,balanced
100,S3_ADL_21,3,0,0.005061011295765638,0,0.15,A2_pose_attention,42,balanced
101,S3_ADL_22,3,0,0.006137100048363209,0,0.15,A2_pose_attention,42,balanced
102,S3_FALL_01,3,1,0.5793696045875549,1,0.15,A2_pose_attention,42,balanced
103,S3_FALL_02,3,1,0.9985635876655579,1,0.15,A2_pose_attention,42,balanced
104,S3_FALL_03,3,1,0.9068487882614136,1,0.15,A2_pose_attention,42,balanced
105,S3_FALL_04,3,1,0.9860740900039673,1,0.15,A2_pose_attention,42,balanced
106,S3_FALL_05,3,1,0.9993441700935364,1,0.15,A2_pose_attention,42,balanced
107,S3_FALL_06,3,1,0.8743807077407837,1,0.15,A2_pose_attention,42,balanced
108,S3_FALL_07,3,1,0.8111770153045654,1,0.15,A2_pose_attention,42,balanced
109,S3_FALL_08,3,1,0.3443067967891693,1,0.15,A2_pose_attention,42,balanced
110,S3_FALL_09,3,1,0.9985438585281372,1,0.15,A2_pose_attention,42,balanced
111,S3_FALL_10,3,1,0.3262579143047333,1,0.15,A2_pose_attention,42,balanced
112,S3_FALL_11,3,1,0.8193001747131348,1,0.15,A2_pose_attention,42,balanced
113,S3_FALL_12,3,1,0.9931386113166809,1,0.15,A2_pose_attention,42,balanced
114,S3_FALL_13,3,1,0.9989308714866638,1,0.15,A2_pose_attention,42,balanced
115,S3_FALL_14,3,1,0.9855555295944214,1,0.15,A2_pose_attention,42,balanced
116,S3_FALL_15,3,1,0.9811058640480042,1,0.15,A2_pose_attention,42,balanced
117,S3_FALL_16,3,1,0.9996059536933899,1,0.15,A2_pose_attention,42,balanced
118,S3_FALL_17,3,1,0.9430960416793823,1,0.15,A2_pose_attention,42,balanced
119,S3_FALL_18,3,1,0.9999737739562988,1,0.15,A2_pose_attention,42,balanced
120,S3_FALL_19,3,1,0.9921466708183289,1,0.15,A2_pose_attention,42,balanced
121,S3_FALL_20,3,1,0.9964771866798401,1,0.15,A2_pose_attention,42,balanced
122,S3_FALL_21,3,1,0.9316384792327881,1,0.15,A2_pose_attention,42,balanced
80,S3_ADL_01,3,0,0.0005983715527690947,0,0.15,A2_pose_attention,42,sensitivity
81,S3_ADL_02,3,0,0.004375661723315716,0,0.15,A2_pose_attention,42,sensitivity
82,S3_ADL_03,3,0,0.011589308269321918,0,0.15,A2_pose_attention,42,sensitivity
83,S3_ADL_04,3,0,0.004159245174378157,0,0.15,A2_pose_attention,42,sensitivity
84,S3_ADL_05,3,0,0.06845151633024216,0,0.15,A2_pose_attention,42,sensitivity
85,S3_ADL_06,3,0,0.027928870171308517,0,0.15,A2_pose_attention,42,sensitivity
86,S3_ADL_07,3,0,0.0009320781682617962,0,0.15,A2_pose_attention,42,sensitivity
87,S3_ADL_08,3,0,0.9889083504676819,1,0.15,A2_pose_attention,42,sensitivity
88,S3_ADL_09,3,0,0.017071856185793877,0,0.15,A2_pose_attention,42,sensitivity
89,S3_ADL_10,3,0,0.003692088183015585,0,0.15,A2_pose_attention,42,sensitivity
90,S3_ADL_11,3,0,0.007734224665910006,0,0.15,A2_pose_attention,42,sensitivity
91,S3_ADL_12,3,0,0.05392330512404442,0,0.15,A2_pose_attention,42,sensitivity
92,S3_ADL_13,3,0,0.015998395159840584,0,0.15,A2_pose_attention,42,sensitivity
93,S3_ADL_14,3,0,0.0017175227403640747,0,0.15,A2_pose_attention,42,sensitivity
94,S3_ADL_15,3,0,0.006579562555998564,0,0.15,A2_pose_attention,42,sensitivity
95,S3_ADL_16,3,0,0.0012615494197234511,0,0.15,A2_pose_attention,42,sensitivity
96,S3_ADL_17,3,0,0.0010610977187752724,0,0.15,A2_pose_attention,42,sensitivity
97,S3_ADL_18,3,0,0.0013444661162793636,0,0.15,A2_pose_attention,42,sensitivity
98,S3_ADL_19,3,0,0.003125142538920045,0,0.15,A2_pose_attention,42,sensitivity
99,S3_ADL_20,3,0,0.002119289245456457,0,0.15,A2_pose_attention,42,sensitivity
100,S3_ADL_21,3,0,0.005061011295765638,0,0.15,A2_pose_attention,42,sensitivity
101,S3_ADL_22,3,0,0.006137100048363209,0,0.15,A2_pose_attention,42,sensitivity
102,S3_FALL_01,3,1,0.5793696045875549,1,0.15,A2_pose_attention,42,sensitivity
103,S3_FALL_02,3,1,0.9985635876655579,1,0.15,A2_pose_attention,42,sensitivity
104,S3_FALL_03,3,1,0.9068487882614136,1,0.15,A2_pose_attention,42,sensitivity
105,S3_FALL_04,3,1,0.9860740900039673,1,0.15,A2_pose_attention,42,sensitivity
106,S3_FALL_05,3,1,0.9993441700935364,1,0.15,A2_pose_attention,42,sensitivity
107,S3_FALL_06,3,1,0.8743807077407837,1,0.15,A2_pose_attention,42,sensitivity
108,S3_FALL_07,3,1,0.8111770153045654,1,0.15,A2_pose_attention,42,sensitivity
109,S3_FALL_08,3,1,0.3443067967891693,1,0.15,A2_pose_attention,42,sensitivity
110,S3_FALL_09,3,1,0.9985438585281372,1,0.15,A2_pose_attention,42,sensitivity
111,S3_FALL_10,3,1,0.3262579143047333,1,0.15,A2_pose_attention,42,sensitivity
112,S3_FALL_11,3,1,0.8193001747131348,1,0.15,A2_pose_attention,42,sensitivity
113,S3_FALL_12,3,1,0.9931386113166809,1,0.15,A2_pose_attention,42,sensitivity
114,S3_FALL_13,3,1,0.9989308714866638,1,0.15,A2_pose_attention,42,sensitivity
115,S3_FALL_14,3,1,0.9855555295944214,1,0.15,A2_pose_attention,42,sensitivity
116,S3_FALL_15,3,1,0.9811058640480042,1,0.15,A2_pose_attention,42,sensitivity
117,S3_FALL_16,3,1,0.9996059536933899,1,0.15,A2_pose_attention,42,sensitivity
118,S3_FALL_17,3,1,0.9430960416793823,1,0.15,A2_pose_attention,42,sensitivity
119,S3_FALL_18,3,1,0.9999737739562988,1,0.15,A2_pose_attention,42,sensitivity
120,S3_FALL_19,3,1,0.9921466708183289,1,0.15,A2_pose_attention,42,sensitivity
121,S3_FALL_20,3,1,0.9964771866798401,1,0.15,A2_pose_attention,42,sensitivity
122,S3_FALL_21,3,1,0.9316384792327881,1,0.15,A2_pose_attention,42,sensitivity
123,S4_ADL_01,4,0,0.0004781755560543388,0,0.5,A2_pose_attention,42,fixed
124,S4_ADL_02,4,0,0.0012517619179561734,0,0.5,A2_pose_attention,42,fixed
125,S4_ADL_03,4,0,0.010069028474390507,0,0.5,A2_pose_attention,42,fixed
126,S4_ADL_04,4,0,0.018374843522906303,0,0.5,A2_pose_attention,42,fixed
127,S4_ADL_05,4,0,0.9999850988388062,1,0.5,A2_pose_attention,42,fixed
128,S4_ADL_06,4,0,0.9825349450111389,1,0.5,A2_pose_attention,42,fixed
129,S4_ADL_07,4,0,0.9746776223182678,1,0.5,A2_pose_attention,42,fixed
130,S4_ADL_08,4,0,0.00022496093879453838,0,0.5,A2_pose_attention,42,fixed
131,S4_ADL_09,4,0,0.002911926480010152,0,0.5,A2_pose_attention,42,fixed
132,S4_ADL_10,4,0,0.943632185459137,1,0.5,A2_pose_attention,42,fixed
133,S4_ADL_11,4,0,0.0008923966088332236,0,0.5,A2_pose_attention,42,fixed
134,S4_ADL_12,4,0,0.0015618809266015887,0,0.5,A2_pose_attention,42,fixed
135,S4_ADL_13,4,0,0.0029693040996789932,0,0.5,A2_pose_attention,42,fixed
136,S4_ADL_14,4,0,0.031525831669569016,0,0.5,A2_pose_attention,42,fixed
137,S4_ADL_15,4,0,0.7248262763023376,1,0.5,A2_pose_attention,42,fixed
138,S4_ADL_16,4,0,0.9585608839988708,1,0.5,A2_pose_attention,42,fixed
139,S4_ADL_17,4,0,0.0032836429309099913,0,0.5,A2_pose_attention,42,fixed
140,S4_ADL_18,4,0,0.0018006054451689124,0,0.5,A2_pose_attention,42,fixed
141,S4_ADL_19,4,0,0.0011067120358347893,0,0.5,A2_pose_attention,42,fixed
142,S4_ADL_20,4,0,0.07549731433391571,0,0.5,A2_pose_attention,42,fixed
143,S4_FALL_01,4,1,0.8517767190933228,1,0.5,A2_pose_attention,42,fixed
144,S4_FALL_02,4,1,0.5623754262924194,1,0.5,A2_pose_attention,42,fixed
145,S4_FALL_03,4,1,0.5636454820632935,1,0.5,A2_pose_attention,42,fixed
146,S4_FALL_04,4,1,0.9128866791725159,1,0.5,A2_pose_attention,42,fixed
147,S4_FALL_05,4,1,0.9834681749343872,1,0.5,A2_pose_attention,42,fixed
148,S4_FALL_06,4,1,0.7799819707870483,1,0.5,A2_pose_attention,42,fixed
149,S4_FALL_07,4,1,0.9824840426445007,1,0.5,A2_pose_attention,42,fixed
150,S4_FALL_08,4,1,0.9121238589286804,1,0.5,A2_pose_attention,42,fixed
151,S4_FALL_09,4,1,0.999948263168335,1,0.5,A2_pose_attention,42,fixed
152,S4_FALL_10,4,1,0.7252078056335449,1,0.5,A2_pose_attention,42,fixed
153,S4_FALL_11,4,1,0.9997287392616272,1,0.5,A2_pose_attention,42,fixed
154,S4_FALL_12,4,1,0.94819176197052,1,0.5,A2_pose_attention,42,fixed
155,S4_FALL_13,4,1,0.8993852734565735,1,0.5,A2_pose_attention,42,fixed
156,S4_FALL_14,4,1,0.9894837737083435,1,0.5,A2_pose_attention,42,fixed
157,S4_FALL_15,4,1,0.9999994039535522,1,0.5,A2_pose_attention,42,fixed
158,S4_FALL_16,4,1,0.9997748732566833,1,0.5,A2_pose_attention,42,fixed
159,S4_FALL_17,4,1,0.9958425164222717,1,0.5,A2_pose_attention,42,fixed
123,S4_ADL_01,4,0,0.0004781755560543388,0,0.44999999999999996,A2_pose_attention,42,balanced
124,S4_ADL_02,4,0,0.0012517619179561734,0,0.44999999999999996,A2_pose_attention,42,balanced
125,S4_ADL_03,4,0,0.010069028474390507,0,0.44999999999999996,A2_pose_attention,42,balanced
126,S4_ADL_04,4,0,0.018374843522906303,0,0.44999999999999996,A2_pose_attention,42,balanced
127,S4_ADL_05,4,0,0.9999850988388062,1,0.44999999999999996,A2_pose_attention,42,balanced
128,S4_ADL_06,4,0,0.9825349450111389,1,0.44999999999999996,A2_pose_attention,42,balanced
129,S4_ADL_07,4,0,0.9746776223182678,1,0.44999999999999996,A2_pose_attention,42,balanced
130,S4_ADL_08,4,0,0.00022496093879453838,0,0.44999999999999996,A2_pose_attention,42,balanced
131,S4_ADL_09,4,0,0.002911926480010152,0,0.44999999999999996,A2_pose_attention,42,balanced
132,S4_ADL_10,4,0,0.943632185459137,1,0.44999999999999996,A2_pose_attention,42,balanced
133,S4_ADL_11,4,0,0.0008923966088332236,0,0.44999999999999996,A2_pose_attention,42,balanced
134,S4_ADL_12,4,0,0.0015618809266015887,0,0.44999999999999996,A2_pose_attention,42,balanced
135,S4_ADL_13,4,0,0.0029693040996789932,0,0.44999999999999996,A2_pose_attention,42,balanced
136,S4_ADL_14,4,0,0.031525831669569016,0,0.44999999999999996,A2_pose_attention,42,balanced
137,S4_ADL_15,4,0,0.7248262763023376,1,0.44999999999999996,A2_pose_attention,42,balanced
138,S4_ADL_16,4,0,0.9585608839988708,1,0.44999999999999996,A2_pose_attention,42,balanced
139,S4_ADL_17,4,0,0.0032836429309099913,0,0.44999999999999996,A2_pose_attention,42,balanced
140,S4_ADL_18,4,0,0.0018006054451689124,0,0.44999999999999996,A2_pose_attention,42,balanced
141,S4_ADL_19,4,0,0.0011067120358347893,0,0.44999999999999996,A2_pose_attention,42,balanced
142,S4_ADL_20,4,0,0.07549731433391571,0,0.44999999999999996,A2_pose_attention,42,balanced
143,S4_FALL_01,4,1,0.8517767190933228,1,0.44999999999999996,A2_pose_attention,42,balanced
144,S4_FALL_02,4,1,0.5623754262924194,1,0.44999999999999996,A2_pose_attention,42,balanced
145,S4_FALL_03,4,1,0.5636454820632935,1,0.44999999999999996,A2_pose_attention,42,balanced
146,S4_FALL_04,4,1,0.9128866791725159,1,0.44999999999999996,A2_pose_attention,42,balanced
147,S4_FALL_05,4,1,0.9834681749343872,1,0.44999999999999996,A2_pose_attention,42,balanced
148,S4_FALL_06,4,1,0.7799819707870483,1,0.44999999999999996,A2_pose_attention,42,balanced
149,S4_FALL_07,4,1,0.9824840426445007,1,0.44999999999999996,A2_pose_attention,42,balanced
150,S4_FALL_08,4,1,0.9121238589286804,1,0.44999999999999996,A2_pose_attention,42,balanced
151,S4_FALL_09,4,1,0.999948263168335,1,0.44999999999999996,A2_pose_attention,42,balanced
152,S4_FALL_10,4,1,0.7252078056335449,1,0.44999999999999996,A2_pose_attention,42,balanced
153,S4_FALL_11,4,1,0.9997287392616272,1,0.44999999999999996,A2_pose_attention,42,balanced
154,S4_FALL_12,4,1,0.94819176197052,1,0.44999999999999996,A2_pose_attention,42,balanced
155,S4_FALL_13,4,1,0.8993852734565735,1,0.44999999999999996,A2_pose_attention,42,balanced
156,S4_FALL_14,4,1,0.9894837737083435,1,0.44999999999999996,A2_pose_attention,42,balanced
157,S4_FALL_15,4,1,0.9999994039535522,1,0.44999999999999996,A2_pose_attention,42,balanced
158,S4_FALL_16,4,1,0.9997748732566833,1,0.44999999999999996,A2_pose_attention,42,balanced
159,S4_FALL_17,4,1,0.9958425164222717,1,0.44999999999999996,A2_pose_attention,42,balanced
123,S4_ADL_01,4,0,0.0004781755560543388,0,0.44999999999999996,A2_pose_attention,42,sensitivity
124,S4_ADL_02,4,0,0.0012517619179561734,0,0.44999999999999996,A2_pose_attention,42,sensitivity
125,S4_ADL_03,4,0,0.010069028474390507,0,0.44999999999999996,A2_pose_attention,42,sensitivity
126,S4_ADL_04,4,0,0.018374843522906303,0,0.44999999999999996,A2_pose_attention,42,sensitivity
127,S4_ADL_05,4,0,0.9999850988388062,1,0.44999999999999996,A2_pose_attention,42,sensitivity
128,S4_ADL_06,4,0,0.9825349450111389,1,0.44999999999999996,A2_pose_attention,42,sensitivity
129,S4_ADL_07,4,0,0.9746776223182678,1,0.44999999999999996,A2_pose_attention,42,sensitivity
130,S4_ADL_08,4,0,0.00022496093879453838,0,0.44999999999999996,A2_pose_attention,42,sensitivity
131,S4_ADL_09,4,0,0.002911926480010152,0,0.44999999999999996,A2_pose_attention,42,sensitivity
132,S4_ADL_10,4,0,0.943632185459137,1,0.44999999999999996,A2_pose_attention,42,sensitivity
133,S4_ADL_11,4,0,0.0008923966088332236,0,0.44999999999999996,A2_pose_attention,42,sensitivity
134,S4_ADL_12,4,0,0.0015618809266015887,0,0.44999999999999996,A2_pose_attention,42,sensitivity
135,S4_ADL_13,4,0,0.0029693040996789932,0,0.44999999999999996,A2_pose_attention,42,sensitivity
136,S4_ADL_14,4,0,0.031525831669569016,0,0.44999999999999996,A2_pose_attention,42,sensitivity
137,S4_ADL_15,4,0,0.7248262763023376,1,0.44999999999999996,A2_pose_attention,42,sensitivity
138,S4_ADL_16,4,0,0.9585608839988708,1,0.44999999999999996,A2_pose_attention,42,sensitivity
139,S4_ADL_17,4,0,0.0032836429309099913,0,0.44999999999999996,A2_pose_attention,42,sensitivity
140,S4_ADL_18,4,0,0.0018006054451689124,0,0.44999999999999996,A2_pose_attention,42,sensitivity
141,S4_ADL_19,4,0,0.0011067120358347893,0,0.44999999999999996,A2_pose_attention,42,sensitivity
142,S4_ADL_20,4,0,0.07549731433391571,0,0.44999999999999996,A2_pose_attention,42,sensitivity
143,S4_FALL_01,4,1,0.8517767190933228,1,0.44999999999999996,A2_pose_attention,42,sensitivity
144,S4_FALL_02,4,1,0.5623754262924194,1,0.44999999999999996,A2_pose_attention,42,sensitivity
145,S4_FALL_03,4,1,0.5636454820632935,1,0.44999999999999996,A2_pose_attention,42,sensitivity
146,S4_FALL_04,4,1,0.9128866791725159,1,0.44999999999999996,A2_pose_attention,42,sensitivity
147,S4_FALL_05,4,1,0.9834681749343872,1,0.44999999999999996,A2_pose_attention,42,sensitivity
148,S4_FALL_06,4,1,0.7799819707870483,1,0.44999999999999996,A2_pose_attention,42,sensitivity
149,S4_FALL_07,4,1,0.9824840426445007,1,0.44999999999999996,A2_pose_attention,42,sensitivity
150,S4_FALL_08,4,1,0.9121238589286804,1,0.44999999999999996,A2_pose_attention,42,sensitivity
151,S4_FALL_09,4,1,0.999948263168335,1,0.44999999999999996,A2_pose_attention,42,sensitivity
152,S4_FALL_10,4,1,0.7252078056335449,1,0.44999999999999996,A2_pose_attention,42,sensitivity
153,S4_FALL_11,4,1,0.9997287392616272,1,0.44999999999999996,A2_pose_attention,42,sensitivity
154,S4_FALL_12,4,1,0.94819176197052,1,0.44999999999999996,A2_pose_attention,42,sensitivity
155,S4_FALL_13,4,1,0.8993852734565735,1,0.44999999999999996,A2_pose_attention,42,sensitivity
156,S4_FALL_14,4,1,0.9894837737083435,1,0.44999999999999996,A2_pose_attention,42,sensitivity
157,S4_FALL_15,4,1,0.9999994039535522,1,0.44999999999999996,A2_pose_attention,42,sensitivity
158,S4_FALL_16,4,1,0.9997748732566833,1,0.44999999999999996,A2_pose_attention,42,sensitivity
159,S4_FALL_17,4,1,0.9958425164222717,1,0.44999999999999996,A2_pose_attention,42,sensitivity
0,S1_ADL_01,1,0,0.9042672514915466,1,0.5,A3_cost_225,142,fixed
1,S1_ADL_02,1,0,0.8956848382949829,1,0.5,A3_cost_225,142,fixed
2,S1_ADL_03,1,0,0.8692504167556763,1,0.5,A3_cost_225,142,fixed
3,S1_ADL_04,1,0,0.013193686492741108,0,0.5,A3_cost_225,142,fixed
4,S1_ADL_05,1,0,0.005410999525338411,0,0.5,A3_cost_225,142,fixed
5,S1_ADL_06,1,0,0.004885472822934389,0,0.5,A3_cost_225,142,fixed
6,S1_ADL_07,1,0,0.017076630145311356,0,0.5,A3_cost_225,142,fixed
7,S1_ADL_08,1,0,0.002284760819748044,0,0.5,A3_cost_225,142,fixed
8,S1_ADL_09,1,0,0.012463169172406197,0,0.5,A3_cost_225,142,fixed
9,S1_ADL_10,1,0,0.005465561989694834,0,0.5,A3_cost_225,142,fixed
10,S1_ADL_11,1,0,0.0005996530526317656,0,0.5,A3_cost_225,142,fixed
11,S1_ADL_12,1,0,0.04966618865728378,0,0.5,A3_cost_225,142,fixed
12,S1_ADL_13,1,0,0.0026554479263722897,0,0.5,A3_cost_225,142,fixed
13,S1_ADL_14,1,0,0.019158145412802696,0,0.5,A3_cost_225,142,fixed
14,S1_ADL_15,1,0,0.0018237472977489233,0,0.5,A3_cost_225,142,fixed
15,S1_ADL_16,1,0,0.29015541076660156,0,0.5,A3_cost_225,142,fixed
16,S1_FALL_01,1,1,0.9781956672668457,1,0.5,A3_cost_225,142,fixed
17,S1_FALL_02,1,1,0.9999005794525146,1,0.5,A3_cost_225,142,fixed
18,S1_FALL_03,1,1,0.9649180769920349,1,0.5,A3_cost_225,142,fixed
19,S1_FALL_04,1,1,0.9996209144592285,1,0.5,A3_cost_225,142,fixed
20,S1_FALL_05,1,1,0.9998817443847656,1,0.5,A3_cost_225,142,fixed
21,S1_FALL_06,1,1,0.9999338388442993,1,0.5,A3_cost_225,142,fixed
22,S1_FALL_07,1,1,0.9996469020843506,1,0.5,A3_cost_225,142,fixed
23,S1_FALL_08,1,1,0.9998931884765625,1,0.5,A3_cost_225,142,fixed
24,S1_FALL_09,1,1,0.9997963309288025,1,0.5,A3_cost_225,142,fixed
25,S1_FALL_10,1,1,0.9995406866073608,1,0.5,A3_cost_225,142,fixed
26,S1_FALL_11,1,1,0.9385843276977539,1,0.5,A3_cost_225,142,fixed
27,S1_FALL_12,1,1,0.9892316460609436,1,0.5,A3_cost_225,142,fixed
28,S1_FALL_13,1,1,0.9189438223838806,1,0.5,A3_cost_225,142,fixed
29,S1_FALL_14,1,1,0.9820935726165771,1,0.5,A3_cost_225,142,fixed
30,S1_FALL_15,1,1,0.9959403276443481,1,0.5,A3_cost_225,142,fixed
31,S1_FALL_16,1,1,0.9072751402854919,1,0.5,A3_cost_225,142,fixed
0,S1_ADL_01,1,0,0.9042672514915466,1,0.39999999999999997,A3_cost_225,142,balanced
1,S1_ADL_02,1,0,0.8956848382949829,1,0.39999999999999997,A3_cost_225,142,balanced
2,S1_ADL_03,1,0,0.8692504167556763,1,0.39999999999999997,A3_cost_225,142,balanced
3,S1_ADL_04,1,0,0.013193686492741108,0,0.39999999999999997,A3_cost_225,142,balanced
4,S1_ADL_05,1,0,0.005410999525338411,0,0.39999999999999997,A3_cost_225,142,balanced
5,S1_ADL_06,1,0,0.004885472822934389,0,0.39999999999999997,A3_cost_225,142,balanced
6,S1_ADL_07,1,0,0.017076630145311356,0,0.39999999999999997,A3_cost_225,142,balanced
7,S1_ADL_08,1,0,0.002284760819748044,0,0.39999999999999997,A3_cost_225,142,balanced
8,S1_ADL_09,1,0,0.012463169172406197,0,0.39999999999999997,A3_cost_225,142,balanced
9,S1_ADL_10,1,0,0.005465561989694834,0,0.39999999999999997,A3_cost_225,142,balanced
10,S1_ADL_11,1,0,0.0005996530526317656,0,0.39999999999999997,A3_cost_225,142,balanced
11,S1_ADL_12,1,0,0.04966618865728378,0,0.39999999999999997,A3_cost_225,142,balanced
12,S1_ADL_13,1,0,0.0026554479263722897,0,0.39999999999999997,A3_cost_225,142,balanced
13,S1_ADL_14,1,0,0.019158145412802696,0,0.39999999999999997,A3_cost_225,142,balanced
14,S1_ADL_15,1,0,0.0018237472977489233,0,0.39999999999999997,A3_cost_225,142,balanced
15,S1_ADL_16,1,0,0.29015541076660156,0,0.39999999999999997,A3_cost_225,142,balanced
16,S1_FALL_01,1,1,0.9781956672668457,1,0.39999999999999997,A3_cost_225,142,balanced
17,S1_FALL_02,1,1,0.9999005794525146,1,0.39999999999999997,A3_cost_225,142,balanced
18,S1_FALL_03,1,1,0.9649180769920349,1,0.39999999999999997,A3_cost_225,142,balanced
19,S1_FALL_04,1,1,0.9996209144592285,1,0.39999999999999997,A3_cost_225,142,balanced
20,S1_FALL_05,1,1,0.9998817443847656,1,0.39999999999999997,A3_cost_225,142,balanced
21,S1_FALL_06,1,1,0.9999338388442993,1,0.39999999999999997,A3_cost_225,142,balanced
22,S1_FALL_07,1,1,0.9996469020843506,1,0.39999999999999997,A3_cost_225,142,balanced
23,S1_FALL_08,1,1,0.9998931884765625,1,0.39999999999999997,A3_cost_225,142,balanced
24,S1_FALL_09,1,1,0.9997963309288025,1,0.39999999999999997,A3_cost_225,142,balanced
25,S1_FALL_10,1,1,0.9995406866073608,1,0.39999999999999997,A3_cost_225,142,balanced
26,S1_FALL_11,1,1,0.9385843276977539,1,0.39999999999999997,A3_cost_225,142,balanced
27,S1_FALL_12,1,1,0.9892316460609436,1,0.39999999999999997,A3_cost_225,142,balanced
28,S1_FALL_13,1,1,0.9189438223838806,1,0.39999999999999997,A3_cost_225,142,balanced
29,S1_FALL_14,1,1,0.9820935726165771,1,0.39999999999999997,A3_cost_225,142,balanced
30,S1_FALL_15,1,1,0.9959403276443481,1,0.39999999999999997,A3_cost_225,142,balanced
31,S1_FALL_16,1,1,0.9072751402854919,1,0.39999999999999997,A3_cost_225,142,balanced
0,S1_ADL_01,1,0,0.9042672514915466,1,0.39999999999999997,A3_cost_225,142,sensitivity
1,S1_ADL_02,1,0,0.8956848382949829,1,0.39999999999999997,A3_cost_225,142,sensitivity
2,S1_ADL_03,1,0,0.8692504167556763,1,0.39999999999999997,A3_cost_225,142,sensitivity
3,S1_ADL_04,1,0,0.013193686492741108,0,0.39999999999999997,A3_cost_225,142,sensitivity
4,S1_ADL_05,1,0,0.005410999525338411,0,0.39999999999999997,A3_cost_225,142,sensitivity
5,S1_ADL_06,1,0,0.004885472822934389,0,0.39999999999999997,A3_cost_225,142,sensitivity
6,S1_ADL_07,1,0,0.017076630145311356,0,0.39999999999999997,A3_cost_225,142,sensitivity
7,S1_ADL_08,1,0,0.002284760819748044,0,0.39999999999999997,A3_cost_225,142,sensitivity
8,S1_ADL_09,1,0,0.012463169172406197,0,0.39999999999999997,A3_cost_225,142,sensitivity
9,S1_ADL_10,1,0,0.005465561989694834,0,0.39999999999999997,A3_cost_225,142,sensitivity
10,S1_ADL_11,1,0,0.0005996530526317656,0,0.39999999999999997,A3_cost_225,142,sensitivity
11,S1_ADL_12,1,0,0.04966618865728378,0,0.39999999999999997,A3_cost_225,142,sensitivity
12,S1_ADL_13,1,0,0.0026554479263722897,0,0.39999999999999997,A3_cost_225,142,sensitivity
13,S1_ADL_14,1,0,0.019158145412802696,0,0.39999999999999997,A3_cost_225,142,sensitivity
14,S1_ADL_15,1,0,0.0018237472977489233,0,0.39999999999999997,A3_cost_225,142,sensitivity
15,S1_ADL_16,1,0,0.29015541076660156,0,0.39999999999999997,A3_cost_225,142,sensitivity
16,S1_FALL_01,1,1,0.9781956672668457,1,0.39999999999999997,A3_cost_225,142,sensitivity
17,S1_FALL_02,1,1,0.9999005794525146,1,0.39999999999999997,A3_cost_225,142,sensitivity
18,S1_FALL_03,1,1,0.9649180769920349,1,0.39999999999999997,A3_cost_225,142,sensitivity
19,S1_FALL_04,1,1,0.9996209144592285,1,0.39999999999999997,A3_cost_225,142,sensitivity
20,S1_FALL_05,1,1,0.9998817443847656,1,0.39999999999999997,A3_cost_225,142,sensitivity
21,S1_FALL_06,1,1,0.9999338388442993,1,0.39999999999999997,A3_cost_225,142,sensitivity
22,S1_FALL_07,1,1,0.9996469020843506,1,0.39999999999999997,A3_cost_225,142,sensitivity
23,S1_FALL_08,1,1,0.9998931884765625,1,0.39999999999999997,A3_cost_225,142,sensitivity
24,S1_FALL_09,1,1,0.9997963309288025,1,0.39999999999999997,A3_cost_225,142,sensitivity
25,S1_FALL_10,1,1,0.9995406866073608,1,0.39999999999999997,A3_cost_225,142,sensitivity
26,S1_FALL_11,1,1,0.9385843276977539,1,0.39999999999999997,A3_cost_225,142,sensitivity
27,S1_FALL_12,1,1,0.9892316460609436,1,0.39999999999999997,A3_cost_225,142,sensitivity
28,S1_FALL_13,1,1,0.9189438223838806,1,0.39999999999999997,A3_cost_225,142,sensitivity
29,S1_FALL_14,1,1,0.9820935726165771,1,0.39999999999999997,A3_cost_225,142,sensitivity
30,S1_FALL_15,1,1,0.9959403276443481,1,0.39999999999999997,A3_cost_225,142,sensitivity
31,S1_FALL_16,1,1,0.9072751402854919,1,0.39999999999999997,A3_cost_225,142,sensitivity
32,S2_ADL_01,2,0,0.2487238496541977,0,0.5,A3_cost_225,142,fixed
33,S2_ADL_02,2,0,0.2298910915851593,0,0.5,A3_cost_225,142,fixed
34,S2_ADL_03,2,0,0.2643136978149414,0,0.5,A3_cost_225,142,fixed
35,S2_ADL_04,2,0,0.6475171446800232,1,0.5,A3_cost_225,142,fixed
36,S2_ADL_05,2,0,0.20675994455814362,0,0.5,A3_cost_225,142,fixed
37,S2_ADL_06,2,0,0.2583923935890198,0,0.5,A3_cost_225,142,fixed
38,S2_ADL_07,2,0,0.13588544726371765,0,0.5,A3_cost_225,142,fixed
39,S2_ADL_08,2,0,0.46588531136512756,0,0.5,A3_cost_225,142,fixed
40,S2_ADL_09,2,0,0.17183762788772583,0,0.5,A3_cost_225,142,fixed
41,S2_ADL_10,2,0,0.3036057949066162,0,0.5,A3_cost_225,142,fixed
42,S2_ADL_11,2,0,0.04926539957523346,0,0.5,A3_cost_225,142,fixed
43,S2_ADL_12,2,0,0.866561233997345,1,0.5,A3_cost_225,142,fixed
44,S2_ADL_13,2,0,0.06685986369848251,0,0.5,A3_cost_225,142,fixed
45,S2_ADL_14,2,0,0.23197783529758453,0,0.5,A3_cost_225,142,fixed
46,S2_ADL_15,2,0,0.07940658926963806,0,0.5,A3_cost_225,142,fixed
47,S2_ADL_16,2,0,0.5785008072853088,1,0.5,A3_cost_225,142,fixed
48,S2_ADL_17,2,0,0.03286875784397125,0,0.5,A3_cost_225,142,fixed
49,S2_ADL_18,2,0,0.030702024698257446,0,0.5,A3_cost_225,142,fixed
50,S2_ADL_19,2,0,0.25100189447402954,0,0.5,A3_cost_225,142,fixed
51,S2_ADL_20,2,0,0.017308171838521957,0,0.5,A3_cost_225,142,fixed
52,S2_ADL_21,2,0,0.22756709158420563,0,0.5,A3_cost_225,142,fixed
53,S2_ADL_22,2,0,0.7259481549263,1,0.5,A3_cost_225,142,fixed
54,S2_ADL_23,2,0,0.19451439380645752,0,0.5,A3_cost_225,142,fixed
55,S2_FALL_01,2,1,0.9482523202896118,1,0.5,A3_cost_225,142,fixed
56,S2_FALL_02,2,1,0.9986770749092102,1,0.5,A3_cost_225,142,fixed
57,S2_FALL_03,2,1,0.6840428709983826,1,0.5,A3_cost_225,142,fixed
58,S2_FALL_04,2,1,0.9982770681381226,1,0.5,A3_cost_225,142,fixed
59,S2_FALL_05,2,1,0.958661675453186,1,0.5,A3_cost_225,142,fixed
60,S2_FALL_06,2,1,0.9742705821990967,1,0.5,A3_cost_225,142,fixed
61,S2_FALL_07,2,1,0.8312700390815735,1,0.5,A3_cost_225,142,fixed
62,S2_FALL_08,2,1,0.9829884171485901,1,0.5,A3_cost_225,142,fixed
63,S2_FALL_09,2,1,0.9947500824928284,1,0.5,A3_cost_225,142,fixed
64,S2_FALL_10,2,1,0.9872595071792603,1,0.5,A3_cost_225,142,fixed
65,S2_FALL_11,2,1,0.9915028810501099,1,0.5,A3_cost_225,142,fixed
66,S2_FALL_12,2,1,0.9915621876716614,1,0.5,A3_cost_225,142,fixed
67,S2_FALL_13,2,1,0.9539687633514404,1,0.5,A3_cost_225,142,fixed
68,S2_FALL_14,2,1,0.891197919845581,1,0.5,A3_cost_225,142,fixed
69,S2_FALL_15,2,1,0.7703543901443481,1,0.5,A3_cost_225,142,fixed
70,S2_FALL_16,2,1,0.9998125433921814,1,0.5,A3_cost_225,142,fixed
71,S2_FALL_17,2,1,0.999903678894043,1,0.5,A3_cost_225,142,fixed
72,S2_FALL_18,2,1,0.8743998408317566,1,0.5,A3_cost_225,142,fixed
73,S2_FALL_19,2,1,0.9233137369155884,1,0.5,A3_cost_225,142,fixed
74,S2_FALL_20,2,1,0.9963935017585754,1,0.5,A3_cost_225,142,fixed
75,S2_FALL_21,2,1,0.9879167079925537,1,0.5,A3_cost_225,142,fixed
76,S2_FALL_22,2,1,0.999859094619751,1,0.5,A3_cost_225,142,fixed
77,S2_FALL_23,2,1,0.9822524785995483,1,0.5,A3_cost_225,142,fixed
78,S2_FALL_24,2,1,0.9979057312011719,1,0.5,A3_cost_225,142,fixed
79,S2_FALL_25,2,1,0.9963177442550659,1,0.5,A3_cost_225,142,fixed
32,S2_ADL_01,2,0,0.2487238496541977,0,0.37499999999999994,A3_cost_225,142,balanced
33,S2_ADL_02,2,0,0.2298910915851593,0,0.37499999999999994,A3_cost_225,142,balanced
34,S2_ADL_03,2,0,0.2643136978149414,0,0.37499999999999994,A3_cost_225,142,balanced
35,S2_ADL_04,2,0,0.6475171446800232,1,0.37499999999999994,A3_cost_225,142,balanced
36,S2_ADL_05,2,0,0.20675994455814362,0,0.37499999999999994,A3_cost_225,142,balanced
37,S2_ADL_06,2,0,0.2583923935890198,0,0.37499999999999994,A3_cost_225,142,balanced
38,S2_ADL_07,2,0,0.13588544726371765,0,0.37499999999999994,A3_cost_225,142,balanced
39,S2_ADL_08,2,0,0.46588531136512756,1,0.37499999999999994,A3_cost_225,142,balanced
40,S2_ADL_09,2,0,0.17183762788772583,0,0.37499999999999994,A3_cost_225,142,balanced
41,S2_ADL_10,2,0,0.3036057949066162,0,0.37499999999999994,A3_cost_225,142,balanced
42,S2_ADL_11,2,0,0.04926539957523346,0,0.37499999999999994,A3_cost_225,142,balanced
43,S2_ADL_12,2,0,0.866561233997345,1,0.37499999999999994,A3_cost_225,142,balanced
44,S2_ADL_13,2,0,0.06685986369848251,0,0.37499999999999994,A3_cost_225,142,balanced
45,S2_ADL_14,2,0,0.23197783529758453,0,0.37499999999999994,A3_cost_225,142,balanced
46,S2_ADL_15,2,0,0.07940658926963806,0,0.37499999999999994,A3_cost_225,142,balanced
47,S2_ADL_16,2,0,0.5785008072853088,1,0.37499999999999994,A3_cost_225,142,balanced
48,S2_ADL_17,2,0,0.03286875784397125,0,0.37499999999999994,A3_cost_225,142,balanced
49,S2_ADL_18,2,0,0.030702024698257446,0,0.37499999999999994,A3_cost_225,142,balanced
50,S2_ADL_19,2,0,0.25100189447402954,0,0.37499999999999994,A3_cost_225,142,balanced
51,S2_ADL_20,2,0,0.017308171838521957,0,0.37499999999999994,A3_cost_225,142,balanced
52,S2_ADL_21,2,0,0.22756709158420563,0,0.37499999999999994,A3_cost_225,142,balanced
53,S2_ADL_22,2,0,0.7259481549263,1,0.37499999999999994,A3_cost_225,142,balanced
54,S2_ADL_23,2,0,0.19451439380645752,0,0.37499999999999994,A3_cost_225,142,balanced
55,S2_FALL_01,2,1,0.9482523202896118,1,0.37499999999999994,A3_cost_225,142,balanced
56,S2_FALL_02,2,1,0.9986770749092102,1,0.37499999999999994,A3_cost_225,142,balanced
57,S2_FALL_03,2,1,0.6840428709983826,1,0.37499999999999994,A3_cost_225,142,balanced
58,S2_FALL_04,2,1,0.9982770681381226,1,0.37499999999999994,A3_cost_225,142,balanced
59,S2_FALL_05,2,1,0.958661675453186,1,0.37499999999999994,A3_cost_225,142,balanced
60,S2_FALL_06,2,1,0.9742705821990967,1,0.37499999999999994,A3_cost_225,142,balanced
61,S2_FALL_07,2,1,0.8312700390815735,1,0.37499999999999994,A3_cost_225,142,balanced
62,S2_FALL_08,2,1,0.9829884171485901,1,0.37499999999999994,A3_cost_225,142,balanced
63,S2_FALL_09,2,1,0.9947500824928284,1,0.37499999999999994,A3_cost_225,142,balanced
64,S2_FALL_10,2,1,0.9872595071792603,1,0.37499999999999994,A3_cost_225,142,balanced
65,S2_FALL_11,2,1,0.9915028810501099,1,0.37499999999999994,A3_cost_225,142,balanced
66,S2_FALL_12,2,1,0.9915621876716614,1,0.37499999999999994,A3_cost_225,142,balanced
67,S2_FALL_13,2,1,0.9539687633514404,1,0.37499999999999994,A3_cost_225,142,balanced
68,S2_FALL_14,2,1,0.891197919845581,1,0.37499999999999994,A3_cost_225,142,balanced
69,S2_FALL_15,2,1,0.7703543901443481,1,0.37499999999999994,A3_cost_225,142,balanced
70,S2_FALL_16,2,1,0.9998125433921814,1,0.37499999999999994,A3_cost_225,142,balanced
71,S2_FALL_17,2,1,0.999903678894043,1,0.37499999999999994,A3_cost_225,142,balanced
72,S2_FALL_18,2,1,0.8743998408317566,1,0.37499999999999994,A3_cost_225,142,balanced
73,S2_FALL_19,2,1,0.9233137369155884,1,0.37499999999999994,A3_cost_225,142,balanced
74,S2_FALL_20,2,1,0.9963935017585754,1,0.37499999999999994,A3_cost_225,142,balanced
75,S2_FALL_21,2,1,0.9879167079925537,1,0.37499999999999994,A3_cost_225,142,balanced
76,S2_FALL_22,2,1,0.999859094619751,1,0.37499999999999994,A3_cost_225,142,balanced
77,S2_FALL_23,2,1,0.9822524785995483,1,0.37499999999999994,A3_cost_225,142,balanced
78,S2_FALL_24,2,1,0.9979057312011719,1,0.37499999999999994,A3_cost_225,142,balanced
79,S2_FALL_25,2,1,0.9963177442550659,1,0.37499999999999994,A3_cost_225,142,balanced
32,S2_ADL_01,2,0,0.2487238496541977,0,0.27499999999999997,A3_cost_225,142,sensitivity
33,S2_ADL_02,2,0,0.2298910915851593,0,0.27499999999999997,A3_cost_225,142,sensitivity
34,S2_ADL_03,2,0,0.2643136978149414,0,0.27499999999999997,A3_cost_225,142,sensitivity
35,S2_ADL_04,2,0,0.6475171446800232,1,0.27499999999999997,A3_cost_225,142,sensitivity
36,S2_ADL_05,2,0,0.20675994455814362,0,0.27499999999999997,A3_cost_225,142,sensitivity
37,S2_ADL_06,2,0,0.2583923935890198,0,0.27499999999999997,A3_cost_225,142,sensitivity
38,S2_ADL_07,2,0,0.13588544726371765,0,0.27499999999999997,A3_cost_225,142,sensitivity
39,S2_ADL_08,2,0,0.46588531136512756,1,0.27499999999999997,A3_cost_225,142,sensitivity
40,S2_ADL_09,2,0,0.17183762788772583,0,0.27499999999999997,A3_cost_225,142,sensitivity
41,S2_ADL_10,2,0,0.3036057949066162,1,0.27499999999999997,A3_cost_225,142,sensitivity
42,S2_ADL_11,2,0,0.04926539957523346,0,0.27499999999999997,A3_cost_225,142,sensitivity
43,S2_ADL_12,2,0,0.866561233997345,1,0.27499999999999997,A3_cost_225,142,sensitivity
44,S2_ADL_13,2,0,0.06685986369848251,0,0.27499999999999997,A3_cost_225,142,sensitivity
45,S2_ADL_14,2,0,0.23197783529758453,0,0.27499999999999997,A3_cost_225,142,sensitivity
46,S2_ADL_15,2,0,0.07940658926963806,0,0.27499999999999997,A3_cost_225,142,sensitivity
47,S2_ADL_16,2,0,0.5785008072853088,1,0.27499999999999997,A3_cost_225,142,sensitivity
48,S2_ADL_17,2,0,0.03286875784397125,0,0.27499999999999997,A3_cost_225,142,sensitivity
49,S2_ADL_18,2,0,0.030702024698257446,0,0.27499999999999997,A3_cost_225,142,sensitivity
50,S2_ADL_19,2,0,0.25100189447402954,0,0.27499999999999997,A3_cost_225,142,sensitivity
51,S2_ADL_20,2,0,0.017308171838521957,0,0.27499999999999997,A3_cost_225,142,sensitivity
52,S2_ADL_21,2,0,0.22756709158420563,0,0.27499999999999997,A3_cost_225,142,sensitivity
53,S2_ADL_22,2,0,0.7259481549263,1,0.27499999999999997,A3_cost_225,142,sensitivity
54,S2_ADL_23,2,0,0.19451439380645752,0,0.27499999999999997,A3_cost_225,142,sensitivity
55,S2_FALL_01,2,1,0.9482523202896118,1,0.27499999999999997,A3_cost_225,142,sensitivity
56,S2_FALL_02,2,1,0.9986770749092102,1,0.27499999999999997,A3_cost_225,142,sensitivity
57,S2_FALL_03,2,1,0.6840428709983826,1,0.27499999999999997,A3_cost_225,142,sensitivity
58,S2_FALL_04,2,1,0.9982770681381226,1,0.27499999999999997,A3_cost_225,142,sensitivity
59,S2_FALL_05,2,1,0.958661675453186,1,0.27499999999999997,A3_cost_225,142,sensitivity
60,S2_FALL_06,2,1,0.9742705821990967,1,0.27499999999999997,A3_cost_225,142,sensitivity
61,S2_FALL_07,2,1,0.8312700390815735,1,0.27499999999999997,A3_cost_225,142,sensitivity
62,S2_FALL_08,2,1,0.9829884171485901,1,0.27499999999999997,A3_cost_225,142,sensitivity
63,S2_FALL_09,2,1,0.9947500824928284,1,0.27499999999999997,A3_cost_225,142,sensitivity
64,S2_FALL_10,2,1,0.9872595071792603,1,0.27499999999999997,A3_cost_225,142,sensitivity
65,S2_FALL_11,2,1,0.9915028810501099,1,0.27499999999999997,A3_cost_225,142,sensitivity
66,S2_FALL_12,2,1,0.9915621876716614,1,0.27499999999999997,A3_cost_225,142,sensitivity
67,S2_FALL_13,2,1,0.9539687633514404,1,0.27499999999999997,A3_cost_225,142,sensitivity
68,S2_FALL_14,2,1,0.891197919845581,1,0.27499999999999997,A3_cost_225,142,sensitivity
69,S2_FALL_15,2,1,0.7703543901443481,1,0.27499999999999997,A3_cost_225,142,sensitivity
70,S2_FALL_16,2,1,0.9998125433921814,1,0.27499999999999997,A3_cost_225,142,sensitivity
71,S2_FALL_17,2,1,0.999903678894043,1,0.27499999999999997,A3_cost_225,142,sensitivity
72,S2_FALL_18,2,1,0.8743998408317566,1,0.27499999999999997,A3_cost_225,142,sensitivity
73,S2_FALL_19,2,1,0.9233137369155884,1,0.27499999999999997,A3_cost_225,142,sensitivity
74,S2_FALL_20,2,1,0.9963935017585754,1,0.27499999999999997,A3_cost_225,142,sensitivity
75,S2_FALL_21,2,1,0.9879167079925537,1,0.27499999999999997,A3_cost_225,142,sensitivity
76,S2_FALL_22,2,1,0.999859094619751,1,0.27499999999999997,A3_cost_225,142,sensitivity
77,S2_FALL_23,2,1,0.9822524785995483,1,0.27499999999999997,A3_cost_225,142,sensitivity
78,S2_FALL_24,2,1,0.9979057312011719,1,0.27499999999999997,A3_cost_225,142,sensitivity
79,S2_FALL_25,2,1,0.9963177442550659,1,0.27499999999999997,A3_cost_225,142,sensitivity
80,S3_ADL_01,3,0,0.25784769654273987,0,0.5,A3_cost_225,142,fixed
81,S3_ADL_02,3,0,0.19041763246059418,0,0.5,A3_cost_225,142,fixed
82,S3_ADL_03,3,0,0.29710817337036133,0,0.5,A3_cost_225,142,fixed
83,S3_ADL_04,3,0,0.4170611798763275,0,0.5,A3_cost_225,142,fixed
84,S3_ADL_05,3,0,0.8538095355033875,1,0.5,A3_cost_225,142,fixed
85,S3_ADL_06,3,0,0.6089617013931274,1,0.5,A3_cost_225,142,fixed
86,S3_ADL_07,3,0,0.6159912347793579,1,0.5,A3_cost_225,142,fixed
87,S3_ADL_08,3,0,0.9740611910820007,1,0.5,A3_cost_225,142,fixed
88,S3_ADL_09,3,0,0.1546071320772171,0,0.5,A3_cost_225,142,fixed
89,S3_ADL_10,3,0,0.13087815046310425,0,0.5,A3_cost_225,142,fixed
90,S3_ADL_11,3,0,0.0032919386867433786,0,0.5,A3_cost_225,142,fixed
91,S3_ADL_12,3,0,0.12454468011856079,0,0.5,A3_cost_225,142,fixed
92,S3_ADL_13,3,0,0.13255618512630463,0,0.5,A3_cost_225,142,fixed
93,S3_ADL_14,3,0,0.5823038220405579,1,0.5,A3_cost_225,142,fixed
94,S3_ADL_15,3,0,0.13193544745445251,0,0.5,A3_cost_225,142,fixed
95,S3_ADL_16,3,0,0.13474750518798828,0,0.5,A3_cost_225,142,fixed
96,S3_ADL_17,3,0,0.21617037057876587,0,0.5,A3_cost_225,142,fixed
97,S3_ADL_18,3,0,0.0894009917974472,0,0.5,A3_cost_225,142,fixed
98,S3_ADL_19,3,0,0.14559818804264069,0,0.5,A3_cost_225,142,fixed
99,S3_ADL_20,3,0,0.3236498236656189,0,0.5,A3_cost_225,142,fixed
100,S3_ADL_21,3,0,0.38194960355758667,0,0.5,A3_cost_225,142,fixed
101,S3_ADL_22,3,0,0.14267785847187042,0,0.5,A3_cost_225,142,fixed
102,S3_FALL_01,3,1,0.9815146327018738,1,0.5,A3_cost_225,142,fixed
103,S3_FALL_02,3,1,0.9896383285522461,1,0.5,A3_cost_225,142,fixed
104,S3_FALL_03,3,1,0.9995174407958984,1,0.5,A3_cost_225,142,fixed
105,S3_FALL_04,3,1,0.9489415287971497,1,0.5,A3_cost_225,142,fixed
106,S3_FALL_05,3,1,0.996563732624054,1,0.5,A3_cost_225,142,fixed
107,S3_FALL_06,3,1,0.6502746343612671,1,0.5,A3_cost_225,142,fixed
108,S3_FALL_07,3,1,0.987316370010376,1,0.5,A3_cost_225,142,fixed
109,S3_FALL_08,3,1,0.9848896861076355,1,0.5,A3_cost_225,142,fixed
110,S3_FALL_09,3,1,0.9887675642967224,1,0.5,A3_cost_225,142,fixed
111,S3_FALL_10,3,1,0.9099551439285278,1,0.5,A3_cost_225,142,fixed
112,S3_FALL_11,3,1,0.9953314661979675,1,0.5,A3_cost_225,142,fixed
113,S3_FALL_12,3,1,0.9419634342193604,1,0.5,A3_cost_225,142,fixed
114,S3_FALL_13,3,1,0.9795748591423035,1,0.5,A3_cost_225,142,fixed
115,S3_FALL_14,3,1,0.9979711174964905,1,0.5,A3_cost_225,142,fixed
116,S3_FALL_15,3,1,0.9963696002960205,1,0.5,A3_cost_225,142,fixed
117,S3_FALL_16,3,1,0.998856782913208,1,0.5,A3_cost_225,142,fixed
118,S3_FALL_17,3,1,0.7286032438278198,1,0.5,A3_cost_225,142,fixed
119,S3_FALL_18,3,1,0.9989250302314758,1,0.5,A3_cost_225,142,fixed
120,S3_FALL_19,3,1,0.998134970664978,1,0.5,A3_cost_225,142,fixed
121,S3_FALL_20,3,1,0.9985413551330566,1,0.5,A3_cost_225,142,fixed
122,S3_FALL_21,3,1,0.9976293444633484,1,0.5,A3_cost_225,142,fixed
80,S3_ADL_01,3,0,0.25784769654273987,0,0.475,A3_cost_225,142,balanced
81,S3_ADL_02,3,0,0.19041763246059418,0,0.475,A3_cost_225,142,balanced
82,S3_ADL_03,3,0,0.29710817337036133,0,0.475,A3_cost_225,142,balanced
83,S3_ADL_04,3,0,0.4170611798763275,0,0.475,A3_cost_225,142,balanced
84,S3_ADL_05,3,0,0.8538095355033875,1,0.475,A3_cost_225,142,balanced
85,S3_ADL_06,3,0,0.6089617013931274,1,0.475,A3_cost_225,142,balanced
86,S3_ADL_07,3,0,0.6159912347793579,1,0.475,A3_cost_225,142,balanced
87,S3_ADL_08,3,0,0.9740611910820007,1,0.475,A3_cost_225,142,balanced
88,S3_ADL_09,3,0,0.1546071320772171,0,0.475,A3_cost_225,142,balanced
89,S3_ADL_10,3,0,0.13087815046310425,0,0.475,A3_cost_225,142,balanced
90,S3_ADL_11,3,0,0.0032919386867433786,0,0.475,A3_cost_225,142,balanced
91,S3_ADL_12,3,0,0.12454468011856079,0,0.475,A3_cost_225,142,balanced
92,S3_ADL_13,3,0,0.13255618512630463,0,0.475,A3_cost_225,142,balanced
93,S3_ADL_14,3,0,0.5823038220405579,1,0.475,A3_cost_225,142,balanced
94,S3_ADL_15,3,0,0.13193544745445251,0,0.475,A3_cost_225,142,balanced
95,S3_ADL_16,3,0,0.13474750518798828,0,0.475,A3_cost_225,142,balanced
96,S3_ADL_17,3,0,0.21617037057876587,0,0.475,A3_cost_225,142,balanced
97,S3_ADL_18,3,0,0.0894009917974472,0,0.475,A3_cost_225,142,balanced
98,S3_ADL_19,3,0,0.14559818804264069,0,0.475,A3_cost_225,142,balanced
99,S3_ADL_20,3,0,0.3236498236656189,0,0.475,A3_cost_225,142,balanced
100,S3_ADL_21,3,0,0.38194960355758667,0,0.475,A3_cost_225,142,balanced
101,S3_ADL_22,3,0,0.14267785847187042,0,0.475,A3_cost_225,142,balanced
102,S3_FALL_01,3,1,0.9815146327018738,1,0.475,A3_cost_225,142,balanced
103,S3_FALL_02,3,1,0.9896383285522461,1,0.475,A3_cost_225,142,balanced
104,S3_FALL_03,3,1,0.9995174407958984,1,0.475,A3_cost_225,142,balanced
105,S3_FALL_04,3,1,0.9489415287971497,1,0.475,A3_cost_225,142,balanced
106,S3_FALL_05,3,1,0.996563732624054,1,0.475,A3_cost_225,142,balanced
107,S3_FALL_06,3,1,0.6502746343612671,1,0.475,A3_cost_225,142,balanced
108,S3_FALL_07,3,1,0.987316370010376,1,0.475,A3_cost_225,142,balanced
109,S3_FALL_08,3,1,0.9848896861076355,1,0.475,A3_cost_225,142,balanced
110,S3_FALL_09,3,1,0.9887675642967224,1,0.475,A3_cost_225,142,balanced
111,S3_FALL_10,3,1,0.9099551439285278,1,0.475,A3_cost_225,142,balanced
112,S3_FALL_11,3,1,0.9953314661979675,1,0.475,A3_cost_225,142,balanced
113,S3_FALL_12,3,1,0.9419634342193604,1,0.475,A3_cost_225,142,balanced
114,S3_FALL_13,3,1,0.9795748591423035,1,0.475,A3_cost_225,142,balanced
115,S3_FALL_14,3,1,0.9979711174964905,1,0.475,A3_cost_225,142,balanced
116,S3_FALL_15,3,1,0.9963696002960205,1,0.475,A3_cost_225,142,balanced
117,S3_FALL_16,3,1,0.998856782913208,1,0.475,A3_cost_225,142,balanced
118,S3_FALL_17,3,1,0.7286032438278198,1,0.475,A3_cost_225,142,balanced
119,S3_FALL_18,3,1,0.9989250302314758,1,0.475,A3_cost_225,142,balanced
120,S3_FALL_19,3,1,0.998134970664978,1,0.475,A3_cost_225,142,balanced
121,S3_FALL_20,3,1,0.9985413551330566,1,0.475,A3_cost_225,142,balanced
122,S3_FALL_21,3,1,0.9976293444633484,1,0.475,A3_cost_225,142,balanced
80,S3_ADL_01,3,0,0.25784769654273987,1,0.2,A3_cost_225,142,sensitivity
81,S3_ADL_02,3,0,0.19041763246059418,0,0.2,A3_cost_225,142,sensitivity
82,S3_ADL_03,3,0,0.29710817337036133,1,0.2,A3_cost_225,142,sensitivity
83,S3_ADL_04,3,0,0.4170611798763275,1,0.2,A3_cost_225,142,sensitivity
84,S3_ADL_05,3,0,0.8538095355033875,1,0.2,A3_cost_225,142,sensitivity
85,S3_ADL_06,3,0,0.6089617013931274,1,0.2,A3_cost_225,142,sensitivity
86,S3_ADL_07,3,0,0.6159912347793579,1,0.2,A3_cost_225,142,sensitivity
87,S3_ADL_08,3,0,0.9740611910820007,1,0.2,A3_cost_225,142,sensitivity
88,S3_ADL_09,3,0,0.1546071320772171,0,0.2,A3_cost_225,142,sensitivity
89,S3_ADL_10,3,0,0.13087815046310425,0,0.2,A3_cost_225,142,sensitivity
90,S3_ADL_11,3,0,0.0032919386867433786,0,0.2,A3_cost_225,142,sensitivity
91,S3_ADL_12,3,0,0.12454468011856079,0,0.2,A3_cost_225,142,sensitivity
92,S3_ADL_13,3,0,0.13255618512630463,0,0.2,A3_cost_225,142,sensitivity
93,S3_ADL_14,3,0,0.5823038220405579,1,0.2,A3_cost_225,142,sensitivity
94,S3_ADL_15,3,0,0.13193544745445251,0,0.2,A3_cost_225,142,sensitivity
95,S3_ADL_16,3,0,0.13474750518798828,0,0.2,A3_cost_225,142,sensitivity
96,S3_ADL_17,3,0,0.21617037057876587,1,0.2,A3_cost_225,142,sensitivity
97,S3_ADL_18,3,0,0.0894009917974472,0,0.2,A3_cost_225,142,sensitivity
98,S3_ADL_19,3,0,0.14559818804264069,0,0.2,A3_cost_225,142,sensitivity
99,S3_ADL_20,3,0,0.3236498236656189,1,0.2,A3_cost_225,142,sensitivity
100,S3_ADL_21,3,0,0.38194960355758667,1,0.2,A3_cost_225,142,sensitivity
101,S3_ADL_22,3,0,0.14267785847187042,0,0.2,A3_cost_225,142,sensitivity
102,S3_FALL_01,3,1,0.9815146327018738,1,0.2,A3_cost_225,142,sensitivity
103,S3_FALL_02,3,1,0.9896383285522461,1,0.2,A3_cost_225,142,sensitivity
104,S3_FALL_03,3,1,0.9995174407958984,1,0.2,A3_cost_225,142,sensitivity
105,S3_FALL_04,3,1,0.9489415287971497,1,0.2,A3_cost_225,142,sensitivity
106,S3_FALL_05,3,1,0.996563732624054,1,0.2,A3_cost_225,142,sensitivity
107,S3_FALL_06,3,1,0.6502746343612671,1,0.2,A3_cost_225,142,sensitivity
108,S3_FALL_07,3,1,0.987316370010376,1,0.2,A3_cost_225,142,sensitivity
109,S3_FALL_08,3,1,0.9848896861076355,1,0.2,A3_cost_225,142,sensitivity
110,S3_FALL_09,3,1,0.9887675642967224,1,0.2,A3_cost_225,142,sensitivity
111,S3_FALL_10,3,1,0.9099551439285278,1,0.2,A3_cost_225,142,sensitivity
112,S3_FALL_11,3,1,0.9953314661979675,1,0.2,A3_cost_225,142,sensitivity
113,S3_FALL_12,3,1,0.9419634342193604,1,0.2,A3_cost_225,142,sensitivity
114,S3_FALL_13,3,1,0.9795748591423035,1,0.2,A3_cost_225,142,sensitivity
115,S3_FALL_14,3,1,0.9979711174964905,1,0.2,A3_cost_225,142,sensitivity
116,S3_FALL_15,3,1,0.9963696002960205,1,0.2,A3_cost_225,142,sensitivity
117,S3_FALL_16,3,1,0.998856782913208,1,0.2,A3_cost_225,142,sensitivity
118,S3_FALL_17,3,1,0.7286032438278198,1,0.2,A3_cost_225,142,sensitivity
119,S3_FALL_18,3,1,0.9989250302314758,1,0.2,A3_cost_225,142,sensitivity
120,S3_FALL_19,3,1,0.998134970664978,1,0.2,A3_cost_225,142,sensitivity
121,S3_FALL_20,3,1,0.9985413551330566,1,0.2,A3_cost_225,142,sensitivity
122,S3_FALL_21,3,1,0.9976293444633484,1,0.2,A3_cost_225,142,sensitivity
123,S4_ADL_01,4,0,0.009344737976789474,0,0.5,A3_cost_225,142,fixed
124,S4_ADL_02,4,0,0.013205560855567455,0,0.5,A3_cost_225,142,fixed
125,S4_ADL_03,4,0,0.04662150889635086,0,0.5,A3_cost_225,142,fixed
126,S4_ADL_04,4,0,0.015538644045591354,0,0.5,A3_cost_225,142,fixed
127,S4_ADL_05,4,0,0.9982632994651794,1,0.5,A3_cost_225,142,fixed
128,S4_ADL_06,4,0,0.9717308282852173,1,0.5,A3_cost_225,142,fixed
129,S4_ADL_07,4,0,0.4662582576274872,0,0.5,A3_cost_225,142,fixed
130,S4_ADL_08,4,0,0.0040848893113434315,0,0.5,A3_cost_225,142,fixed
131,S4_ADL_09,4,0,0.05185139924287796,0,0.5,A3_cost_225,142,fixed
132,S4_ADL_10,4,0,0.3510110676288605,0,0.5,A3_cost_225,142,fixed
133,S4_ADL_11,4,0,0.009240413084626198,0,0.5,A3_cost_225,142,fixed
134,S4_ADL_12,4,0,0.01209269929677248,0,0.5,A3_cost_225,142,fixed
135,S4_ADL_13,4,0,0.02055276371538639,0,0.5,A3_cost_225,142,fixed
136,S4_ADL_14,4,0,0.00934941228479147,0,0.5,A3_cost_225,142,fixed
137,S4_ADL_15,4,0,0.07485076040029526,0,0.5,A3_cost_225,142,fixed
138,S4_ADL_16,4,0,0.23172546923160553,0,0.5,A3_cost_225,142,fixed
139,S4_ADL_17,4,0,0.006442297715693712,0,0.5,A3_cost_225,142,fixed
140,S4_ADL_18,4,0,0.008848501369357109,0,0.5,A3_cost_225,142,fixed
141,S4_ADL_19,4,0,0.09146512299776077,0,0.5,A3_cost_225,142,fixed
142,S4_ADL_20,4,0,0.014756818301975727,0,0.5,A3_cost_225,142,fixed
143,S4_FALL_01,4,1,0.9924840331077576,1,0.5,A3_cost_225,142,fixed
144,S4_FALL_02,4,1,0.33312880992889404,0,0.5,A3_cost_225,142,fixed
145,S4_FALL_03,4,1,0.9997134804725647,1,0.5,A3_cost_225,142,fixed
146,S4_FALL_04,4,1,0.9999674558639526,1,0.5,A3_cost_225,142,fixed
147,S4_FALL_05,4,1,0.05864381045103073,0,0.5,A3_cost_225,142,fixed
148,S4_FALL_06,4,1,0.9248180389404297,1,0.5,A3_cost_225,142,fixed
149,S4_FALL_07,4,1,0.9995482563972473,1,0.5,A3_cost_225,142,fixed
150,S4_FALL_08,4,1,0.9995852112770081,1,0.5,A3_cost_225,142,fixed
151,S4_FALL_09,4,1,0.7059223055839539,1,0.5,A3_cost_225,142,fixed
152,S4_FALL_10,4,1,0.9979391694068909,1,0.5,A3_cost_225,142,fixed
153,S4_FALL_11,4,1,0.9999982118606567,1,0.5,A3_cost_225,142,fixed
154,S4_FALL_12,4,1,0.9818198680877686,1,0.5,A3_cost_225,142,fixed
155,S4_FALL_13,4,1,0.11462912708520889,0,0.5,A3_cost_225,142,fixed
156,S4_FALL_14,4,1,0.9902543425559998,1,0.5,A3_cost_225,142,fixed
157,S4_FALL_15,4,1,0.9999996423721313,1,0.5,A3_cost_225,142,fixed
158,S4_FALL_16,4,1,0.9997898936271667,1,0.5,A3_cost_225,142,fixed
159,S4_FALL_17,4,1,0.9333386421203613,1,0.5,A3_cost_225,142,fixed
123,S4_ADL_01,4,0,0.009344737976789474,0,0.725,A3_cost_225,142,balanced
124,S4_ADL_02,4,0,0.013205560855567455,0,0.725,A3_cost_225,142,balanced
125,S4_ADL_03,4,0,0.04662150889635086,0,0.725,A3_cost_225,142,balanced
126,S4_ADL_04,4,0,0.015538644045591354,0,0.725,A3_cost_225,142,balanced
127,S4_ADL_05,4,0,0.9982632994651794,1,0.725,A3_cost_225,142,balanced
128,S4_ADL_06,4,0,0.9717308282852173,1,0.725,A3_cost_225,142,balanced
129,S4_ADL_07,4,0,0.4662582576274872,0,0.725,A3_cost_225,142,balanced
130,S4_ADL_08,4,0,0.0040848893113434315,0,0.725,A3_cost_225,142,balanced
131,S4_ADL_09,4,0,0.05185139924287796,0,0.725,A3_cost_225,142,balanced
132,S4_ADL_10,4,0,0.3510110676288605,0,0.725,A3_cost_225,142,balanced
133,S4_ADL_11,4,0,0.009240413084626198,0,0.725,A3_cost_225,142,balanced
134,S4_ADL_12,4,0,0.01209269929677248,0,0.725,A3_cost_225,142,balanced
135,S4_ADL_13,4,0,0.02055276371538639,0,0.725,A3_cost_225,142,balanced
136,S4_ADL_14,4,0,0.00934941228479147,0,0.725,A3_cost_225,142,balanced
137,S4_ADL_15,4,0,0.07485076040029526,0,0.725,A3_cost_225,142,balanced
138,S4_ADL_16,4,0,0.23172546923160553,0,0.725,A3_cost_225,142,balanced
139,S4_ADL_17,4,0,0.006442297715693712,0,0.725,A3_cost_225,142,balanced
140,S4_ADL_18,4,0,0.008848501369357109,0,0.725,A3_cost_225,142,balanced
141,S4_ADL_19,4,0,0.09146512299776077,0,0.725,A3_cost_225,142,balanced
142,S4_ADL_20,4,0,0.014756818301975727,0,0.725,A3_cost_225,142,balanced
143,S4_FALL_01,4,1,0.9924840331077576,1,0.725,A3_cost_225,142,balanced
144,S4_FALL_02,4,1,0.33312880992889404,0,0.725,A3_cost_225,142,balanced
145,S4_FALL_03,4,1,0.9997134804725647,1,0.725,A3_cost_225,142,balanced
146,S4_FALL_04,4,1,0.9999674558639526,1,0.725,A3_cost_225,142,balanced
147,S4_FALL_05,4,1,0.05864381045103073,0,0.725,A3_cost_225,142,balanced
148,S4_FALL_06,4,1,0.9248180389404297,1,0.725,A3_cost_225,142,balanced
149,S4_FALL_07,4,1,0.9995482563972473,1,0.725,A3_cost_225,142,balanced
150,S4_FALL_08,4,1,0.9995852112770081,1,0.725,A3_cost_225,142,balanced
151,S4_FALL_09,4,1,0.7059223055839539,0,0.725,A3_cost_225,142,balanced
152,S4_FALL_10,4,1,0.9979391694068909,1,0.725,A3_cost_225,142,balanced
153,S4_FALL_11,4,1,0.9999982118606567,1,0.725,A3_cost_225,142,balanced
154,S4_FALL_12,4,1,0.9818198680877686,1,0.725,A3_cost_225,142,balanced
155,S4_FALL_13,4,1,0.11462912708520889,0,0.725,A3_cost_225,142,balanced
156,S4_FALL_14,4,1,0.9902543425559998,1,0.725,A3_cost_225,142,balanced
157,S4_FALL_15,4,1,0.9999996423721313,1,0.725,A3_cost_225,142,balanced
158,S4_FALL_16,4,1,0.9997898936271667,1,0.725,A3_cost_225,142,balanced
159,S4_FALL_17,4,1,0.9333386421203613,1,0.725,A3_cost_225,142,balanced
123,S4_ADL_01,4,0,0.009344737976789474,0,0.725,A3_cost_225,142,sensitivity
124,S4_ADL_02,4,0,0.013205560855567455,0,0.725,A3_cost_225,142,sensitivity
125,S4_ADL_03,4,0,0.04662150889635086,0,0.725,A3_cost_225,142,sensitivity
126,S4_ADL_04,4,0,0.015538644045591354,0,0.725,A3_cost_225,142,sensitivity
127,S4_ADL_05,4,0,0.9982632994651794,1,0.725,A3_cost_225,142,sensitivity
128,S4_ADL_06,4,0,0.9717308282852173,1,0.725,A3_cost_225,142,sensitivity
129,S4_ADL_07,4,0,0.4662582576274872,0,0.725,A3_cost_225,142,sensitivity
130,S4_ADL_08,4,0,0.0040848893113434315,0,0.725,A3_cost_225,142,sensitivity
131,S4_ADL_09,4,0,0.05185139924287796,0,0.725,A3_cost_225,142,sensitivity
132,S4_ADL_10,4,0,0.3510110676288605,0,0.725,A3_cost_225,142,sensitivity
133,S4_ADL_11,4,0,0.009240413084626198,0,0.725,A3_cost_225,142,sensitivity
134,S4_ADL_12,4,0,0.01209269929677248,0,0.725,A3_cost_225,142,sensitivity
135,S4_ADL_13,4,0,0.02055276371538639,0,0.725,A3_cost_225,142,sensitivity
136,S4_ADL_14,4,0,0.00934941228479147,0,0.725,A3_cost_225,142,sensitivity
137,S4_ADL_15,4,0,0.07485076040029526,0,0.725,A3_cost_225,142,sensitivity
138,S4_ADL_16,4,0,0.23172546923160553,0,0.725,A3_cost_225,142,sensitivity
139,S4_ADL_17,4,0,0.006442297715693712,0,0.725,A3_cost_225,142,sensitivity
140,S4_ADL_18,4,0,0.008848501369357109,0,0.725,A3_cost_225,142,sensitivity
141,S4_ADL_19,4,0,0.09146512299776077,0,0.725,A3_cost_225,142,sensitivity
142,S4_ADL_20,4,0,0.014756818301975727,0,0.725,A3_cost_225,142,sensitivity
143,S4_FALL_01,4,1,0.9924840331077576,1,0.725,A3_cost_225,142,sensitivity
144,S4_FALL_02,4,1,0.33312880992889404,0,0.725,A3_cost_225,142,sensitivity
145,S4_FALL_03,4,1,0.9997134804725647,1,0.725,A3_cost_225,142,sensitivity
146,S4_FALL_04,4,1,0.9999674558639526,1,0.725,A3_cost_225,142,sensitivity
147,S4_FALL_05,4,1,0.05864381045103073,0,0.725,A3_cost_225,142,sensitivity
148,S4_FALL_06,4,1,0.9248180389404297,1,0.725,A3_cost_225,142,sensitivity
149,S4_FALL_07,4,1,0.9995482563972473,1,0.725,A3_cost_225,142,sensitivity
150,S4_FALL_08,4,1,0.9995852112770081,1,0.725,A3_cost_225,142,sensitivity
151,S4_FALL_09,4,1,0.7059223055839539,0,0.725,A3_cost_225,142,sensitivity
152,S4_FALL_10,4,1,0.9979391694068909,1,0.725,A3_cost_225,142,sensitivity
153,S4_FALL_11,4,1,0.9999982118606567,1,0.725,A3_cost_225,142,sensitivity
154,S4_FALL_12,4,1,0.9818198680877686,1,0.725,A3_cost_225,142,sensitivity
155,S4_FALL_13,4,1,0.11462912708520889,0,0.725,A3_cost_225,142,sensitivity
156,S4_FALL_14,4,1,0.9902543425559998,1,0.725,A3_cost_225,142,sensitivity
157,S4_FALL_15,4,1,0.9999996423721313,1,0.725,A3_cost_225,142,sensitivity
158,S4_FALL_16,4,1,0.9997898936271667,1,0.725,A3_cost_225,142,sensitivity
159,S4_FALL_17,4,1,0.9333386421203613,1,0.725,A3_cost_225,142,sensitivity
0,S1_ADL_01,1,0,0.8848718404769897,1,0.5,A3_cost_225,242,fixed
1,S1_ADL_02,1,0,0.8696753978729248,1,0.5,A3_cost_225,242,fixed
2,S1_ADL_03,1,0,0.9437462091445923,1,0.5,A3_cost_225,242,fixed
3,S1_ADL_04,1,0,0.04323534667491913,0,0.5,A3_cost_225,242,fixed
4,S1_ADL_05,1,0,0.0504722073674202,0,0.5,A3_cost_225,242,fixed
5,S1_ADL_06,1,0,0.01799013465642929,0,0.5,A3_cost_225,242,fixed
6,S1_ADL_07,1,0,0.026772063225507736,0,0.5,A3_cost_225,242,fixed
7,S1_ADL_08,1,0,0.011174879968166351,0,0.5,A3_cost_225,242,fixed
8,S1_ADL_09,1,0,0.021704841405153275,0,0.5,A3_cost_225,242,fixed
9,S1_ADL_10,1,0,0.006416144780814648,0,0.5,A3_cost_225,242,fixed
10,S1_ADL_11,1,0,0.00582796661183238,0,0.5,A3_cost_225,242,fixed
11,S1_ADL_12,1,0,0.03576494753360748,0,0.5,A3_cost_225,242,fixed
12,S1_ADL_13,1,0,0.02346843108534813,0,0.5,A3_cost_225,242,fixed
13,S1_ADL_14,1,0,0.01790478825569153,0,0.5,A3_cost_225,242,fixed
14,S1_ADL_15,1,0,0.019034331664443016,0,0.5,A3_cost_225,242,fixed
15,S1_ADL_16,1,0,0.11245142668485641,0,0.5,A3_cost_225,242,fixed
16,S1_FALL_01,1,1,0.9978677034378052,1,0.5,A3_cost_225,242,fixed
17,S1_FALL_02,1,1,0.9999624490737915,1,0.5,A3_cost_225,242,fixed
18,S1_FALL_03,1,1,0.9993157386779785,1,0.5,A3_cost_225,242,fixed
19,S1_FALL_04,1,1,0.9988131523132324,1,0.5,A3_cost_225,242,fixed
20,S1_FALL_05,1,1,0.998580813407898,1,0.5,A3_cost_225,242,fixed
21,S1_FALL_06,1,1,0.997665286064148,1,0.5,A3_cost_225,242,fixed
22,S1_FALL_07,1,1,0.9961708188056946,1,0.5,A3_cost_225,242,fixed
23,S1_FALL_08,1,1,0.9998875856399536,1,0.5,A3_cost_225,242,fixed
24,S1_FALL_09,1,1,0.9997207522392273,1,0.5,A3_cost_225,242,fixed
25,S1_FALL_10,1,1,0.9982522130012512,1,0.5,A3_cost_225,242,fixed
26,S1_FALL_11,1,1,0.969708263874054,1,0.5,A3_cost_225,242,fixed
27,S1_FALL_12,1,1,0.9800655245780945,1,0.5,A3_cost_225,242,fixed
28,S1_FALL_13,1,1,0.7642424702644348,1,0.5,A3_cost_225,242,fixed
29,S1_FALL_14,1,1,0.905522346496582,1,0.5,A3_cost_225,242,fixed
30,S1_FALL_15,1,1,0.9565741419792175,1,0.5,A3_cost_225,242,fixed
31,S1_FALL_16,1,1,0.9958894848823547,1,0.5,A3_cost_225,242,fixed
0,S1_ADL_01,1,0,0.8848718404769897,1,0.35,A3_cost_225,242,balanced
1,S1_ADL_02,1,0,0.8696753978729248,1,0.35,A3_cost_225,242,balanced
2,S1_ADL_03,1,0,0.9437462091445923,1,0.35,A3_cost_225,242,balanced
3,S1_ADL_04,1,0,0.04323534667491913,0,0.35,A3_cost_225,242,balanced
4,S1_ADL_05,1,0,0.0504722073674202,0,0.35,A3_cost_225,242,balanced
5,S1_ADL_06,1,0,0.01799013465642929,0,0.35,A3_cost_225,242,balanced
6,S1_ADL_07,1,0,0.026772063225507736,0,0.35,A3_cost_225,242,balanced
7,S1_ADL_08,1,0,0.011174879968166351,0,0.35,A3_cost_225,242,balanced
8,S1_ADL_09,1,0,0.021704841405153275,0,0.35,A3_cost_225,242,balanced
9,S1_ADL_10,1,0,0.006416144780814648,0,0.35,A3_cost_225,242,balanced
10,S1_ADL_11,1,0,0.00582796661183238,0,0.35,A3_cost_225,242,balanced
11,S1_ADL_12,1,0,0.03576494753360748,0,0.35,A3_cost_225,242,balanced
12,S1_ADL_13,1,0,0.02346843108534813,0,0.35,A3_cost_225,242,balanced
13,S1_ADL_14,1,0,0.01790478825569153,0,0.35,A3_cost_225,242,balanced
14,S1_ADL_15,1,0,0.019034331664443016,0,0.35,A3_cost_225,242,balanced
15,S1_ADL_16,1,0,0.11245142668485641,0,0.35,A3_cost_225,242,balanced
16,S1_FALL_01,1,1,0.9978677034378052,1,0.35,A3_cost_225,242,balanced
17,S1_FALL_02,1,1,0.9999624490737915,1,0.35,A3_cost_225,242,balanced
18,S1_FALL_03,1,1,0.9993157386779785,1,0.35,A3_cost_225,242,balanced
19,S1_FALL_04,1,1,0.9988131523132324,1,0.35,A3_cost_225,242,balanced
20,S1_FALL_05,1,1,0.998580813407898,1,0.35,A3_cost_225,242,balanced
21,S1_FALL_06,1,1,0.997665286064148,1,0.35,A3_cost_225,242,balanced
22,S1_FALL_07,1,1,0.9961708188056946,1,0.35,A3_cost_225,242,balanced
23,S1_FALL_08,1,1,0.9998875856399536,1,0.35,A3_cost_225,242,balanced
24,S1_FALL_09,1,1,0.9997207522392273,1,0.35,A3_cost_225,242,balanced
25,S1_FALL_10,1,1,0.9982522130012512,1,0.35,A3_cost_225,242,balanced
26,S1_FALL_11,1,1,0.969708263874054,1,0.35,A3_cost_225,242,balanced
27,S1_FALL_12,1,1,0.9800655245780945,1,0.35,A3_cost_225,242,balanced
28,S1_FALL_13,1,1,0.7642424702644348,1,0.35,A3_cost_225,242,balanced
29,S1_FALL_14,1,1,0.905522346496582,1,0.35,A3_cost_225,242,balanced
30,S1_FALL_15,1,1,0.9565741419792175,1,0.35,A3_cost_225,242,balanced
31,S1_FALL_16,1,1,0.9958894848823547,1,0.35,A3_cost_225,242,balanced
0,S1_ADL_01,1,0,0.8848718404769897,1,0.35,A3_cost_225,242,sensitivity
1,S1_ADL_02,1,0,0.8696753978729248,1,0.35,A3_cost_225,242,sensitivity
2,S1_ADL_03,1,0,0.9437462091445923,1,0.35,A3_cost_225,242,sensitivity
3,S1_ADL_04,1,0,0.04323534667491913,0,0.35,A3_cost_225,242,sensitivity
4,S1_ADL_05,1,0,0.0504722073674202,0,0.35,A3_cost_225,242,sensitivity
5,S1_ADL_06,1,0,0.01799013465642929,0,0.35,A3_cost_225,242,sensitivity
6,S1_ADL_07,1,0,0.026772063225507736,0,0.35,A3_cost_225,242,sensitivity
7,S1_ADL_08,1,0,0.011174879968166351,0,0.35,A3_cost_225,242,sensitivity
8,S1_ADL_09,1,0,0.021704841405153275,0,0.35,A3_cost_225,242,sensitivity
9,S1_ADL_10,1,0,0.006416144780814648,0,0.35,A3_cost_225,242,sensitivity
10,S1_ADL_11,1,0,0.00582796661183238,0,0.35,A3_cost_225,242,sensitivity
11,S1_ADL_12,1,0,0.03576494753360748,0,0.35,A3_cost_225,242,sensitivity
12,S1_ADL_13,1,0,0.02346843108534813,0,0.35,A3_cost_225,242,sensitivity
13,S1_ADL_14,1,0,0.01790478825569153,0,0.35,A3_cost_225,242,sensitivity
14,S1_ADL_15,1,0,0.019034331664443016,0,0.35,A3_cost_225,242,sensitivity
15,S1_ADL_16,1,0,0.11245142668485641,0,0.35,A3_cost_225,242,sensitivity
16,S1_FALL_01,1,1,0.9978677034378052,1,0.35,A3_cost_225,242,sensitivity
17,S1_FALL_02,1,1,0.9999624490737915,1,0.35,A3_cost_225,242,sensitivity
18,S1_FALL_03,1,1,0.9993157386779785,1,0.35,A3_cost_225,242,sensitivity
19,S1_FALL_04,1,1,0.9988131523132324,1,0.35,A3_cost_225,242,sensitivity
20,S1_FALL_05,1,1,0.998580813407898,1,0.35,A3_cost_225,242,sensitivity
21,S1_FALL_06,1,1,0.997665286064148,1,0.35,A3_cost_225,242,sensitivity
22,S1_FALL_07,1,1,0.9961708188056946,1,0.35,A3_cost_225,242,sensitivity
23,S1_FALL_08,1,1,0.9998875856399536,1,0.35,A3_cost_225,242,sensitivity
24,S1_FALL_09,1,1,0.9997207522392273,1,0.35,A3_cost_225,242,sensitivity
25,S1_FALL_10,1,1,0.9982522130012512,1,0.35,A3_cost_225,242,sensitivity
26,S1_FALL_11,1,1,0.969708263874054,1,0.35,A3_cost_225,242,sensitivity
27,S1_FALL_12,1,1,0.9800655245780945,1,0.35,A3_cost_225,242,sensitivity
28,S1_FALL_13,1,1,0.7642424702644348,1,0.35,A3_cost_225,242,sensitivity
29,S1_FALL_14,1,1,0.905522346496582,1,0.35,A3_cost_225,242,sensitivity
30,S1_FALL_15,1,1,0.9565741419792175,1,0.35,A3_cost_225,242,sensitivity
31,S1_FALL_16,1,1,0.9958894848823547,1,0.35,A3_cost_225,242,sensitivity
32,S2_ADL_01,2,0,0.0845380425453186,0,0.5,A3_cost_225,242,fixed
33,S2_ADL_02,2,0,0.008807328529655933,0,0.5,A3_cost_225,242,fixed
34,S2_ADL_03,2,0,0.7486208081245422,1,0.5,A3_cost_225,242,fixed
35,S2_ADL_04,2,0,0.06403042376041412,0,0.5,A3_cost_225,242,fixed
36,S2_ADL_05,2,0,0.055541448295116425,0,0.5,A3_cost_225,242,fixed
37,S2_ADL_06,2,0,0.0167374350130558,0,0.5,A3_cost_225,242,fixed
38,S2_ADL_07,2,0,0.004815802909433842,0,0.5,A3_cost_225,242,fixed
39,S2_ADL_08,2,0,0.3377734422683716,0,0.5,A3_cost_225,242,fixed
40,S2_ADL_09,2,0,0.4575015604496002,0,0.5,A3_cost_225,242,fixed
41,S2_ADL_10,2,0,0.1389247179031372,0,0.5,A3_cost_225,242,fixed
42,S2_ADL_11,2,0,0.002995984861627221,0,0.5,A3_cost_225,242,fixed
43,S2_ADL_12,2,0,0.8232772946357727,1,0.5,A3_cost_225,242,fixed
44,S2_ADL_13,2,0,0.5022668838500977,1,0.5,A3_cost_225,242,fixed
45,S2_ADL_14,2,0,0.7946316599845886,1,0.5,A3_cost_225,242,fixed
46,S2_ADL_15,2,0,0.01231272704899311,0,0.5,A3_cost_225,242,fixed
47,S2_ADL_16,2,0,0.39770179986953735,0,0.5,A3_cost_225,242,fixed
48,S2_ADL_17,2,0,0.016752280294895172,0,0.5,A3_cost_225,242,fixed
49,S2_ADL_18,2,0,0.008320088498294353,0,0.5,A3_cost_225,242,fixed
50,S2_ADL_19,2,0,0.7544603943824768,1,0.5,A3_cost_225,242,fixed
51,S2_ADL_20,2,0,0.02419218420982361,0,0.5,A3_cost_225,242,fixed
52,S2_ADL_21,2,0,0.1442670226097107,0,0.5,A3_cost_225,242,fixed
53,S2_ADL_22,2,0,0.9408634901046753,1,0.5,A3_cost_225,242,fixed
54,S2_ADL_23,2,0,0.008662544190883636,0,0.5,A3_cost_225,242,fixed
55,S2_FALL_01,2,1,0.9020399451255798,1,0.5,A3_cost_225,242,fixed
56,S2_FALL_02,2,1,0.9994643330574036,1,0.5,A3_cost_225,242,fixed
57,S2_FALL_03,2,1,0.8921740055084229,1,0.5,A3_cost_225,242,fixed
58,S2_FALL_04,2,1,0.9973480701446533,1,0.5,A3_cost_225,242,fixed
59,S2_FALL_05,2,1,0.9985111355781555,1,0.5,A3_cost_225,242,fixed
60,S2_FALL_06,2,1,0.9796140789985657,1,0.5,A3_cost_225,242,fixed
61,S2_FALL_07,2,1,0.9011794328689575,1,0.5,A3_cost_225,242,fixed
62,S2_FALL_08,2,1,0.8741301894187927,1,0.5,A3_cost_225,242,fixed
63,S2_FALL_09,2,1,0.9910049438476562,1,0.5,A3_cost_225,242,fixed
64,S2_FALL_10,2,1,0.999444305896759,1,0.5,A3_cost_225,242,fixed
65,S2_FALL_11,2,1,0.995439350605011,1,0.5,A3_cost_225,242,fixed
66,S2_FALL_12,2,1,0.9874339699745178,1,0.5,A3_cost_225,242,fixed
67,S2_FALL_13,2,1,0.9930521249771118,1,0.5,A3_cost_225,242,fixed
68,S2_FALL_14,2,1,0.8843507170677185,1,0.5,A3_cost_225,242,fixed
69,S2_FALL_15,2,1,0.9240065217018127,1,0.5,A3_cost_225,242,fixed
70,S2_FALL_16,2,1,0.9992296695709229,1,0.5,A3_cost_225,242,fixed
71,S2_FALL_17,2,1,0.9994346499443054,1,0.5,A3_cost_225,242,fixed
72,S2_FALL_18,2,1,0.8742599487304688,1,0.5,A3_cost_225,242,fixed
73,S2_FALL_19,2,1,0.9849640727043152,1,0.5,A3_cost_225,242,fixed
74,S2_FALL_20,2,1,0.9898874163627625,1,0.5,A3_cost_225,242,fixed
75,S2_FALL_21,2,1,0.9929486513137817,1,0.5,A3_cost_225,242,fixed
76,S2_FALL_22,2,1,0.9996215105056763,1,0.5,A3_cost_225,242,fixed
77,S2_FALL_23,2,1,0.9905230402946472,1,0.5,A3_cost_225,242,fixed
78,S2_FALL_24,2,1,0.9930522441864014,1,0.5,A3_cost_225,242,fixed
79,S2_FALL_25,2,1,0.9863611459732056,1,0.5,A3_cost_225,242,fixed
32,S2_ADL_01,2,0,0.0845380425453186,0,0.3,A3_cost_225,242,balanced
33,S2_ADL_02,2,0,0.008807328529655933,0,0.3,A3_cost_225,242,balanced
34,S2_ADL_03,2,0,0.7486208081245422,1,0.3,A3_cost_225,242,balanced
35,S2_ADL_04,2,0,0.06403042376041412,0,0.3,A3_cost_225,242,balanced
36,S2_ADL_05,2,0,0.055541448295116425,0,0.3,A3_cost_225,242,balanced
37,S2_ADL_06,2,0,0.0167374350130558,0,0.3,A3_cost_225,242,balanced
38,S2_ADL_07,2,0,0.004815802909433842,0,0.3,A3_cost_225,242,balanced
39,S2_ADL_08,2,0,0.3377734422683716,1,0.3,A3_cost_225,242,balanced
40,S2_ADL_09,2,0,0.4575015604496002,1,0.3,A3_cost_225,242,balanced
41,S2_ADL_10,2,0,0.1389247179031372,0,0.3,A3_cost_225,242,balanced
42,S2_ADL_11,2,0,0.002995984861627221,0,0.3,A3_cost_225,242,balanced
43,S2_ADL_12,2,0,0.8232772946357727,1,0.3,A3_cost_225,242,balanced
44,S2_ADL_13,2,0,0.5022668838500977,1,0.3,A3_cost_225,242,balanced
45,S2_ADL_14,2,0,0.7946316599845886,1,0.3,A3_cost_225,242,balanced
46,S2_ADL_15,2,0,0.01231272704899311,0,0.3,A3_cost_225,242,balanced
47,S2_ADL_16,2,0,0.39770179986953735,1,0.3,A3_cost_225,242,balanced
48,S2_ADL_17,2,0,0.016752280294895172,0,0.3,A3_cost_225,242,balanced
49,S2_ADL_18,2,0,0.008320088498294353,0,0.3,A3_cost_225,242,balanced
50,S2_ADL_19,2,0,0.7544603943824768,1,0.3,A3_cost_225,242,balanced
51,S2_ADL_20,2,0,0.02419218420982361,0,0.3,A3_cost_225,242,balanced
52,S2_ADL_21,2,0,0.1442670226097107,0,0.3,A3_cost_225,242,balanced
53,S2_ADL_22,2,0,0.9408634901046753,1,0.3,A3_cost_225,242,balanced
54,S2_ADL_23,2,0,0.008662544190883636,0,0.3,A3_cost_225,242,balanced
55,S2_FALL_01,2,1,0.9020399451255798,1,0.3,A3_cost_225,242,balanced
56,S2_FALL_02,2,1,0.9994643330574036,1,0.3,A3_cost_225,242,balanced
57,S2_FALL_03,2,1,0.8921740055084229,1,0.3,A3_cost_225,242,balanced
58,S2_FALL_04,2,1,0.9973480701446533,1,0.3,A3_cost_225,242,balanced
59,S2_FALL_05,2,1,0.9985111355781555,1,0.3,A3_cost_225,242,balanced
60,S2_FALL_06,2,1,0.9796140789985657,1,0.3,A3_cost_225,242,balanced
61,S2_FALL_07,2,1,0.9011794328689575,1,0.3,A3_cost_225,242,balanced
62,S2_FALL_08,2,1,0.8741301894187927,1,0.3,A3_cost_225,242,balanced
63,S2_FALL_09,2,1,0.9910049438476562,1,0.3,A3_cost_225,242,balanced
64,S2_FALL_10,2,1,0.999444305896759,1,0.3,A3_cost_225,242,balanced
65,S2_FALL_11,2,1,0.995439350605011,1,0.3,A3_cost_225,242,balanced
66,S2_FALL_12,2,1,0.9874339699745178,1,0.3,A3_cost_225,242,balanced
67,S2_FALL_13,2,1,0.9930521249771118,1,0.3,A3_cost_225,242,balanced
68,S2_FALL_14,2,1,0.8843507170677185,1,0.3,A3_cost_225,242,balanced
69,S2_FALL_15,2,1,0.9240065217018127,1,0.3,A3_cost_225,242,balanced
70,S2_FALL_16,2,1,0.9992296695709229,1,0.3,A3_cost_225,242,balanced
71,S2_FALL_17,2,1,0.9994346499443054,1,0.3,A3_cost_225,242,balanced
72,S2_FALL_18,2,1,0.8742599487304688,1,0.3,A3_cost_225,242,balanced
73,S2_FALL_19,2,1,0.9849640727043152,1,0.3,A3_cost_225,242,balanced
74,S2_FALL_20,2,1,0.9898874163627625,1,0.3,A3_cost_225,242,balanced
75,S2_FALL_21,2,1,0.9929486513137817,1,0.3,A3_cost_225,242,balanced
76,S2_FALL_22,2,1,0.9996215105056763,1,0.3,A3_cost_225,242,balanced
77,S2_FALL_23,2,1,0.9905230402946472,1,0.3,A3_cost_225,242,balanced
78,S2_FALL_24,2,1,0.9930522441864014,1,0.3,A3_cost_225,242,balanced
79,S2_FALL_25,2,1,0.9863611459732056,1,0.3,A3_cost_225,242,balanced
32,S2_ADL_01,2,0,0.0845380425453186,0,0.3,A3_cost_225,242,sensitivity
33,S2_ADL_02,2,0,0.008807328529655933,0,0.3,A3_cost_225,242,sensitivity
34,S2_ADL_03,2,0,0.7486208081245422,1,0.3,A3_cost_225,242,sensitivity
35,S2_ADL_04,2,0,0.06403042376041412,0,0.3,A3_cost_225,242,sensitivity
36,S2_ADL_05,2,0,0.055541448295116425,0,0.3,A3_cost_225,242,sensitivity
37,S2_ADL_06,2,0,0.0167374350130558,0,0.3,A3_cost_225,242,sensitivity
38,S2_ADL_07,2,0,0.004815802909433842,0,0.3,A3_cost_225,242,sensitivity
39,S2_ADL_08,2,0,0.3377734422683716,1,0.3,A3_cost_225,242,sensitivity
40,S2_ADL_09,2,0,0.4575015604496002,1,0.3,A3_cost_225,242,sensitivity
41,S2_ADL_10,2,0,0.1389247179031372,0,0.3,A3_cost_225,242,sensitivity
42,S2_ADL_11,2,0,0.002995984861627221,0,0.3,A3_cost_225,242,sensitivity
43,S2_ADL_12,2,0,0.8232772946357727,1,0.3,A3_cost_225,242,sensitivity
44,S2_ADL_13,2,0,0.5022668838500977,1,0.3,A3_cost_225,242,sensitivity
45,S2_ADL_14,2,0,0.7946316599845886,1,0.3,A3_cost_225,242,sensitivity
46,S2_ADL_15,2,0,0.01231272704899311,0,0.3,A3_cost_225,242,sensitivity
47,S2_ADL_16,2,0,0.39770179986953735,1,0.3,A3_cost_225,242,sensitivity
48,S2_ADL_17,2,0,0.016752280294895172,0,0.3,A3_cost_225,242,sensitivity
49,S2_ADL_18,2,0,0.008320088498294353,0,0.3,A3_cost_225,242,sensitivity
50,S2_ADL_19,2,0,0.7544603943824768,1,0.3,A3_cost_225,242,sensitivity
51,S2_ADL_20,2,0,0.02419218420982361,0,0.3,A3_cost_225,242,sensitivity
52,S2_ADL_21,2,0,0.1442670226097107,0,0.3,A3_cost_225,242,sensitivity
53,S2_ADL_22,2,0,0.9408634901046753,1,0.3,A3_cost_225,242,sensitivity
54,S2_ADL_23,2,0,0.008662544190883636,0,0.3,A3_cost_225,242,sensitivity
55,S2_FALL_01,2,1,0.9020399451255798,1,0.3,A3_cost_225,242,sensitivity
56,S2_FALL_02,2,1,0.9994643330574036,1,0.3,A3_cost_225,242,sensitivity
57,S2_FALL_03,2,1,0.8921740055084229,1,0.3,A3_cost_225,242,sensitivity
58,S2_FALL_04,2,1,0.9973480701446533,1,0.3,A3_cost_225,242,sensitivity
59,S2_FALL_05,2,1,0.9985111355781555,1,0.3,A3_cost_225,242,sensitivity
60,S2_FALL_06,2,1,0.9796140789985657,1,0.3,A3_cost_225,242,sensitivity
61,S2_FALL_07,2,1,0.9011794328689575,1,0.3,A3_cost_225,242,sensitivity
62,S2_FALL_08,2,1,0.8741301894187927,1,0.3,A3_cost_225,242,sensitivity
63,S2_FALL_09,2,1,0.9910049438476562,1,0.3,A3_cost_225,242,sensitivity
64,S2_FALL_10,2,1,0.999444305896759,1,0.3,A3_cost_225,242,sensitivity
65,S2_FALL_11,2,1,0.995439350605011,1,0.3,A3_cost_225,242,sensitivity
66,S2_FALL_12,2,1,0.9874339699745178,1,0.3,A3_cost_225,242,sensitivity
67,S2_FALL_13,2,1,0.9930521249771118,1,0.3,A3_cost_225,242,sensitivity
68,S2_FALL_14,2,1,0.8843507170677185,1,0.3,A3_cost_225,242,sensitivity
69,S2_FALL_15,2,1,0.9240065217018127,1,0.3,A3_cost_225,242,sensitivity
70,S2_FALL_16,2,1,0.9992296695709229,1,0.3,A3_cost_225,242,sensitivity
71,S2_FALL_17,2,1,0.9994346499443054,1,0.3,A3_cost_225,242,sensitivity
72,S2_FALL_18,2,1,0.8742599487304688,1,0.3,A3_cost_225,242,sensitivity
73,S2_FALL_19,2,1,0.9849640727043152,1,0.3,A3_cost_225,242,sensitivity
74,S2_FALL_20,2,1,0.9898874163627625,1,0.3,A3_cost_225,242,sensitivity
75,S2_FALL_21,2,1,0.9929486513137817,1,0.3,A3_cost_225,242,sensitivity
76,S2_FALL_22,2,1,0.9996215105056763,1,0.3,A3_cost_225,242,sensitivity
77,S2_FALL_23,2,1,0.9905230402946472,1,0.3,A3_cost_225,242,sensitivity
78,S2_FALL_24,2,1,0.9930522441864014,1,0.3,A3_cost_225,242,sensitivity
79,S2_FALL_25,2,1,0.9863611459732056,1,0.3,A3_cost_225,242,sensitivity
80,S3_ADL_01,3,0,0.004902722779661417,0,0.5,A3_cost_225,242,fixed
81,S3_ADL_02,3,0,0.010350772179663181,0,0.5,A3_cost_225,242,fixed
82,S3_ADL_03,3,0,0.015477665700018406,0,0.5,A3_cost_225,242,fixed
83,S3_ADL_04,3,0,0.04364211484789848,0,0.5,A3_cost_225,242,fixed
84,S3_ADL_05,3,0,0.8452653884887695,1,0.5,A3_cost_225,242,fixed
85,S3_ADL_06,3,0,0.903139591217041,1,0.5,A3_cost_225,242,fixed
86,S3_ADL_07,3,0,0.062019772827625275,0,0.5,A3_cost_225,242,fixed
87,S3_ADL_08,3,0,0.3892630636692047,0,0.5,A3_cost_225,242,fixed
88,S3_ADL_09,3,0,0.0495072640478611,0,0.5,A3_cost_225,242,fixed
89,S3_ADL_10,3,0,0.008070416748523712,0,0.5,A3_cost_225,242,fixed
90,S3_ADL_11,3,0,0.0028990914579480886,0,0.5,A3_cost_225,242,fixed
91,S3_ADL_12,3,0,0.009195184335112572,0,0.5,A3_cost_225,242,fixed
92,S3_ADL_13,3,0,0.020473306998610497,0,0.5,A3_cost_225,242,fixed
93,S3_ADL_14,3,0,0.0452631451189518,0,0.5,A3_cost_225,242,fixed
94,S3_ADL_15,3,0,0.008510163985192776,0,0.5,A3_cost_225,242,fixed
95,S3_ADL_16,3,0,0.006033056415617466,0,0.5,A3_cost_225,242,fixed
96,S3_ADL_17,3,0,0.006581729743629694,0,0.5,A3_cost_225,242,fixed
97,S3_ADL_18,3,0,0.005620207171887159,0,0.5,A3_cost_225,242,fixed
98,S3_ADL_19,3,0,0.03187718614935875,0,0.5,A3_cost_225,242,fixed
99,S3_ADL_20,3,0,0.008323241956532001,0,0.5,A3_cost_225,242,fixed
100,S3_ADL_21,3,0,0.007090853527188301,0,0.5,A3_cost_225,242,fixed
101,S3_ADL_22,3,0,0.009111445397138596,0,0.5,A3_cost_225,242,fixed
102,S3_FALL_01,3,1,0.9807547330856323,1,0.5,A3_cost_225,242,fixed
103,S3_FALL_02,3,1,0.9999827146530151,1,0.5,A3_cost_225,242,fixed
104,S3_FALL_03,3,1,0.9999998807907104,1,0.5,A3_cost_225,242,fixed
105,S3_FALL_04,3,1,0.9867141842842102,1,0.5,A3_cost_225,242,fixed
106,S3_FALL_05,3,1,0.9999686479568481,1,0.5,A3_cost_225,242,fixed
107,S3_FALL_06,3,1,0.8562101721763611,1,0.5,A3_cost_225,242,fixed
108,S3_FALL_07,3,1,0.9960522651672363,1,0.5,A3_cost_225,242,fixed
109,S3_FALL_08,3,1,0.9985685348510742,1,0.5,A3_cost_225,242,fixed
110,S3_FALL_09,3,1,0.9878262877464294,1,0.5,A3_cost_225,242,fixed
111,S3_FALL_10,3,1,0.9396799802780151,1,0.5,A3_cost_225,242,fixed
112,S3_FALL_11,3,1,0.9996747970581055,1,0.5,A3_cost_225,242,fixed
113,S3_FALL_12,3,1,0.9999278783798218,1,0.5,A3_cost_225,242,fixed
114,S3_FALL_13,3,1,0.9942682981491089,1,0.5,A3_cost_225,242,fixed
115,S3_FALL_14,3,1,0.9973860383033752,1,0.5,A3_cost_225,242,fixed
116,S3_FALL_15,3,1,0.99991774559021,1,0.5,A3_cost_225,242,fixed
117,S3_FALL_16,3,1,1.0,1,0.5,A3_cost_225,242,fixed
118,S3_FALL_17,3,1,0.4109106659889221,0,0.5,A3_cost_225,242,fixed
119,S3_FALL_18,3,1,0.988243818283081,1,0.5,A3_cost_225,242,fixed
120,S3_FALL_19,3,1,0.9998613595962524,1,0.5,A3_cost_225,242,fixed
121,S3_FALL_20,3,1,0.9999961853027344,1,0.5,A3_cost_225,242,fixed
122,S3_FALL_21,3,1,0.999970555305481,1,0.5,A3_cost_225,242,fixed
80,S3_ADL_01,3,0,0.004902722779661417,0,0.825,A3_cost_225,242,balanced
81,S3_ADL_02,3,0,0.010350772179663181,0,0.825,A3_cost_225,242,balanced
82,S3_ADL_03,3,0,0.015477665700018406,0,0.825,A3_cost_225,242,balanced
83,S3_ADL_04,3,0,0.04364211484789848,0,0.825,A3_cost_225,242,balanced
84,S3_ADL_05,3,0,0.8452653884887695,1,0.825,A3_cost_225,242,balanced
85,S3_ADL_06,3,0,0.903139591217041,1,0.825,A3_cost_225,242,balanced
86,S3_ADL_07,3,0,0.062019772827625275,0,0.825,A3_cost_225,242,balanced
87,S3_ADL_08,3,0,0.3892630636692047,0,0.825,A3_cost_225,242,balanced
88,S3_ADL_09,3,0,0.0495072640478611,0,0.825,A3_cost_225,242,balanced
89,S3_ADL_10,3,0,0.008070416748523712,0,0.825,A3_cost_225,242,balanced
90,S3_ADL_11,3,0,0.0028990914579480886,0,0.825,A3_cost_225,242,balanced
91,S3_ADL_12,3,0,0.009195184335112572,0,0.825,A3_cost_225,242,balanced
92,S3_ADL_13,3,0,0.020473306998610497,0,0.825,A3_cost_225,242,balanced
93,S3_ADL_14,3,0,0.0452631451189518,0,0.825,A3_cost_225,242,balanced
94,S3_ADL_15,3,0,0.008510163985192776,0,0.825,A3_cost_225,242,balanced
95,S3_ADL_16,3,0,0.006033056415617466,0,0.825,A3_cost_225,242,balanced
96,S3_ADL_17,3,0,0.006581729743629694,0,0.825,A3_cost_225,242,balanced
97,S3_ADL_18,3,0,0.005620207171887159,0,0.825,A3_cost_225,242,balanced
98,S3_ADL_19,3,0,0.03187718614935875,0,0.825,A3_cost_225,242,balanced
99,S3_ADL_20,3,0,0.008323241956532001,0,0.825,A3_cost_225,242,balanced
100,S3_ADL_21,3,0,0.007090853527188301,0,0.825,A3_cost_225,242,balanced
101,S3_ADL_22,3,0,0.009111445397138596,0,0.825,A3_cost_225,242,balanced
102,S3_FALL_01,3,1,0.9807547330856323,1,0.825,A3_cost_225,242,balanced
103,S3_FALL_02,3,1,0.9999827146530151,1,0.825,A3_cost_225,242,balanced
104,S3_FALL_03,3,1,0.9999998807907104,1,0.825,A3_cost_225,242,balanced
105,S3_FALL_04,3,1,0.9867141842842102,1,0.825,A3_cost_225,242,balanced
106,S3_FALL_05,3,1,0.9999686479568481,1,0.825,A3_cost_225,242,balanced
107,S3_FALL_06,3,1,0.8562101721763611,1,0.825,A3_cost_225,242,balanced
108,S3_FALL_07,3,1,0.9960522651672363,1,0.825,A3_cost_225,242,balanced
109,S3_FALL_08,3,1,0.9985685348510742,1,0.825,A3_cost_225,242,balanced
110,S3_FALL_09,3,1,0.9878262877464294,1,0.825,A3_cost_225,242,balanced
111,S3_FALL_10,3,1,0.9396799802780151,1,0.825,A3_cost_225,242,balanced
112,S3_FALL_11,3,1,0.9996747970581055,1,0.825,A3_cost_225,242,balanced
113,S3_FALL_12,3,1,0.9999278783798218,1,0.825,A3_cost_225,242,balanced
114,S3_FALL_13,3,1,0.9942682981491089,1,0.825,A3_cost_225,242,balanced
115,S3_FALL_14,3,1,0.9973860383033752,1,0.825,A3_cost_225,242,balanced
116,S3_FALL_15,3,1,0.99991774559021,1,0.825,A3_cost_225,242,balanced
117,S3_FALL_16,3,1,1.0,1,0.825,A3_cost_225,242,balanced
118,S3_FALL_17,3,1,0.4109106659889221,0,0.825,A3_cost_225,242,balanced
119,S3_FALL_18,3,1,0.988243818283081,1,0.825,A3_cost_225,242,balanced
120,S3_FALL_19,3,1,0.9998613595962524,1,0.825,A3_cost_225,242,balanced
121,S3_FALL_20,3,1,0.9999961853027344,1,0.825,A3_cost_225,242,balanced
122,S3_FALL_21,3,1,0.999970555305481,1,0.825,A3_cost_225,242,balanced
80,S3_ADL_01,3,0,0.004902722779661417,0,0.25,A3_cost_225,242,sensitivity
81,S3_ADL_02,3,0,0.010350772179663181,0,0.25,A3_cost_225,242,sensitivity
82,S3_ADL_03,3,0,0.015477665700018406,0,0.25,A3_cost_225,242,sensitivity
83,S3_ADL_04,3,0,0.04364211484789848,0,0.25,A3_cost_225,242,sensitivity
84,S3_ADL_05,3,0,0.8452653884887695,1,0.25,A3_cost_225,242,sensitivity
85,S3_ADL_06,3,0,0.903139591217041,1,0.25,A3_cost_225,242,sensitivity
86,S3_ADL_07,3,0,0.062019772827625275,0,0.25,A3_cost_225,242,sensitivity
87,S3_ADL_08,3,0,0.3892630636692047,1,0.25,A3_cost_225,242,sensitivity
88,S3_ADL_09,3,0,0.0495072640478611,0,0.25,A3_cost_225,242,sensitivity
89,S3_ADL_10,3,0,0.008070416748523712,0,0.25,A3_cost_225,242,sensitivity
90,S3_ADL_11,3,0,0.0028990914579480886,0,0.25,A3_cost_225,242,sensitivity
91,S3_ADL_12,3,0,0.009195184335112572,0,0.25,A3_cost_225,242,sensitivity
92,S3_ADL_13,3,0,0.020473306998610497,0,0.25,A3_cost_225,242,sensitivity
93,S3_ADL_14,3,0,0.0452631451189518,0,0.25,A3_cost_225,242,sensitivity
94,S3_ADL_15,3,0,0.008510163985192776,0,0.25,A3_cost_225,242,sensitivity
95,S3_ADL_16,3,0,0.006033056415617466,0,0.25,A3_cost_225,242,sensitivity
96,S3_ADL_17,3,0,0.006581729743629694,0,0.25,A3_cost_225,242,sensitivity
97,S3_ADL_18,3,0,0.005620207171887159,0,0.25,A3_cost_225,242,sensitivity
98,S3_ADL_19,3,0,0.03187718614935875,0,0.25,A3_cost_225,242,sensitivity
99,S3_ADL_20,3,0,0.008323241956532001,0,0.25,A3_cost_225,242,sensitivity
100,S3_ADL_21,3,0,0.007090853527188301,0,0.25,A3_cost_225,242,sensitivity
101,S3_ADL_22,3,0,0.009111445397138596,0,0.25,A3_cost_225,242,sensitivity
102,S3_FALL_01,3,1,0.9807547330856323,1,0.25,A3_cost_225,242,sensitivity
103,S3_FALL_02,3,1,0.9999827146530151,1,0.25,A3_cost_225,242,sensitivity
104,S3_FALL_03,3,1,0.9999998807907104,1,0.25,A3_cost_225,242,sensitivity
105,S3_FALL_04,3,1,0.9867141842842102,1,0.25,A3_cost_225,242,sensitivity
106,S3_FALL_05,3,1,0.9999686479568481,1,0.25,A3_cost_225,242,sensitivity
107,S3_FALL_06,3,1,0.8562101721763611,1,0.25,A3_cost_225,242,sensitivity
108,S3_FALL_07,3,1,0.9960522651672363,1,0.25,A3_cost_225,242,sensitivity
109,S3_FALL_08,3,1,0.9985685348510742,1,0.25,A3_cost_225,242,sensitivity
110,S3_FALL_09,3,1,0.9878262877464294,1,0.25,A3_cost_225,242,sensitivity
111,S3_FALL_10,3,1,0.9396799802780151,1,0.25,A3_cost_225,242,sensitivity
112,S3_FALL_11,3,1,0.9996747970581055,1,0.25,A3_cost_225,242,sensitivity
113,S3_FALL_12,3,1,0.9999278783798218,1,0.25,A3_cost_225,242,sensitivity
114,S3_FALL_13,3,1,0.9942682981491089,1,0.25,A3_cost_225,242,sensitivity
115,S3_FALL_14,3,1,0.9973860383033752,1,0.25,A3_cost_225,242,sensitivity
116,S3_FALL_15,3,1,0.99991774559021,1,0.25,A3_cost_225,242,sensitivity
117,S3_FALL_16,3,1,1.0,1,0.25,A3_cost_225,242,sensitivity
118,S3_FALL_17,3,1,0.4109106659889221,1,0.25,A3_cost_225,242,sensitivity
119,S3_FALL_18,3,1,0.988243818283081,1,0.25,A3_cost_225,242,sensitivity
120,S3_FALL_19,3,1,0.9998613595962524,1,0.25,A3_cost_225,242,sensitivity
121,S3_FALL_20,3,1,0.9999961853027344,1,0.25,A3_cost_225,242,sensitivity
122,S3_FALL_21,3,1,0.999970555305481,1,0.25,A3_cost_225,242,sensitivity
123,S4_ADL_01,4,0,0.0030880270060151815,0,0.5,A3_cost_225,242,fixed
124,S4_ADL_02,4,0,0.004188559949398041,0,0.5,A3_cost_225,242,fixed
125,S4_ADL_03,4,0,0.019353341311216354,0,0.5,A3_cost_225,242,fixed
126,S4_ADL_04,4,0,0.01777653582394123,0,0.5,A3_cost_225,242,fixed
127,S4_ADL_05,4,0,0.9999516010284424,1,0.5,A3_cost_225,242,fixed
128,S4_ADL_06,4,0,0.9935826659202576,1,0.5,A3_cost_225,242,fixed
129,S4_ADL_07,4,0,0.7227457761764526,1,0.5,A3_cost_225,242,fixed
130,S4_ADL_08,4,0,0.003424675902351737,0,0.5,A3_cost_225,242,fixed
131,S4_ADL_09,4,0,0.00847181398421526,0,0.5,A3_cost_225,242,fixed
132,S4_ADL_10,4,0,0.2246481478214264,0,0.5,A3_cost_225,242,fixed
133,S4_ADL_11,4,0,0.0031641980167478323,0,0.5,A3_cost_225,242,fixed
134,S4_ADL_12,4,0,0.0037597210612148046,0,0.5,A3_cost_225,242,fixed
135,S4_ADL_13,4,0,0.007798166945576668,0,0.5,A3_cost_225,242,fixed
136,S4_ADL_14,4,0,0.013441706076264381,0,0.5,A3_cost_225,242,fixed
137,S4_ADL_15,4,0,0.09723193943500519,0,0.5,A3_cost_225,242,fixed
138,S4_ADL_16,4,0,0.11777099967002869,0,0.5,A3_cost_225,242,fixed
139,S4_ADL_17,4,0,0.02358415722846985,0,0.5,A3_cost_225,242,fixed
140,S4_ADL_18,4,0,0.005894241388887167,0,0.5,A3_cost_225,242,fixed
141,S4_ADL_19,4,0,0.8257943391799927,1,0.5,A3_cost_225,242,fixed
142,S4_ADL_20,4,0,0.009043961763381958,0,0.5,A3_cost_225,242,fixed
143,S4_FALL_01,4,1,0.9789549112319946,1,0.5,A3_cost_225,242,fixed
144,S4_FALL_02,4,1,0.8924691677093506,1,0.5,A3_cost_225,242,fixed
145,S4_FALL_03,4,1,1.0,1,0.5,A3_cost_225,242,fixed
146,S4_FALL_04,4,1,0.9999998807907104,1,0.5,A3_cost_225,242,fixed
147,S4_FALL_05,4,1,0.24645300209522247,0,0.5,A3_cost_225,242,fixed
148,S4_FALL_06,4,1,0.9872502088546753,1,0.5,A3_cost_225,242,fixed
149,S4_FALL_07,4,1,0.9997369647026062,1,0.5,A3_cost_225,242,fixed
150,S4_FALL_08,4,1,0.9985244870185852,1,0.5,A3_cost_225,242,fixed
151,S4_FALL_09,4,1,0.9617091417312622,1,0.5,A3_cost_225,242,fixed
152,S4_FALL_10,4,1,0.9999943971633911,1,0.5,A3_cost_225,242,fixed
153,S4_FALL_11,4,1,1.0,1,0.5,A3_cost_225,242,fixed
154,S4_FALL_12,4,1,0.99835205078125,1,0.5,A3_cost_225,242,fixed
155,S4_FALL_13,4,1,0.5295654535293579,1,0.5,A3_cost_225,242,fixed
156,S4_FALL_14,4,1,0.998700737953186,1,0.5,A3_cost_225,242,fixed
157,S4_FALL_15,4,1,1.0,1,0.5,A3_cost_225,242,fixed
158,S4_FALL_16,4,1,0.9999932050704956,1,0.5,A3_cost_225,242,fixed
159,S4_FALL_17,4,1,0.9901391267776489,1,0.5,A3_cost_225,242,fixed
123,S4_ADL_01,4,0,0.0030880270060151815,0,0.675,A3_cost_225,242,balanced
124,S4_ADL_02,4,0,0.004188559949398041,0,0.675,A3_cost_225,242,balanced
125,S4_ADL_03,4,0,0.019353341311216354,0,0.675,A3_cost_225,242,balanced
126,S4_ADL_04,4,0,0.01777653582394123,0,0.675,A3_cost_225,242,balanced
127,S4_ADL_05,4,0,0.9999516010284424,1,0.675,A3_cost_225,242,balanced
128,S4_ADL_06,4,0,0.9935826659202576,1,0.675,A3_cost_225,242,balanced
129,S4_ADL_07,4,0,0.7227457761764526,1,0.675,A3_cost_225,242,balanced
130,S4_ADL_08,4,0,0.003424675902351737,0,0.675,A3_cost_225,242,balanced
131,S4_ADL_09,4,0,0.00847181398421526,0,0.675,A3_cost_225,242,balanced
132,S4_ADL_10,4,0,0.2246481478214264,0,0.675,A3_cost_225,242,balanced
133,S4_ADL_11,4,0,0.0031641980167478323,0,0.675,A3_cost_225,242,balanced
134,S4_ADL_12,4,0,0.0037597210612148046,0,0.675,A3_cost_225,242,balanced
135,S4_ADL_13,4,0,0.007798166945576668,0,0.675,A3_cost_225,242,balanced
136,S4_ADL_14,4,0,0.013441706076264381,0,0.675,A3_cost_225,242,balanced
137,S4_ADL_15,4,0,0.09723193943500519,0,0.675,A3_cost_225,242,balanced
138,S4_ADL_16,4,0,0.11777099967002869,0,0.675,A3_cost_225,242,balanced
139,S4_ADL_17,4,0,0.02358415722846985,0,0.675,A3_cost_225,242,balanced
140,S4_ADL_18,4,0,0.005894241388887167,0,0.675,A3_cost_225,242,balanced
141,S4_ADL_19,4,0,0.8257943391799927,1,0.675,A3_cost_225,242,balanced
142,S4_ADL_20,4,0,0.009043961763381958,0,0.675,A3_cost_225,242,balanced
143,S4_FALL_01,4,1,0.9789549112319946,1,0.675,A3_cost_225,242,balanced
144,S4_FALL_02,4,1,0.8924691677093506,1,0.675,A3_cost_225,242,balanced
145,S4_FALL_03,4,1,1.0,1,0.675,A3_cost_225,242,balanced
146,S4_FALL_04,4,1,0.9999998807907104,1,0.675,A3_cost_225,242,balanced
147,S4_FALL_05,4,1,0.24645300209522247,0,0.675,A3_cost_225,242,balanced
148,S4_FALL_06,4,1,0.9872502088546753,1,0.675,A3_cost_225,242,balanced
149,S4_FALL_07,4,1,0.9997369647026062,1,0.675,A3_cost_225,242,balanced
150,S4_FALL_08,4,1,0.9985244870185852,1,0.675,A3_cost_225,242,balanced
151,S4_FALL_09,4,1,0.9617091417312622,1,0.675,A3_cost_225,242,balanced
152,S4_FALL_10,4,1,0.9999943971633911,1,0.675,A3_cost_225,242,balanced
153,S4_FALL_11,4,1,1.0,1,0.675,A3_cost_225,242,balanced
154,S4_FALL_12,4,1,0.99835205078125,1,0.675,A3_cost_225,242,balanced
155,S4_FALL_13,4,1,0.5295654535293579,0,0.675,A3_cost_225,242,balanced
156,S4_FALL_14,4,1,0.998700737953186,1,0.675,A3_cost_225,242,balanced
157,S4_FALL_15,4,1,1.0,1,0.675,A3_cost_225,242,balanced
158,S4_FALL_16,4,1,0.9999932050704956,1,0.675,A3_cost_225,242,balanced
159,S4_FALL_17,4,1,0.9901391267776489,1,0.675,A3_cost_225,242,balanced
123,S4_ADL_01,4,0,0.0030880270060151815,0,0.675,A3_cost_225,242,sensitivity
124,S4_ADL_02,4,0,0.004188559949398041,0,0.675,A3_cost_225,242,sensitivity
125,S4_ADL_03,4,0,0.019353341311216354,0,0.675,A3_cost_225,242,sensitivity
126,S4_ADL_04,4,0,0.01777653582394123,0,0.675,A3_cost_225,242,sensitivity
127,S4_ADL_05,4,0,0.9999516010284424,1,0.675,A3_cost_225,242,sensitivity
128,S4_ADL_06,4,0,0.9935826659202576,1,0.675,A3_cost_225,242,sensitivity
129,S4_ADL_07,4,0,0.7227457761764526,1,0.675,A3_cost_225,242,sensitivity
130,S4_ADL_08,4,0,0.003424675902351737,0,0.675,A3_cost_225,242,sensitivity
131,S4_ADL_09,4,0,0.00847181398421526,0,0.675,A3_cost_225,242,sensitivity
132,S4_ADL_10,4,0,0.2246481478214264,0,0.675,A3_cost_225,242,sensitivity
133,S4_ADL_11,4,0,0.0031641980167478323,0,0.675,A3_cost_225,242,sensitivity
134,S4_ADL_12,4,0,0.0037597210612148046,0,0.675,A3_cost_225,242,sensitivity
135,S4_ADL_13,4,0,0.007798166945576668,0,0.675,A3_cost_225,242,sensitivity
136,S4_ADL_14,4,0,0.013441706076264381,0,0.675,A3_cost_225,242,sensitivity
137,S4_ADL_15,4,0,0.09723193943500519,0,0.675,A3_cost_225,242,sensitivity
138,S4_ADL_16,4,0,0.11777099967002869,0,0.675,A3_cost_225,242,sensitivity
139,S4_ADL_17,4,0,0.02358415722846985,0,0.675,A3_cost_225,242,sensitivity
140,S4_ADL_18,4,0,0.005894241388887167,0,0.675,A3_cost_225,242,sensitivity
141,S4_ADL_19,4,0,0.8257943391799927,1,0.675,A3_cost_225,242,sensitivity
142,S4_ADL_20,4,0,0.009043961763381958,0,0.675,A3_cost_225,242,sensitivity
143,S4_FALL_01,4,1,0.9789549112319946,1,0.675,A3_cost_225,242,sensitivity
144,S4_FALL_02,4,1,0.8924691677093506,1,0.675,A3_cost_225,242,sensitivity
145,S4_FALL_03,4,1,1.0,1,0.675,A3_cost_225,242,sensitivity
146,S4_FALL_04,4,1,0.9999998807907104,1,0.675,A3_cost_225,242,sensitivity
147,S4_FALL_05,4,1,0.24645300209522247,0,0.675,A3_cost_225,242,sensitivity
148,S4_FALL_06,4,1,0.9872502088546753,1,0.675,A3_cost_225,242,sensitivity
149,S4_FALL_07,4,1,0.9997369647026062,1,0.675,A3_cost_225,242,sensitivity
150,S4_FALL_08,4,1,0.9985244870185852,1,0.675,A3_cost_225,242,sensitivity
151,S4_FALL_09,4,1,0.9617091417312622,1,0.675,A3_cost_225,242,sensitivity
152,S4_FALL_10,4,1,0.9999943971633911,1,0.675,A3_cost_225,242,sensitivity
153,S4_FALL_11,4,1,1.0,1,0.675,A3_cost_225,242,sensitivity
154,S4_FALL_12,4,1,0.99835205078125,1,0.675,A3_cost_225,242,sensitivity
155,S4_FALL_13,4,1,0.5295654535293579,0,0.675,A3_cost_225,242,sensitivity
156,S4_FALL_14,4,1,0.998700737953186,1,0.675,A3_cost_225,242,sensitivity
157,S4_FALL_15,4,1,1.0,1,0.675,A3_cost_225,242,sensitivity
158,S4_FALL_16,4,1,0.9999932050704956,1,0.675,A3_cost_225,242,sensitivity
159,S4_FALL_17,4,1,0.9901391267776489,1,0.675,A3_cost_225,242,sensitivity
0,S1_ADL_01,1,0,0.13306553661823273,0,0.5,A3_cost_225,42,fixed
1,S1_ADL_02,1,0,0.835377037525177,1,0.5,A3_cost_225,42,fixed
2,S1_ADL_03,1,0,0.9224852919578552,1,0.5,A3_cost_225,42,fixed
3,S1_ADL_04,1,0,0.041857849806547165,0,0.5,A3_cost_225,42,fixed
4,S1_ADL_05,1,0,0.4337003529071808,0,0.5,A3_cost_225,42,fixed
5,S1_ADL_06,1,0,0.02560357376933098,0,0.5,A3_cost_225,42,fixed
6,S1_ADL_07,1,0,0.1524062305688858,0,0.5,A3_cost_225,42,fixed
7,S1_ADL_08,1,0,0.12279603630304337,0,0.5,A3_cost_225,42,fixed
8,S1_ADL_09,1,0,0.7625750303268433,1,0.5,A3_cost_225,42,fixed
9,S1_ADL_10,1,0,0.0014774561859667301,0,0.5,A3_cost_225,42,fixed
10,S1_ADL_11,1,0,0.29387909173965454,0,0.5,A3_cost_225,42,fixed
11,S1_ADL_12,1,0,0.09447596967220306,0,0.5,A3_cost_225,42,fixed
12,S1_ADL_13,1,0,0.9902153015136719,1,0.5,A3_cost_225,42,fixed
13,S1_ADL_14,1,0,0.0015817125095054507,0,0.5,A3_cost_225,42,fixed
14,S1_ADL_15,1,0,0.6924960613250732,1,0.5,A3_cost_225,42,fixed
15,S1_ADL_16,1,0,0.5683407783508301,1,0.5,A3_cost_225,42,fixed
16,S1_FALL_01,1,1,0.9999265670776367,1,0.5,A3_cost_225,42,fixed
17,S1_FALL_02,1,1,0.9999958276748657,1,0.5,A3_cost_225,42,fixed
18,S1_FALL_03,1,1,0.9999775886535645,1,0.5,A3_cost_225,42,fixed
19,S1_FALL_04,1,1,0.999988317489624,1,0.5,A3_cost_225,42,fixed
20,S1_FALL_05,1,1,0.9999836683273315,1,0.5,A3_cost_225,42,fixed
21,S1_FALL_06,1,1,0.9999873638153076,1,0.5,A3_cost_225,42,fixed
22,S1_FALL_07,1,1,0.9999456405639648,1,0.5,A3_cost_225,42,fixed
23,S1_FALL_08,1,1,0.9999818801879883,1,0.5,A3_cost_225,42,fixed
24,S1_FALL_09,1,1,0.9999996423721313,1,0.5,A3_cost_225,42,fixed
25,S1_FALL_10,1,1,0.9999034404754639,1,0.5,A3_cost_225,42,fixed
26,S1_FALL_11,1,1,0.9694176912307739,1,0.5,A3_cost_225,42,fixed
27,S1_FALL_12,1,1,0.9984784722328186,1,0.5,A3_cost_225,42,fixed
28,S1_FALL_13,1,1,0.8438199162483215,1,0.5,A3_cost_225,42,fixed
29,S1_FALL_14,1,1,0.9684224724769592,1,0.5,A3_cost_225,42,fixed
30,S1_FALL_15,1,1,0.9914947748184204,1,0.5,A3_cost_225,42,fixed
31,S1_FALL_16,1,1,0.9982434511184692,1,0.5,A3_cost_225,42,fixed
0,S1_ADL_01,1,0,0.13306553661823273,0,0.85,A3_cost_225,42,balanced
1,S1_ADL_02,1,0,0.835377037525177,0,0.85,A3_cost_225,42,balanced
2,S1_ADL_03,1,0,0.9224852919578552,1,0.85,A3_cost_225,42,balanced
3,S1_ADL_04,1,0,0.041857849806547165,0,0.85,A3_cost_225,42,balanced
4,S1_ADL_05,1,0,0.4337003529071808,0,0.85,A3_cost_225,42,balanced
5,S1_ADL_06,1,0,0.02560357376933098,0,0.85,A3_cost_225,42,balanced
6,S1_ADL_07,1,0,0.1524062305688858,0,0.85,A3_cost_225,42,balanced
7,S1_ADL_08,1,0,0.12279603630304337,0,0.85,A3_cost_225,42,balanced
8,S1_ADL_09,1,0,0.7625750303268433,0,0.85,A3_cost_225,42,balanced
9,S1_ADL_10,1,0,0.0014774561859667301,0,0.85,A3_cost_225,42,balanced
10,S1_ADL_11,1,0,0.29387909173965454,0,0.85,A3_cost_225,42,balanced
11,S1_ADL_12,1,0,0.09447596967220306,0,0.85,A3_cost_225,42,balanced
12,S1_ADL_13,1,0,0.9902153015136719,1,0.85,A3_cost_225,42,balanced
13,S1_ADL_14,1,0,0.0015817125095054507,0,0.85,A3_cost_225,42,balanced
14,S1_ADL_15,1,0,0.6924960613250732,0,0.85,A3_cost_225,42,balanced
15,S1_ADL_16,1,0,0.5683407783508301,0,0.85,A3_cost_225,42,balanced
16,S1_FALL_01,1,1,0.9999265670776367,1,0.85,A3_cost_225,42,balanced
17,S1_FALL_02,1,1,0.9999958276748657,1,0.85,A3_cost_225,42,balanced
18,S1_FALL_03,1,1,0.9999775886535645,1,0.85,A3_cost_225,42,balanced
19,S1_FALL_04,1,1,0.999988317489624,1,0.85,A3_cost_225,42,balanced
20,S1_FALL_05,1,1,0.9999836683273315,1,0.85,A3_cost_225,42,balanced
21,S1_FALL_06,1,1,0.9999873638153076,1,0.85,A3_cost_225,42,balanced
22,S1_FALL_07,1,1,0.9999456405639648,1,0.85,A3_cost_225,42,balanced
23,S1_FALL_08,1,1,0.9999818801879883,1,0.85,A3_cost_225,42,balanced
24,S1_FALL_09,1,1,0.9999996423721313,1,0.85,A3_cost_225,42,balanced
25,S1_FALL_10,1,1,0.9999034404754639,1,0.85,A3_cost_225,42,balanced
26,S1_FALL_11,1,1,0.9694176912307739,1,0.85,A3_cost_225,42,balanced
27,S1_FALL_12,1,1,0.9984784722328186,1,0.85,A3_cost_225,42,balanced
28,S1_FALL_13,1,1,0.8438199162483215,0,0.85,A3_cost_225,42,balanced
29,S1_FALL_14,1,1,0.9684224724769592,1,0.85,A3_cost_225,42,balanced
30,S1_FALL_15,1,1,0.9914947748184204,1,0.85,A3_cost_225,42,balanced
31,S1_FALL_16,1,1,0.9982434511184692,1,0.85,A3_cost_225,42,balanced
0,S1_ADL_01,1,0,0.13306553661823273,0,0.42499999999999993,A3_cost_225,42,sensitivity
1,S1_ADL_02,1,0,0.835377037525177,1,0.42499999999999993,A3_cost_225,42,sensitivity
2,S1_ADL_03,1,0,0.9224852919578552,1,0.42499999999999993,A3_cost_225,42,sensitivity
3,S1_ADL_04,1,0,0.041857849806547165,0,0.42499999999999993,A3_cost_225,42,sensitivity
4,S1_ADL_05,1,0,0.4337003529071808,1,0.42499999999999993,A3_cost_225,42,sensitivity
5,S1_ADL_06,1,0,0.02560357376933098,0,0.42499999999999993,A3_cost_225,42,sensitivity
6,S1_ADL_07,1,0,0.1524062305688858,0,0.42499999999999993,A3_cost_225,42,sensitivity
7,S1_ADL_08,1,0,0.12279603630304337,0,0.42499999999999993,A3_cost_225,42,sensitivity
8,S1_ADL_09,1,0,0.7625750303268433,1,0.42499999999999993,A3_cost_225,42,sensitivity
9,S1_ADL_10,1,0,0.0014774561859667301,0,0.42499999999999993,A3_cost_225,42,sensitivity
10,S1_ADL_11,1,0,0.29387909173965454,0,0.42499999999999993,A3_cost_225,42,sensitivity
11,S1_ADL_12,1,0,0.09447596967220306,0,0.42499999999999993,A3_cost_225,42,sensitivity
12,S1_ADL_13,1,0,0.9902153015136719,1,0.42499999999999993,A3_cost_225,42,sensitivity
13,S1_ADL_14,1,0,0.0015817125095054507,0,0.42499999999999993,A3_cost_225,42,sensitivity
14,S1_ADL_15,1,0,0.6924960613250732,1,0.42499999999999993,A3_cost_225,42,sensitivity
15,S1_ADL_16,1,0,0.5683407783508301,1,0.42499999999999993,A3_cost_225,42,sensitivity
16,S1_FALL_01,1,1,0.9999265670776367,1,0.42499999999999993,A3_cost_225,42,sensitivity
17,S1_FALL_02,1,1,0.9999958276748657,1,0.42499999999999993,A3_cost_225,42,sensitivity
18,S1_FALL_03,1,1,0.9999775886535645,1,0.42499999999999993,A3_cost_225,42,sensitivity
19,S1_FALL_04,1,1,0.999988317489624,1,0.42499999999999993,A3_cost_225,42,sensitivity
20,S1_FALL_05,1,1,0.9999836683273315,1,0.42499999999999993,A3_cost_225,42,sensitivity
21,S1_FALL_06,1,1,0.9999873638153076,1,0.42499999999999993,A3_cost_225,42,sensitivity
22,S1_FALL_07,1,1,0.9999456405639648,1,0.42499999999999993,A3_cost_225,42,sensitivity
23,S1_FALL_08,1,1,0.9999818801879883,1,0.42499999999999993,A3_cost_225,42,sensitivity
24,S1_FALL_09,1,1,0.9999996423721313,1,0.42499999999999993,A3_cost_225,42,sensitivity
25,S1_FALL_10,1,1,0.9999034404754639,1,0.42499999999999993,A3_cost_225,42,sensitivity
26,S1_FALL_11,1,1,0.9694176912307739,1,0.42499999999999993,A3_cost_225,42,sensitivity
27,S1_FALL_12,1,1,0.9984784722328186,1,0.42499999999999993,A3_cost_225,42,sensitivity
28,S1_FALL_13,1,1,0.8438199162483215,1,0.42499999999999993,A3_cost_225,42,sensitivity
29,S1_FALL_14,1,1,0.9684224724769592,1,0.42499999999999993,A3_cost_225,42,sensitivity
30,S1_FALL_15,1,1,0.9914947748184204,1,0.42499999999999993,A3_cost_225,42,sensitivity
31,S1_FALL_16,1,1,0.9982434511184692,1,0.42499999999999993,A3_cost_225,42,sensitivity
32,S2_ADL_01,2,0,0.626319944858551,1,0.5,A3_cost_225,42,fixed
33,S2_ADL_02,2,0,0.02310144156217575,0,0.5,A3_cost_225,42,fixed
34,S2_ADL_03,2,0,0.3535800278186798,0,0.5,A3_cost_225,42,fixed
35,S2_ADL_04,2,0,0.12110903114080429,0,0.5,A3_cost_225,42,fixed
36,S2_ADL_05,2,0,0.011649629101157188,0,0.5,A3_cost_225,42,fixed
37,S2_ADL_06,2,0,0.024184450507164,0,0.5,A3_cost_225,42,fixed
38,S2_ADL_07,2,0,0.043455302715301514,0,0.5,A3_cost_225,42,fixed
39,S2_ADL_08,2,0,0.11546831578016281,0,0.5,A3_cost_225,42,fixed
40,S2_ADL_09,2,0,0.20073369145393372,0,0.5,A3_cost_225,42,fixed
41,S2_ADL_10,2,0,0.022179212421178818,0,0.5,A3_cost_225,42,fixed
42,S2_ADL_11,2,0,0.019559595733880997,0,0.5,A3_cost_225,42,fixed
43,S2_ADL_12,2,0,0.2640289068222046,0,0.5,A3_cost_225,42,fixed
44,S2_ADL_13,2,0,0.3534597158432007,0,0.5,A3_cost_225,42,fixed
45,S2_ADL_14,2,0,0.4316217601299286,0,0.5,A3_cost_225,42,fixed
46,S2_ADL_15,2,0,0.012617770582437515,0,0.5,A3_cost_225,42,fixed
47,S2_ADL_16,2,0,0.13107722997665405,0,0.5,A3_cost_225,42,fixed
48,S2_ADL_17,2,0,0.02015531249344349,0,0.5,A3_cost_225,42,fixed
49,S2_ADL_18,2,0,0.013846918009221554,0,0.5,A3_cost_225,42,fixed
50,S2_ADL_19,2,0,0.8050492405891418,1,0.5,A3_cost_225,42,fixed
51,S2_ADL_20,2,0,0.025210438296198845,0,0.5,A3_cost_225,42,fixed
52,S2_ADL_21,2,0,0.09298974275588989,0,0.5,A3_cost_225,42,fixed
53,S2_ADL_22,2,0,0.3741683065891266,0,0.5,A3_cost_225,42,fixed
54,S2_ADL_23,2,0,0.018015310168266296,0,0.5,A3_cost_225,42,fixed
55,S2_FALL_01,2,1,0.9883909225463867,1,0.5,A3_cost_225,42,fixed
56,S2_FALL_02,2,1,0.9958332180976868,1,0.5,A3_cost_225,42,fixed
57,S2_FALL_03,2,1,0.3525272607803345,0,0.5,A3_cost_225,42,fixed
58,S2_FALL_04,2,1,0.9975976347923279,1,0.5,A3_cost_225,42,fixed
59,S2_FALL_05,2,1,0.878849983215332,1,0.5,A3_cost_225,42,fixed
60,S2_FALL_06,2,1,0.9863762259483337,1,0.5,A3_cost_225,42,fixed
61,S2_FALL_07,2,1,0.9549036622047424,1,0.5,A3_cost_225,42,fixed
62,S2_FALL_08,2,1,0.9954450130462646,1,0.5,A3_cost_225,42,fixed
63,S2_FALL_09,2,1,0.9821585416793823,1,0.5,A3_cost_225,42,fixed
64,S2_FALL_10,2,1,0.9893574118614197,1,0.5,A3_cost_225,42,fixed
65,S2_FALL_11,2,1,0.9708448052406311,1,0.5,A3_cost_225,42,fixed
66,S2_FALL_12,2,1,0.9717925786972046,1,0.5,A3_cost_225,42,fixed
67,S2_FALL_13,2,1,0.9095454216003418,1,0.5,A3_cost_225,42,fixed
68,S2_FALL_14,2,1,0.9895609617233276,1,0.5,A3_cost_225,42,fixed
69,S2_FALL_15,2,1,0.38020220398902893,0,0.5,A3_cost_225,42,fixed
70,S2_FALL_16,2,1,0.99997878074646,1,0.5,A3_cost_225,42,fixed
71,S2_FALL_17,2,1,0.9999350309371948,1,0.5,A3_cost_225,42,fixed
72,S2_FALL_18,2,1,0.6762523651123047,1,0.5,A3_cost_225,42,fixed
73,S2_FALL_19,2,1,0.9839604496955872,1,0.5,A3_cost_225,42,fixed
74,S2_FALL_20,2,1,0.9981160163879395,1,0.5,A3_cost_225,42,fixed
75,S2_FALL_21,2,1,0.9980533123016357,1,0.5,A3_cost_225,42,fixed
76,S2_FALL_22,2,1,0.9999486207962036,1,0.5,A3_cost_225,42,fixed
77,S2_FALL_23,2,1,0.9987737536430359,1,0.5,A3_cost_225,42,fixed
78,S2_FALL_24,2,1,0.9985820055007935,1,0.5,A3_cost_225,42,fixed
79,S2_FALL_25,2,1,0.9983306527137756,1,0.5,A3_cost_225,42,fixed
32,S2_ADL_01,2,0,0.626319944858551,1,0.525,A3_cost_225,42,balanced
33,S2_ADL_02,2,0,0.02310144156217575,0,0.525,A3_cost_225,42,balanced
34,S2_ADL_03,2,0,0.3535800278186798,0,0.525,A3_cost_225,42,balanced
35,S2_ADL_04,2,0,0.12110903114080429,0,0.525,A3_cost_225,42,balanced
36,S2_ADL_05,2,0,0.011649629101157188,0,0.525,A3_cost_225,42,balanced
37,S2_ADL_06,2,0,0.024184450507164,0,0.525,A3_cost_225,42,balanced
38,S2_ADL_07,2,0,0.043455302715301514,0,0.525,A3_cost_225,42,balanced
39,S2_ADL_08,2,0,0.11546831578016281,0,0.525,A3_cost_225,42,balanced
40,S2_ADL_09,2,0,0.20073369145393372,0,0.525,A3_cost_225,42,balanced
41,S2_ADL_10,2,0,0.022179212421178818,0,0.525,A3_cost_225,42,balanced
42,S2_ADL_11,2,0,0.019559595733880997,0,0.525,A3_cost_225,42,balanced
43,S2_ADL_12,2,0,0.2640289068222046,0,0.525,A3_cost_225,42,balanced
44,S2_ADL_13,2,0,0.3534597158432007,0,0.525,A3_cost_225,42,balanced
45,S2_ADL_14,2,0,0.4316217601299286,0,0.525,A3_cost_225,42,balanced
46,S2_ADL_15,2,0,0.012617770582437515,0,0.525,A3_cost_225,42,balanced
47,S2_ADL_16,2,0,0.13107722997665405,0,0.525,A3_cost_225,42,balanced
48,S2_ADL_17,2,0,0.02015531249344349,0,0.525,A3_cost_225,42,balanced
49,S2_ADL_18,2,0,0.013846918009221554,0,0.525,A3_cost_225,42,balanced
50,S2_ADL_19,2,0,0.8050492405891418,1,0.525,A3_cost_225,42,balanced
51,S2_ADL_20,2,0,0.025210438296198845,0,0.525,A3_cost_225,42,balanced
52,S2_ADL_21,2,0,0.09298974275588989,0,0.525,A3_cost_225,42,balanced
53,S2_ADL_22,2,0,0.3741683065891266,0,0.525,A3_cost_225,42,balanced
54,S2_ADL_23,2,0,0.018015310168266296,0,0.525,A3_cost_225,42,balanced
55,S2_FALL_01,2,1,0.9883909225463867,1,0.525,A3_cost_225,42,balanced
56,S2_FALL_02,2,1,0.9958332180976868,1,0.525,A3_cost_225,42,balanced
57,S2_FALL_03,2,1,0.3525272607803345,0,0.525,A3_cost_225,42,balanced
58,S2_FALL_04,2,1,0.9975976347923279,1,0.525,A3_cost_225,42,balanced
59,S2_FALL_05,2,1,0.878849983215332,1,0.525,A3_cost_225,42,balanced
60,S2_FALL_06,2,1,0.9863762259483337,1,0.525,A3_cost_225,42,balanced
61,S2_FALL_07,2,1,0.9549036622047424,1,0.525,A3_cost_225,42,balanced
62,S2_FALL_08,2,1,0.9954450130462646,1,0.525,A3_cost_225,42,balanced
63,S2_FALL_09,2,1,0.9821585416793823,1,0.525,A3_cost_225,42,balanced
64,S2_FALL_10,2,1,0.9893574118614197,1,0.525,A3_cost_225,42,balanced
65,S2_FALL_11,2,1,0.9708448052406311,1,0.525,A3_cost_225,42,balanced
66,S2_FALL_12,2,1,0.9717925786972046,1,0.525,A3_cost_225,42,balanced
67,S2_FALL_13,2,1,0.9095454216003418,1,0.525,A3_cost_225,42,balanced
68,S2_FALL_14,2,1,0.9895609617233276,1,0.525,A3_cost_225,42,balanced
69,S2_FALL_15,2,1,0.38020220398902893,0,0.525,A3_cost_225,42,balanced
70,S2_FALL_16,2,1,0.99997878074646,1,0.525,A3_cost_225,42,balanced
71,S2_FALL_17,2,1,0.9999350309371948,1,0.525,A3_cost_225,42,balanced
72,S2_FALL_18,2,1,0.6762523651123047,1,0.525,A3_cost_225,42,balanced
73,S2_FALL_19,2,1,0.9839604496955872,1,0.525,A3_cost_225,42,balanced
74,S2_FALL_20,2,1,0.9981160163879395,1,0.525,A3_cost_225,42,balanced
75,S2_FALL_21,2,1,0.9980533123016357,1,0.525,A3_cost_225,42,balanced
76,S2_FALL_22,2,1,0.9999486207962036,1,0.525,A3_cost_225,42,balanced
77,S2_FALL_23,2,1,0.9987737536430359,1,0.525,A3_cost_225,42,balanced
78,S2_FALL_24,2,1,0.9985820055007935,1,0.525,A3_cost_225,42,balanced
79,S2_FALL_25,2,1,0.9983306527137756,1,0.525,A3_cost_225,42,balanced
32,S2_ADL_01,2,0,0.626319944858551,1,0.37499999999999994,A3_cost_225,42,sensitivity
33,S2_ADL_02,2,0,0.02310144156217575,0,0.37499999999999994,A3_cost_225,42,sensitivity
34,S2_ADL_03,2,0,0.3535800278186798,0,0.37499999999999994,A3_cost_225,42,sensitivity
35,S2_ADL_04,2,0,0.12110903114080429,0,0.37499999999999994,A3_cost_225,42,sensitivity
36,S2_ADL_05,2,0,0.011649629101157188,0,0.37499999999999994,A3_cost_225,42,sensitivity
37,S2_ADL_06,2,0,0.024184450507164,0,0.37499999999999994,A3_cost_225,42,sensitivity
38,S2_ADL_07,2,0,0.043455302715301514,0,0.37499999999999994,A3_cost_225,42,sensitivity
39,S2_ADL_08,2,0,0.11546831578016281,0,0.37499999999999994,A3_cost_225,42,sensitivity
40,S2_ADL_09,2,0,0.20073369145393372,0,0.37499999999999994,A3_cost_225,42,sensitivity
41,S2_ADL_10,2,0,0.022179212421178818,0,0.37499999999999994,A3_cost_225,42,sensitivity
42,S2_ADL_11,2,0,0.019559595733880997,0,0.37499999999999994,A3_cost_225,42,sensitivity
43,S2_ADL_12,2,0,0.2640289068222046,0,0.37499999999999994,A3_cost_225,42,sensitivity
44,S2_ADL_13,2,0,0.3534597158432007,0,0.37499999999999994,A3_cost_225,42,sensitivity
45,S2_ADL_14,2,0,0.4316217601299286,1,0.37499999999999994,A3_cost_225,42,sensitivity
46,S2_ADL_15,2,0,0.012617770582437515,0,0.37499999999999994,A3_cost_225,42,sensitivity
47,S2_ADL_16,2,0,0.13107722997665405,0,0.37499999999999994,A3_cost_225,42,sensitivity
48,S2_ADL_17,2,0,0.02015531249344349,0,0.37499999999999994,A3_cost_225,42,sensitivity
49,S2_ADL_18,2,0,0.013846918009221554,0,0.37499999999999994,A3_cost_225,42,sensitivity
50,S2_ADL_19,2,0,0.8050492405891418,1,0.37499999999999994,A3_cost_225,42,sensitivity
51,S2_ADL_20,2,0,0.025210438296198845,0,0.37499999999999994,A3_cost_225,42,sensitivity
52,S2_ADL_21,2,0,0.09298974275588989,0,0.37499999999999994,A3_cost_225,42,sensitivity
53,S2_ADL_22,2,0,0.3741683065891266,0,0.37499999999999994,A3_cost_225,42,sensitivity
54,S2_ADL_23,2,0,0.018015310168266296,0,0.37499999999999994,A3_cost_225,42,sensitivity
55,S2_FALL_01,2,1,0.9883909225463867,1,0.37499999999999994,A3_cost_225,42,sensitivity
56,S2_FALL_02,2,1,0.9958332180976868,1,0.37499999999999994,A3_cost_225,42,sensitivity
57,S2_FALL_03,2,1,0.3525272607803345,0,0.37499999999999994,A3_cost_225,42,sensitivity
58,S2_FALL_04,2,1,0.9975976347923279,1,0.37499999999999994,A3_cost_225,42,sensitivity
59,S2_FALL_05,2,1,0.878849983215332,1,0.37499999999999994,A3_cost_225,42,sensitivity
60,S2_FALL_06,2,1,0.9863762259483337,1,0.37499999999999994,A3_cost_225,42,sensitivity
61,S2_FALL_07,2,1,0.9549036622047424,1,0.37499999999999994,A3_cost_225,42,sensitivity
62,S2_FALL_08,2,1,0.9954450130462646,1,0.37499999999999994,A3_cost_225,42,sensitivity
63,S2_FALL_09,2,1,0.9821585416793823,1,0.37499999999999994,A3_cost_225,42,sensitivity
64,S2_FALL_10,2,1,0.9893574118614197,1,0.37499999999999994,A3_cost_225,42,sensitivity
65,S2_FALL_11,2,1,0.9708448052406311,1,0.37499999999999994,A3_cost_225,42,sensitivity
66,S2_FALL_12,2,1,0.9717925786972046,1,0.37499999999999994,A3_cost_225,42,sensitivity
67,S2_FALL_13,2,1,0.9095454216003418,1,0.37499999999999994,A3_cost_225,42,sensitivity
68,S2_FALL_14,2,1,0.9895609617233276,1,0.37499999999999994,A3_cost_225,42,sensitivity
69,S2_FALL_15,2,1,0.38020220398902893,1,0.37499999999999994,A3_cost_225,42,sensitivity
70,S2_FALL_16,2,1,0.99997878074646,1,0.37499999999999994,A3_cost_225,42,sensitivity
71,S2_FALL_17,2,1,0.9999350309371948,1,0.37499999999999994,A3_cost_225,42,sensitivity
72,S2_FALL_18,2,1,0.6762523651123047,1,0.37499999999999994,A3_cost_225,42,sensitivity
73,S2_FALL_19,2,1,0.9839604496955872,1,0.37499999999999994,A3_cost_225,42,sensitivity
74,S2_FALL_20,2,1,0.9981160163879395,1,0.37499999999999994,A3_cost_225,42,sensitivity
75,S2_FALL_21,2,1,0.9980533123016357,1,0.37499999999999994,A3_cost_225,42,sensitivity
76,S2_FALL_22,2,1,0.9999486207962036,1,0.37499999999999994,A3_cost_225,42,sensitivity
77,S2_FALL_23,2,1,0.9987737536430359,1,0.37499999999999994,A3_cost_225,42,sensitivity
78,S2_FALL_24,2,1,0.9985820055007935,1,0.37499999999999994,A3_cost_225,42,sensitivity
79,S2_FALL_25,2,1,0.9983306527137756,1,0.37499999999999994,A3_cost_225,42,sensitivity
80,S3_ADL_01,3,0,0.29117119312286377,0,0.5,A3_cost_225,42,fixed
81,S3_ADL_02,3,0,0.15464460849761963,0,0.5,A3_cost_225,42,fixed
82,S3_ADL_03,3,0,0.13541655242443085,0,0.5,A3_cost_225,42,fixed
83,S3_ADL_04,3,0,0.2718580663204193,0,0.5,A3_cost_225,42,fixed
84,S3_ADL_05,3,0,0.83217453956604,1,0.5,A3_cost_225,42,fixed
85,S3_ADL_06,3,0,0.44102275371551514,0,0.5,A3_cost_225,42,fixed
86,S3_ADL_07,3,0,0.41036173701286316,0,0.5,A3_cost_225,42,fixed
87,S3_ADL_08,3,0,0.8167099952697754,1,0.5,A3_cost_225,42,fixed
88,S3_ADL_09,3,0,0.2762037515640259,0,0.5,A3_cost_225,42,fixed
89,S3_ADL_10,3,0,0.17897668480873108,0,0.5,A3_cost_225,42,fixed
90,S3_ADL_11,3,0,0.009570177644491196,0,0.5,A3_cost_225,42,fixed
91,S3_ADL_12,3,0,0.2510475516319275,0,0.5,A3_cost_225,42,fixed
92,S3_ADL_13,3,0,0.21600912511348724,0,0.5,A3_cost_225,42,fixed
93,S3_ADL_14,3,0,0.35412904620170593,0,0.5,A3_cost_225,42,fixed
94,S3_ADL_15,3,0,0.13995370268821716,0,0.5,A3_cost_225,42,fixed
95,S3_ADL_16,3,0,0.12979650497436523,0,0.5,A3_cost_225,42,fixed
96,S3_ADL_17,3,0,0.2795564532279968,0,0.5,A3_cost_225,42,fixed
97,S3_ADL_18,3,0,0.1996496468782425,0,0.5,A3_cost_225,42,fixed
98,S3_ADL_19,3,0,0.12279977649450302,0,0.5,A3_cost_225,42,fixed
99,S3_ADL_20,3,0,0.27886760234832764,0,0.5,A3_cost_225,42,fixed
100,S3_ADL_21,3,0,0.2024001032114029,0,0.5,A3_cost_225,42,fixed
101,S3_ADL_22,3,0,0.09979933500289917,0,0.5,A3_cost_225,42,fixed
102,S3_FALL_01,3,1,0.9953832030296326,1,0.5,A3_cost_225,42,fixed
103,S3_FALL_02,3,1,0.9986611604690552,1,0.5,A3_cost_225,42,fixed
104,S3_FALL_03,3,1,0.992617666721344,1,0.5,A3_cost_225,42,fixed
105,S3_FALL_04,3,1,0.9880383014678955,1,0.5,A3_cost_225,42,fixed
106,S3_FALL_05,3,1,0.9991406202316284,1,0.5,A3_cost_225,42,fixed
107,S3_FALL_06,3,1,0.7165448069572449,1,0.5,A3_cost_225,42,fixed
108,S3_FALL_07,3,1,0.9946828484535217,1,0.5,A3_cost_225,42,fixed
109,S3_FALL_08,3,1,0.98093181848526,1,0.5,A3_cost_225,42,fixed
110,S3_FALL_09,3,1,0.9327632188796997,1,0.5,A3_cost_225,42,fixed
111,S3_FALL_10,3,1,0.702145516872406,1,0.5,A3_cost_225,42,fixed
112,S3_FALL_11,3,1,0.9800739884376526,1,0.5,A3_cost_225,42,fixed
113,S3_FALL_12,3,1,0.9317517876625061,1,0.5,A3_cost_225,42,fixed
114,S3_FALL_13,3,1,0.8989347219467163,1,0.5,A3_cost_225,42,fixed
115,S3_FALL_14,3,1,0.9973660111427307,1,0.5,A3_cost_225,42,fixed
116,S3_FALL_15,3,1,0.9998236298561096,1,0.5,A3_cost_225,42,fixed
117,S3_FALL_16,3,1,0.9995951056480408,1,0.5,A3_cost_225,42,fixed
118,S3_FALL_17,3,1,0.7218241095542908,1,0.5,A3_cost_225,42,fixed
119,S3_FALL_18,3,1,0.9967327117919922,1,0.5,A3_cost_225,42,fixed
120,S3_FALL_19,3,1,0.999920129776001,1,0.5,A3_cost_225,42,fixed
121,S3_FALL_20,3,1,0.9859447479248047,1,0.5,A3_cost_225,42,fixed
122,S3_FALL_21,3,1,0.998346209526062,1,0.5,A3_cost_225,42,fixed
80,S3_ADL_01,3,0,0.29117119312286377,0,0.39999999999999997,A3_cost_225,42,balanced
81,S3_ADL_02,3,0,0.15464460849761963,0,0.39999999999999997,A3_cost_225,42,balanced
82,S3_ADL_03,3,0,0.13541655242443085,0,0.39999999999999997,A3_cost_225,42,balanced
83,S3_ADL_04,3,0,0.2718580663204193,0,0.39999999999999997,A3_cost_225,42,balanced
84,S3_ADL_05,3,0,0.83217453956604,1,0.39999999999999997,A3_cost_225,42,balanced
85,S3_ADL_06,3,0,0.44102275371551514,1,0.39999999999999997,A3_cost_225,42,balanced
86,S3_ADL_07,3,0,0.41036173701286316,1,0.39999999999999997,A3_cost_225,42,balanced
87,S3_ADL_08,3,0,0.8167099952697754,1,0.39999999999999997,A3_cost_225,42,balanced
88,S3_ADL_09,3,0,0.2762037515640259,0,0.39999999999999997,A3_cost_225,42,balanced
89,S3_ADL_10,3,0,0.17897668480873108,0,0.39999999999999997,A3_cost_225,42,balanced
90,S3_ADL_11,3,0,0.009570177644491196,0,0.39999999999999997,A3_cost_225,42,balanced
91,S3_ADL_12,3,0,0.2510475516319275,0,0.39999999999999997,A3_cost_225,42,balanced
92,S3_ADL_13,3,0,0.21600912511348724,0,0.39999999999999997,A3_cost_225,42,balanced
93,S3_ADL_14,3,0,0.35412904620170593,0,0.39999999999999997,A3_cost_225,42,balanced
94,S3_ADL_15,3,0,0.13995370268821716,0,0.39999999999999997,A3_cost_225,42,balanced
95,S3_ADL_16,3,0,0.12979650497436523,0,0.39999999999999997,A3_cost_225,42,balanced
96,S3_ADL_17,3,0,0.2795564532279968,0,0.39999999999999997,A3_cost_225,42,balanced
97,S3_ADL_18,3,0,0.1996496468782425,0,0.39999999999999997,A3_cost_225,42,balanced
98,S3_ADL_19,3,0,0.12279977649450302,0,0.39999999999999997,A3_cost_225,42,balanced
99,S3_ADL_20,3,0,0.27886760234832764,0,0.39999999999999997,A3_cost_225,42,balanced
100,S3_ADL_21,3,0,0.2024001032114029,0,0.39999999999999997,A3_cost_225,42,balanced
101,S3_ADL_22,3,0,0.09979933500289917,0,0.39999999999999997,A3_cost_225,42,balanced
102,S3_FALL_01,3,1,0.9953832030296326,1,0.39999999999999997,A3_cost_225,42,balanced
103,S3_FALL_02,3,1,0.9986611604690552,1,0.39999999999999997,A3_cost_225,42,balanced
104,S3_FALL_03,3,1,0.992617666721344,1,0.39999999999999997,A3_cost_225,42,balanced
105,S3_FALL_04,3,1,0.9880383014678955,1,0.39999999999999997,A3_cost_225,42,balanced
106,S3_FALL_05,3,1,0.9991406202316284,1,0.39999999999999997,A3_cost_225,42,balanced
107,S3_FALL_06,3,1,0.7165448069572449,1,0.39999999999999997,A3_cost_225,42,balanced
108,S3_FALL_07,3,1,0.9946828484535217,1,0.39999999999999997,A3_cost_225,42,balanced
109,S3_FALL_08,3,1,0.98093181848526,1,0.39999999999999997,A3_cost_225,42,balanced
110,S3_FALL_09,3,1,0.9327632188796997,1,0.39999999999999997,A3_cost_225,42,balanced
111,S3_FALL_10,3,1,0.702145516872406,1,0.39999999999999997,A3_cost_225,42,balanced
112,S3_FALL_11,3,1,0.9800739884376526,1,0.39999999999999997,A3_cost_225,42,balanced
113,S3_FALL_12,3,1,0.9317517876625061,1,0.39999999999999997,A3_cost_225,42,balanced
114,S3_FALL_13,3,1,0.8989347219467163,1,0.39999999999999997,A3_cost_225,42,balanced
115,S3_FALL_14,3,1,0.9973660111427307,1,0.39999999999999997,A3_cost_225,42,balanced
116,S3_FALL_15,3,1,0.9998236298561096,1,0.39999999999999997,A3_cost_225,42,balanced
117,S3_FALL_16,3,1,0.9995951056480408,1,0.39999999999999997,A3_cost_225,42,balanced
118,S3_FALL_17,3,1,0.7218241095542908,1,0.39999999999999997,A3_cost_225,42,balanced
119,S3_FALL_18,3,1,0.9967327117919922,1,0.39999999999999997,A3_cost_225,42,balanced
120,S3_FALL_19,3,1,0.999920129776001,1,0.39999999999999997,A3_cost_225,42,balanced
121,S3_FALL_20,3,1,0.9859447479248047,1,0.39999999999999997,A3_cost_225,42,balanced
122,S3_FALL_21,3,1,0.998346209526062,1,0.39999999999999997,A3_cost_225,42,balanced
80,S3_ADL_01,3,0,0.29117119312286377,0,0.39999999999999997,A3_cost_225,42,sensitivity
81,S3_ADL_02,3,0,0.15464460849761963,0,0.39999999999999997,A3_cost_225,42,sensitivity
82,S3_ADL_03,3,0,0.13541655242443085,0,0.39999999999999997,A3_cost_225,42,sensitivity
83,S3_ADL_04,3,0,0.2718580663204193,0,0.39999999999999997,A3_cost_225,42,sensitivity
84,S3_ADL_05,3,0,0.83217453956604,1,0.39999999999999997,A3_cost_225,42,sensitivity
85,S3_ADL_06,3,0,0.44102275371551514,1,0.39999999999999997,A3_cost_225,42,sensitivity
86,S3_ADL_07,3,0,0.41036173701286316,1,0.39999999999999997,A3_cost_225,42,sensitivity
87,S3_ADL_08,3,0,0.8167099952697754,1,0.39999999999999997,A3_cost_225,42,sensitivity
88,S3_ADL_09,3,0,0.2762037515640259,0,0.39999999999999997,A3_cost_225,42,sensitivity
89,S3_ADL_10,3,0,0.17897668480873108,0,0.39999999999999997,A3_cost_225,42,sensitivity
90,S3_ADL_11,3,0,0.009570177644491196,0,0.39999999999999997,A3_cost_225,42,sensitivity
91,S3_ADL_12,3,0,0.2510475516319275,0,0.39999999999999997,A3_cost_225,42,sensitivity
92,S3_ADL_13,3,0,0.21600912511348724,0,0.39999999999999997,A3_cost_225,42,sensitivity
93,S3_ADL_14,3,0,0.35412904620170593,0,0.39999999999999997,A3_cost_225,42,sensitivity
94,S3_ADL_15,3,0,0.13995370268821716,0,0.39999999999999997,A3_cost_225,42,sensitivity
95,S3_ADL_16,3,0,0.12979650497436523,0,0.39999999999999997,A3_cost_225,42,sensitivity
96,S3_ADL_17,3,0,0.2795564532279968,0,0.39999999999999997,A3_cost_225,42,sensitivity
97,S3_ADL_18,3,0,0.1996496468782425,0,0.39999999999999997,A3_cost_225,42,sensitivity
98,S3_ADL_19,3,0,0.12279977649450302,0,0.39999999999999997,A3_cost_225,42,sensitivity
99,S3_ADL_20,3,0,0.27886760234832764,0,0.39999999999999997,A3_cost_225,42,sensitivity
100,S3_ADL_21,3,0,0.2024001032114029,0,0.39999999999999997,A3_cost_225,42,sensitivity
101,S3_ADL_22,3,0,0.09979933500289917,0,0.39999999999999997,A3_cost_225,42,sensitivity
102,S3_FALL_01,3,1,0.9953832030296326,1,0.39999999999999997,A3_cost_225,42,sensitivity
103,S3_FALL_02,3,1,0.9986611604690552,1,0.39999999999999997,A3_cost_225,42,sensitivity
104,S3_FALL_03,3,1,0.992617666721344,1,0.39999999999999997,A3_cost_225,42,sensitivity
105,S3_FALL_04,3,1,0.9880383014678955,1,0.39999999999999997,A3_cost_225,42,sensitivity
106,S3_FALL_05,3,1,0.9991406202316284,1,0.39999999999999997,A3_cost_225,42,sensitivity
107,S3_FALL_06,3,1,0.7165448069572449,1,0.39999999999999997,A3_cost_225,42,sensitivity
108,S3_FALL_07,3,1,0.9946828484535217,1,0.39999999999999997,A3_cost_225,42,sensitivity
109,S3_FALL_08,3,1,0.98093181848526,1,0.39999999999999997,A3_cost_225,42,sensitivity
110,S3_FALL_09,3,1,0.9327632188796997,1,0.39999999999999997,A3_cost_225,42,sensitivity
111,S3_FALL_10,3,1,0.702145516872406,1,0.39999999999999997,A3_cost_225,42,sensitivity
112,S3_FALL_11,3,1,0.9800739884376526,1,0.39999999999999997,A3_cost_225,42,sensitivity
113,S3_FALL_12,3,1,0.9317517876625061,1,0.39999999999999997,A3_cost_225,42,sensitivity
114,S3_FALL_13,3,1,0.8989347219467163,1,0.39999999999999997,A3_cost_225,42,sensitivity
115,S3_FALL_14,3,1,0.9973660111427307,1,0.39999999999999997,A3_cost_225,42,sensitivity
116,S3_FALL_15,3,1,0.9998236298561096,1,0.39999999999999997,A3_cost_225,42,sensitivity
117,S3_FALL_16,3,1,0.9995951056480408,1,0.39999999999999997,A3_cost_225,42,sensitivity
118,S3_FALL_17,3,1,0.7218241095542908,1,0.39999999999999997,A3_cost_225,42,sensitivity
119,S3_FALL_18,3,1,0.9967327117919922,1,0.39999999999999997,A3_cost_225,42,sensitivity
120,S3_FALL_19,3,1,0.999920129776001,1,0.39999999999999997,A3_cost_225,42,sensitivity
121,S3_FALL_20,3,1,0.9859447479248047,1,0.39999999999999997,A3_cost_225,42,sensitivity
122,S3_FALL_21,3,1,0.998346209526062,1,0.39999999999999997,A3_cost_225,42,sensitivity
123,S4_ADL_01,4,0,0.0004882143985014409,0,0.5,A3_cost_225,42,fixed
124,S4_ADL_02,4,0,0.0006411026115529239,0,0.5,A3_cost_225,42,fixed
125,S4_ADL_03,4,0,0.026149684563279152,0,0.5,A3_cost_225,42,fixed
126,S4_ADL_04,4,0,0.013049432076513767,0,0.5,A3_cost_225,42,fixed
127,S4_ADL_05,4,0,0.9970073103904724,1,0.5,A3_cost_225,42,fixed
128,S4_ADL_06,4,0,0.9629724621772766,1,0.5,A3_cost_225,42,fixed
129,S4_ADL_07,4,0,0.9766015410423279,1,0.5,A3_cost_225,42,fixed
130,S4_ADL_08,4,0,0.0002732168941292912,0,0.5,A3_cost_225,42,fixed
131,S4_ADL_09,4,0,0.007920200005173683,0,0.5,A3_cost_225,42,fixed
132,S4_ADL_10,4,0,0.16097642481327057,0,0.5,A3_cost_225,42,fixed
133,S4_ADL_11,4,0,0.000491801998578012,0,0.5,A3_cost_225,42,fixed
134,S4_ADL_12,4,0,0.0011009837035089731,0,0.5,A3_cost_225,42,fixed
135,S4_ADL_13,4,0,0.003474982688203454,0,0.5,A3_cost_225,42,fixed
136,S4_ADL_14,4,0,0.006094314623624086,0,0.5,A3_cost_225,42,fixed
137,S4_ADL_15,4,0,0.020244743674993515,0,0.5,A3_cost_225,42,fixed
138,S4_ADL_16,4,0,0.3090342581272125,0,0.5,A3_cost_225,42,fixed
139,S4_ADL_17,4,0,0.001789349946193397,0,0.5,A3_cost_225,42,fixed
140,S4_ADL_18,4,0,0.0004924613749608397,0,0.5,A3_cost_225,42,fixed
141,S4_ADL_19,4,0,0.0020868617575615644,0,0.5,A3_cost_225,42,fixed
142,S4_ADL_20,4,0,0.0006875353283248842,0,0.5,A3_cost_225,42,fixed
143,S4_FALL_01,4,1,0.9993394017219543,1,0.5,A3_cost_225,42,fixed
144,S4_FALL_02,4,1,0.9094059467315674,1,0.5,A3_cost_225,42,fixed
145,S4_FALL_03,4,1,1.0,1,0.5,A3_cost_225,42,fixed
146,S4_FALL_04,4,1,0.9999836683273315,1,0.5,A3_cost_225,42,fixed
147,S4_FALL_05,4,1,0.22085335850715637,0,0.5,A3_cost_225,42,fixed
148,S4_FALL_06,4,1,0.9551379680633545,1,0.5,A3_cost_225,42,fixed
149,S4_FALL_07,4,1,0.9989296793937683,1,0.5,A3_cost_225,42,fixed
150,S4_FALL_08,4,1,0.842013955116272,1,0.5,A3_cost_225,42,fixed
151,S4_FALL_09,4,1,0.9871599674224854,1,0.5,A3_cost_225,42,fixed
152,S4_FALL_10,4,1,0.9998087286949158,1,0.5,A3_cost_225,42,fixed
153,S4_FALL_11,4,1,0.9999998807907104,1,0.5,A3_cost_225,42,fixed
154,S4_FALL_12,4,1,0.9977567791938782,1,0.5,A3_cost_225,42,fixed
155,S4_FALL_13,4,1,0.6820553541183472,1,0.5,A3_cost_225,42,fixed
156,S4_FALL_14,4,1,0.9973553419113159,1,0.5,A3_cost_225,42,fixed
157,S4_FALL_15,4,1,1.0,1,0.5,A3_cost_225,42,fixed
158,S4_FALL_16,4,1,0.9999992847442627,1,0.5,A3_cost_225,42,fixed
159,S4_FALL_17,4,1,0.5571373701095581,1,0.5,A3_cost_225,42,fixed
123,S4_ADL_01,4,0,0.0004882143985014409,0,0.85,A3_cost_225,42,balanced
124,S4_ADL_02,4,0,0.0006411026115529239,0,0.85,A3_cost_225,42,balanced
125,S4_ADL_03,4,0,0.026149684563279152,0,0.85,A3_cost_225,42,balanced
126,S4_ADL_04,4,0,0.013049432076513767,0,0.85,A3_cost_225,42,balanced
127,S4_ADL_05,4,0,0.9970073103904724,1,0.85,A3_cost_225,42,balanced
128,S4_ADL_06,4,0,0.9629724621772766,1,0.85,A3_cost_225,42,balanced
129,S4_ADL_07,4,0,0.9766015410423279,1,0.85,A3_cost_225,42,balanced
130,S4_ADL_08,4,0,0.0002732168941292912,0,0.85,A3_cost_225,42,balanced
131,S4_ADL_09,4,0,0.007920200005173683,0,0.85,A3_cost_225,42,balanced
132,S4_ADL_10,4,0,0.16097642481327057,0,0.85,A3_cost_225,42,balanced
133,S4_ADL_11,4,0,0.000491801998578012,0,0.85,A3_cost_225,42,balanced
134,S4_ADL_12,4,0,0.0011009837035089731,0,0.85,A3_cost_225,42,balanced
135,S4_ADL_13,4,0,0.003474982688203454,0,0.85,A3_cost_225,42,balanced
136,S4_ADL_14,4,0,0.006094314623624086,0,0.85,A3_cost_225,42,balanced
137,S4_ADL_15,4,0,0.020244743674993515,0,0.85,A3_cost_225,42,balanced
138,S4_ADL_16,4,0,0.3090342581272125,0,0.85,A3_cost_225,42,balanced
139,S4_ADL_17,4,0,0.001789349946193397,0,0.85,A3_cost_225,42,balanced
140,S4_ADL_18,4,0,0.0004924613749608397,0,0.85,A3_cost_225,42,balanced
141,S4_ADL_19,4,0,0.0020868617575615644,0,0.85,A3_cost_225,42,balanced
142,S4_ADL_20,4,0,0.0006875353283248842,0,0.85,A3_cost_225,42,balanced
143,S4_FALL_01,4,1,0.9993394017219543,1,0.85,A3_cost_225,42,balanced
144,S4_FALL_02,4,1,0.9094059467315674,1,0.85,A3_cost_225,42,balanced
145,S4_FALL_03,4,1,1.0,1,0.85,A3_cost_225,42,balanced
146,S4_FALL_04,4,1,0.9999836683273315,1,0.85,A3_cost_225,42,balanced
147,S4_FALL_05,4,1,0.22085335850715637,0,0.85,A3_cost_225,42,balanced
148,S4_FALL_06,4,1,0.9551379680633545,1,0.85,A3_cost_225,42,balanced
149,S4_FALL_07,4,1,0.9989296793937683,1,0.85,A3_cost_225,42,balanced
150,S4_FALL_08,4,1,0.842013955116272,0,0.85,A3_cost_225,42,balanced
151,S4_FALL_09,4,1,0.9871599674224854,1,0.85,A3_cost_225,42,balanced
152,S4_FALL_10,4,1,0.9998087286949158,1,0.85,A3_cost_225,42,balanced
153,S4_FALL_11,4,1,0.9999998807907104,1,0.85,A3_cost_225,42,balanced
154,S4_FALL_12,4,1,0.9977567791938782,1,0.85,A3_cost_225,42,balanced
155,S4_FALL_13,4,1,0.6820553541183472,0,0.85,A3_cost_225,42,balanced
156,S4_FALL_14,4,1,0.9973553419113159,1,0.85,A3_cost_225,42,balanced
157,S4_FALL_15,4,1,1.0,1,0.85,A3_cost_225,42,balanced
158,S4_FALL_16,4,1,0.9999992847442627,1,0.85,A3_cost_225,42,balanced
159,S4_FALL_17,4,1,0.5571373701095581,0,0.85,A3_cost_225,42,balanced
123,S4_ADL_01,4,0,0.0004882143985014409,0,0.6,A3_cost_225,42,sensitivity
124,S4_ADL_02,4,0,0.0006411026115529239,0,0.6,A3_cost_225,42,sensitivity
125,S4_ADL_03,4,0,0.026149684563279152,0,0.6,A3_cost_225,42,sensitivity
126,S4_ADL_04,4,0,0.013049432076513767,0,0.6,A3_cost_225,42,sensitivity
127,S4_ADL_05,4,0,0.9970073103904724,1,0.6,A3_cost_225,42,sensitivity
128,S4_ADL_06,4,0,0.9629724621772766,1,0.6,A3_cost_225,42,sensitivity
129,S4_ADL_07,4,0,0.9766015410423279,1,0.6,A3_cost_225,42,sensitivity
130,S4_ADL_08,4,0,0.0002732168941292912,0,0.6,A3_cost_225,42,sensitivity
131,S4_ADL_09,4,0,0.007920200005173683,0,0.6,A3_cost_225,42,sensitivity
132,S4_ADL_10,4,0,0.16097642481327057,0,0.6,A3_cost_225,42,sensitivity
133,S4_ADL_11,4,0,0.000491801998578012,0,0.6,A3_cost_225,42,sensitivity
134,S4_ADL_12,4,0,0.0011009837035089731,0,0.6,A3_cost_225,42,sensitivity
135,S4_ADL_13,4,0,0.003474982688203454,0,0.6,A3_cost_225,42,sensitivity
136,S4_ADL_14,4,0,0.006094314623624086,0,0.6,A3_cost_225,42,sensitivity
137,S4_ADL_15,4,0,0.020244743674993515,0,0.6,A3_cost_225,42,sensitivity
138,S4_ADL_16,4,0,0.3090342581272125,0,0.6,A3_cost_225,42,sensitivity
139,S4_ADL_17,4,0,0.001789349946193397,0,0.6,A3_cost_225,42,sensitivity
140,S4_ADL_18,4,0,0.0004924613749608397,0,0.6,A3_cost_225,42,sensitivity
141,S4_ADL_19,4,0,0.0020868617575615644,0,0.6,A3_cost_225,42,sensitivity
142,S4_ADL_20,4,0,0.0006875353283248842,0,0.6,A3_cost_225,42,sensitivity
143,S4_FALL_01,4,1,0.9993394017219543,1,0.6,A3_cost_225,42,sensitivity
144,S4_FALL_02,4,1,0.9094059467315674,1,0.6,A3_cost_225,42,sensitivity
145,S4_FALL_03,4,1,1.0,1,0.6,A3_cost_225,42,sensitivity
146,S4_FALL_04,4,1,0.9999836683273315,1,0.6,A3_cost_225,42,sensitivity
147,S4_FALL_05,4,1,0.22085335850715637,0,0.6,A3_cost_225,42,sensitivity
148,S4_FALL_06,4,1,0.9551379680633545,1,0.6,A3_cost_225,42,sensitivity
149,S4_FALL_07,4,1,0.9989296793937683,1,0.6,A3_cost_225,42,sensitivity
150,S4_FALL_08,4,1,0.842013955116272,1,0.6,A3_cost_225,42,sensitivity
151,S4_FALL_09,4,1,0.9871599674224854,1,0.6,A3_cost_225,42,sensitivity
152,S4_FALL_10,4,1,0.9998087286949158,1,0.6,A3_cost_225,42,sensitivity
153,S4_FALL_11,4,1,0.9999998807907104,1,0.6,A3_cost_225,42,sensitivity
154,S4_FALL_12,4,1,0.9977567791938782,1,0.6,A3_cost_225,42,sensitivity
155,S4_FALL_13,4,1,0.6820553541183472,1,0.6,A3_cost_225,42,sensitivity
156,S4_FALL_14,4,1,0.9973553419113159,1,0.6,A3_cost_225,42,sensitivity
157,S4_FALL_15,4,1,1.0,1,0.6,A3_cost_225,42,sensitivity
158,S4_FALL_16,4,1,0.9999992847442627,1,0.6,A3_cost_225,42,sensitivity
159,S4_FALL_17,4,1,0.5571373701095581,0,0.6,A3_cost_225,42,sensitivity
0,S1_ADL_01,1,0,0.1663103997707367,0,0.5,A3_motion_attention,142,fixed
1,S1_ADL_02,1,0,0.6065481305122375,1,0.5,A3_motion_attention,142,fixed
2,S1_ADL_03,1,0,0.6992818117141724,1,0.5,A3_motion_attention,142,fixed
3,S1_ADL_04,1,0,0.0016034625004976988,0,0.5,A3_motion_attention,142,fixed
4,S1_ADL_05,1,0,0.0006199644994921982,0,0.5,A3_motion_attention,142,fixed
5,S1_ADL_06,1,0,0.0017382841324433684,0,0.5,A3_motion_attention,142,fixed
6,S1_ADL_07,1,0,0.0016732232179492712,0,0.5,A3_motion_attention,142,fixed
7,S1_ADL_08,1,0,7.501286017941311e-05,0,0.5,A3_motion_attention,142,fixed
8,S1_ADL_09,1,0,0.0002235265274066478,0,0.5,A3_motion_attention,142,fixed
9,S1_ADL_10,1,0,0.008050194010138512,0,0.5,A3_motion_attention,142,fixed
10,S1_ADL_11,1,0,0.00011591801012400538,0,0.5,A3_motion_attention,142,fixed
11,S1_ADL_12,1,0,0.0028652616310864687,0,0.5,A3_motion_attention,142,fixed
12,S1_ADL_13,1,0,0.0022875929716974497,0,0.5,A3_motion_attention,142,fixed
13,S1_ADL_14,1,0,0.021647924557328224,0,0.5,A3_motion_attention,142,fixed
14,S1_ADL_15,1,0,0.00037023829645477235,0,0.5,A3_motion_attention,142,fixed
15,S1_ADL_16,1,0,0.008894962258636951,0,0.5,A3_motion_attention,142,fixed
16,S1_FALL_01,1,1,0.9973958730697632,1,0.5,A3_motion_attention,142,fixed
17,S1_FALL_02,1,1,0.9998503923416138,1,0.5,A3_motion_attention,142,fixed
18,S1_FALL_03,1,1,0.9996504783630371,1,0.5,A3_motion_attention,142,fixed
19,S1_FALL_04,1,1,0.9999269247055054,1,0.5,A3_motion_attention,142,fixed
20,S1_FALL_05,1,1,0.9999217987060547,1,0.5,A3_motion_attention,142,fixed
21,S1_FALL_06,1,1,0.999613344669342,1,0.5,A3_motion_attention,142,fixed
22,S1_FALL_07,1,1,0.9931568503379822,1,0.5,A3_motion_attention,142,fixed
23,S1_FALL_08,1,1,0.9998759031295776,1,0.5,A3_motion_attention,142,fixed
24,S1_FALL_09,1,1,0.9993686079978943,1,0.5,A3_motion_attention,142,fixed
25,S1_FALL_10,1,1,0.997860848903656,1,0.5,A3_motion_attention,142,fixed
26,S1_FALL_11,1,1,0.9667361974716187,1,0.5,A3_motion_attention,142,fixed
27,S1_FALL_12,1,1,0.9978151321411133,1,0.5,A3_motion_attention,142,fixed
28,S1_FALL_13,1,1,0.2346353381872177,0,0.5,A3_motion_attention,142,fixed
29,S1_FALL_14,1,1,0.701097846031189,1,0.5,A3_motion_attention,142,fixed
30,S1_FALL_15,1,1,0.9616352915763855,1,0.5,A3_motion_attention,142,fixed
31,S1_FALL_16,1,1,0.9552137851715088,1,0.5,A3_motion_attention,142,fixed
0,S1_ADL_01,1,0,0.1663103997707367,0,0.2,A3_motion_attention,142,balanced
1,S1_ADL_02,1,0,0.6065481305122375,1,0.2,A3_motion_attention,142,balanced
2,S1_ADL_03,1,0,0.6992818117141724,1,0.2,A3_motion_attention,142,balanced
3,S1_ADL_04,1,0,0.0016034625004976988,0,0.2,A3_motion_attention,142,balanced
4,S1_ADL_05,1,0,0.0006199644994921982,0,0.2,A3_motion_attention,142,balanced
5,S1_ADL_06,1,0,0.0017382841324433684,0,0.2,A3_motion_attention,142,balanced
6,S1_ADL_07,1,0,0.0016732232179492712,0,0.2,A3_motion_attention,142,balanced
7,S1_ADL_08,1,0,7.501286017941311e-05,0,0.2,A3_motion_attention,142,balanced
8,S1_ADL_09,1,0,0.0002235265274066478,0,0.2,A3_motion_attention,142,balanced
9,S1_ADL_10,1,0,0.008050194010138512,0,0.2,A3_motion_attention,142,balanced
10,S1_ADL_11,1,0,0.00011591801012400538,0,0.2,A3_motion_attention,142,balanced
11,S1_ADL_12,1,0,0.0028652616310864687,0,0.2,A3_motion_attention,142,balanced
12,S1_ADL_13,1,0,0.0022875929716974497,0,0.2,A3_motion_attention,142,balanced
13,S1_ADL_14,1,0,0.021647924557328224,0,0.2,A3_motion_attention,142,balanced
14,S1_ADL_15,1,0,0.00037023829645477235,0,0.2,A3_motion_attention,142,balanced
15,S1_ADL_16,1,0,0.008894962258636951,0,0.2,A3_motion_attention,142,balanced
16,S1_FALL_01,1,1,0.9973958730697632,1,0.2,A3_motion_attention,142,balanced
17,S1_FALL_02,1,1,0.9998503923416138,1,0.2,A3_motion_attention,142,balanced
18,S1_FALL_03,1,1,0.9996504783630371,1,0.2,A3_motion_attention,142,balanced
19,S1_FALL_04,1,1,0.9999269247055054,1,0.2,A3_motion_attention,142,balanced
20,S1_FALL_05,1,1,0.9999217987060547,1,0.2,A3_motion_attention,142,balanced
21,S1_FALL_06,1,1,0.999613344669342,1,0.2,A3_motion_attention,142,balanced
22,S1_FALL_07,1,1,0.9931568503379822,1,0.2,A3_motion_attention,142,balanced
23,S1_FALL_08,1,1,0.9998759031295776,1,0.2,A3_motion_attention,142,balanced
24,S1_FALL_09,1,1,0.9993686079978943,1,0.2,A3_motion_attention,142,balanced
25,S1_FALL_10,1,1,0.997860848903656,1,0.2,A3_motion_attention,142,balanced
26,S1_FALL_11,1,1,0.9667361974716187,1,0.2,A3_motion_attention,142,balanced
27,S1_FALL_12,1,1,0.9978151321411133,1,0.2,A3_motion_attention,142,balanced
28,S1_FALL_13,1,1,0.2346353381872177,1,0.2,A3_motion_attention,142,balanced
29,S1_FALL_14,1,1,0.701097846031189,1,0.2,A3_motion_attention,142,balanced
30,S1_FALL_15,1,1,0.9616352915763855,1,0.2,A3_motion_attention,142,balanced
31,S1_FALL_16,1,1,0.9552137851715088,1,0.2,A3_motion_attention,142,balanced
0,S1_ADL_01,1,0,0.1663103997707367,0,0.2,A3_motion_attention,142,sensitivity
1,S1_ADL_02,1,0,0.6065481305122375,1,0.2,A3_motion_attention,142,sensitivity
2,S1_ADL_03,1,0,0.6992818117141724,1,0.2,A3_motion_attention,142,sensitivity
3,S1_ADL_04,1,0,0.0016034625004976988,0,0.2,A3_motion_attention,142,sensitivity
4,S1_ADL_05,1,0,0.0006199644994921982,0,0.2,A3_motion_attention,142,sensitivity
5,S1_ADL_06,1,0,0.0017382841324433684,0,0.2,A3_motion_attention,142,sensitivity
6,S1_ADL_07,1,0,0.0016732232179492712,0,0.2,A3_motion_attention,142,sensitivity
7,S1_ADL_08,1,0,7.501286017941311e-05,0,0.2,A3_motion_attention,142,sensitivity
8,S1_ADL_09,1,0,0.0002235265274066478,0,0.2,A3_motion_attention,142,sensitivity
9,S1_ADL_10,1,0,0.008050194010138512,0,0.2,A3_motion_attention,142,sensitivity
10,S1_ADL_11,1,0,0.00011591801012400538,0,0.2,A3_motion_attention,142,sensitivity
11,S1_ADL_12,1,0,0.0028652616310864687,0,0.2,A3_motion_attention,142,sensitivity
12,S1_ADL_13,1,0,0.0022875929716974497,0,0.2,A3_motion_attention,142,sensitivity
13,S1_ADL_14,1,0,0.021647924557328224,0,0.2,A3_motion_attention,142,sensitivity
14,S1_ADL_15,1,0,0.00037023829645477235,0,0.2,A3_motion_attention,142,sensitivity
15,S1_ADL_16,1,0,0.008894962258636951,0,0.2,A3_motion_attention,142,sensitivity
16,S1_FALL_01,1,1,0.9973958730697632,1,0.2,A3_motion_attention,142,sensitivity
17,S1_FALL_02,1,1,0.9998503923416138,1,0.2,A3_motion_attention,142,sensitivity
18,S1_FALL_03,1,1,0.9996504783630371,1,0.2,A3_motion_attention,142,sensitivity
19,S1_FALL_04,1,1,0.9999269247055054,1,0.2,A3_motion_attention,142,sensitivity
20,S1_FALL_05,1,1,0.9999217987060547,1,0.2,A3_motion_attention,142,sensitivity
21,S1_FALL_06,1,1,0.999613344669342,1,0.2,A3_motion_attention,142,sensitivity
22,S1_FALL_07,1,1,0.9931568503379822,1,0.2,A3_motion_attention,142,sensitivity
23,S1_FALL_08,1,1,0.9998759031295776,1,0.2,A3_motion_attention,142,sensitivity
24,S1_FALL_09,1,1,0.9993686079978943,1,0.2,A3_motion_attention,142,sensitivity
25,S1_FALL_10,1,1,0.997860848903656,1,0.2,A3_motion_attention,142,sensitivity
26,S1_FALL_11,1,1,0.9667361974716187,1,0.2,A3_motion_attention,142,sensitivity
27,S1_FALL_12,1,1,0.9978151321411133,1,0.2,A3_motion_attention,142,sensitivity
28,S1_FALL_13,1,1,0.2346353381872177,1,0.2,A3_motion_attention,142,sensitivity
29,S1_FALL_14,1,1,0.701097846031189,1,0.2,A3_motion_attention,142,sensitivity
30,S1_FALL_15,1,1,0.9616352915763855,1,0.2,A3_motion_attention,142,sensitivity
31,S1_FALL_16,1,1,0.9552137851715088,1,0.2,A3_motion_attention,142,sensitivity
32,S2_ADL_01,2,0,0.08149537444114685,0,0.5,A3_motion_attention,142,fixed
33,S2_ADL_02,2,0,0.03617129847407341,0,0.5,A3_motion_attention,142,fixed
34,S2_ADL_03,2,0,0.262362539768219,0,0.5,A3_motion_attention,142,fixed
35,S2_ADL_04,2,0,0.7402260899543762,1,0.5,A3_motion_attention,142,fixed
36,S2_ADL_05,2,0,0.07888942211866379,0,0.5,A3_motion_attention,142,fixed
37,S2_ADL_06,2,0,0.10846786946058273,0,0.5,A3_motion_attention,142,fixed
38,S2_ADL_07,2,0,0.025527965277433395,0,0.5,A3_motion_attention,142,fixed
39,S2_ADL_08,2,0,0.14770585298538208,0,0.5,A3_motion_attention,142,fixed
40,S2_ADL_09,2,0,0.03467409685254097,0,0.5,A3_motion_attention,142,fixed
41,S2_ADL_10,2,0,0.09128860384225845,0,0.5,A3_motion_attention,142,fixed
42,S2_ADL_11,2,0,0.019048744812607765,0,0.5,A3_motion_attention,142,fixed
43,S2_ADL_12,2,0,0.6196845769882202,1,0.5,A3_motion_attention,142,fixed
44,S2_ADL_13,2,0,0.03689008578658104,0,0.5,A3_motion_attention,142,fixed
45,S2_ADL_14,2,0,0.18353666365146637,0,0.5,A3_motion_attention,142,fixed
46,S2_ADL_15,2,0,0.02256643958389759,0,0.5,A3_motion_attention,142,fixed
47,S2_ADL_16,2,0,0.1841627061367035,0,0.5,A3_motion_attention,142,fixed
48,S2_ADL_17,2,0,0.024499019607901573,0,0.5,A3_motion_attention,142,fixed
49,S2_ADL_18,2,0,0.021440062671899796,0,0.5,A3_motion_attention,142,fixed
50,S2_ADL_19,2,0,0.12480225414037704,0,0.5,A3_motion_attention,142,fixed
51,S2_ADL_20,2,0,0.01990387961268425,0,0.5,A3_motion_attention,142,fixed
52,S2_ADL_21,2,0,0.08960917592048645,0,0.5,A3_motion_attention,142,fixed
53,S2_ADL_22,2,0,0.49356067180633545,0,0.5,A3_motion_attention,142,fixed
54,S2_ADL_23,2,0,0.03222399204969406,0,0.5,A3_motion_attention,142,fixed
55,S2_FALL_01,2,1,0.9217032194137573,1,0.5,A3_motion_attention,142,fixed
56,S2_FALL_02,2,1,0.98897784948349,1,0.5,A3_motion_attention,142,fixed
57,S2_FALL_03,2,1,0.4451330006122589,0,0.5,A3_motion_attention,142,fixed
58,S2_FALL_04,2,1,0.9910264611244202,1,0.5,A3_motion_attention,142,fixed
59,S2_FALL_05,2,1,0.8688095211982727,1,0.5,A3_motion_attention,142,fixed
60,S2_FALL_06,2,1,0.9135721921920776,1,0.5,A3_motion_attention,142,fixed
61,S2_FALL_07,2,1,0.788850724697113,1,0.5,A3_motion_attention,142,fixed
62,S2_FALL_08,2,1,0.8680142760276794,1,0.5,A3_motion_attention,142,fixed
63,S2_FALL_09,2,1,0.9866113662719727,1,0.5,A3_motion_attention,142,fixed
64,S2_FALL_10,2,1,0.9552001953125,1,0.5,A3_motion_attention,142,fixed
65,S2_FALL_11,2,1,0.9672561287879944,1,0.5,A3_motion_attention,142,fixed
66,S2_FALL_12,2,1,0.9806813597679138,1,0.5,A3_motion_attention,142,fixed
67,S2_FALL_13,2,1,0.9294801950454712,1,0.5,A3_motion_attention,142,fixed
68,S2_FALL_14,2,1,0.7363447546958923,1,0.5,A3_motion_attention,142,fixed
69,S2_FALL_15,2,1,0.419597327709198,0,0.5,A3_motion_attention,142,fixed
70,S2_FALL_16,2,1,0.9989896416664124,1,0.5,A3_motion_attention,142,fixed
71,S2_FALL_17,2,1,0.9988940358161926,1,0.5,A3_motion_attention,142,fixed
72,S2_FALL_18,2,1,0.5081878304481506,1,0.5,A3_motion_attention,142,fixed
73,S2_FALL_19,2,1,0.794128954410553,1,0.5,A3_motion_attention,142,fixed
74,S2_FALL_20,2,1,0.9454530477523804,1,0.5,A3_motion_attention,142,fixed
75,S2_FALL_21,2,1,0.9640671014785767,1,0.5,A3_motion_attention,142,fixed
76,S2_FALL_22,2,1,0.9990429282188416,1,0.5,A3_motion_attention,142,fixed
77,S2_FALL_23,2,1,0.9802893996238708,1,0.5,A3_motion_attention,142,fixed
78,S2_FALL_24,2,1,0.9805034399032593,1,0.5,A3_motion_attention,142,fixed
79,S2_FALL_25,2,1,0.9957140684127808,1,0.5,A3_motion_attention,142,fixed
32,S2_ADL_01,2,0,0.08149537444114685,0,0.25,A3_motion_attention,142,balanced
33,S2_ADL_02,2,0,0.03617129847407341,0,0.25,A3_motion_attention,142,balanced
34,S2_ADL_03,2,0,0.262362539768219,1,0.25,A3_motion_attention,142,balanced
35,S2_ADL_04,2,0,0.7402260899543762,1,0.25,A3_motion_attention,142,balanced
36,S2_ADL_05,2,0,0.07888942211866379,0,0.25,A3_motion_attention,142,balanced
37,S2_ADL_06,2,0,0.10846786946058273,0,0.25,A3_motion_attention,142,balanced
38,S2_ADL_07,2,0,0.025527965277433395,0,0.25,A3_motion_attention,142,balanced
39,S2_ADL_08,2,0,0.14770585298538208,0,0.25,A3_motion_attention,142,balanced
40,S2_ADL_09,2,0,0.03467409685254097,0,0.25,A3_motion_attention,142,balanced
41,S2_ADL_10,2,0,0.09128860384225845,0,0.25,A3_motion_attention,142,balanced
42,S2_ADL_11,2,0,0.019048744812607765,0,0.25,A3_motion_attention,142,balanced
43,S2_ADL_12,2,0,0.6196845769882202,1,0.25,A3_motion_attention,142,balanced
44,S2_ADL_13,2,0,0.03689008578658104,0,0.25,A3_motion_attention,142,balanced
45,S2_ADL_14,2,0,0.18353666365146637,0,0.25,A3_motion_attention,142,balanced
46,S2_ADL_15,2,0,0.02256643958389759,0,0.25,A3_motion_attention,142,balanced
47,S2_ADL_16,2,0,0.1841627061367035,0,0.25,A3_motion_attention,142,balanced
48,S2_ADL_17,2,0,0.024499019607901573,0,0.25,A3_motion_attention,142,balanced
49,S2_ADL_18,2,0,0.021440062671899796,0,0.25,A3_motion_attention,142,balanced
50,S2_ADL_19,2,0,0.12480225414037704,0,0.25,A3_motion_attention,142,balanced
51,S2_ADL_20,2,0,0.01990387961268425,0,0.25,A3_motion_attention,142,balanced
52,S2_ADL_21,2,0,0.08960917592048645,0,0.25,A3_motion_attention,142,balanced
53,S2_ADL_22,2,0,0.49356067180633545,1,0.25,A3_motion_attention,142,balanced
54,S2_ADL_23,2,0,0.03222399204969406,0,0.25,A3_motion_attention,142,balanced
55,S2_FALL_01,2,1,0.9217032194137573,1,0.25,A3_motion_attention,142,balanced
56,S2_FALL_02,2,1,0.98897784948349,1,0.25,A3_motion_attention,142,balanced
57,S2_FALL_03,2,1,0.4451330006122589,1,0.25,A3_motion_attention,142,balanced
58,S2_FALL_04,2,1,0.9910264611244202,1,0.25,A3_motion_attention,142,balanced
59,S2_FALL_05,2,1,0.8688095211982727,1,0.25,A3_motion_attention,142,balanced
60,S2_FALL_06,2,1,0.9135721921920776,1,0.25,A3_motion_attention,142,balanced
61,S2_FALL_07,2,1,0.788850724697113,1,0.25,A3_motion_attention,142,balanced
62,S2_FALL_08,2,1,0.8680142760276794,1,0.25,A3_motion_attention,142,balanced
63,S2_FALL_09,2,1,0.9866113662719727,1,0.25,A3_motion_attention,142,balanced
64,S2_FALL_10,2,1,0.9552001953125,1,0.25,A3_motion_attention,142,balanced
65,S2_FALL_11,2,1,0.9672561287879944,1,0.25,A3_motion_attention,142,balanced
66,S2_FALL_12,2,1,0.9806813597679138,1,0.25,A3_motion_attention,142,balanced
67,S2_FALL_13,2,1,0.9294801950454712,1,0.25,A3_motion_attention,142,balanced
68,S2_FALL_14,2,1,0.7363447546958923,1,0.25,A3_motion_attention,142,balanced
69,S2_FALL_15,2,1,0.419597327709198,1,0.25,A3_motion_attention,142,balanced
70,S2_FALL_16,2,1,0.9989896416664124,1,0.25,A3_motion_attention,142,balanced
71,S2_FALL_17,2,1,0.9988940358161926,1,0.25,A3_motion_attention,142,balanced
72,S2_FALL_18,2,1,0.5081878304481506,1,0.25,A3_motion_attention,142,balanced
73,S2_FALL_19,2,1,0.794128954410553,1,0.25,A3_motion_attention,142,balanced
74,S2_FALL_20,2,1,0.9454530477523804,1,0.25,A3_motion_attention,142,balanced
75,S2_FALL_21,2,1,0.9640671014785767,1,0.25,A3_motion_attention,142,balanced
76,S2_FALL_22,2,1,0.9990429282188416,1,0.25,A3_motion_attention,142,balanced
77,S2_FALL_23,2,1,0.9802893996238708,1,0.25,A3_motion_attention,142,balanced
78,S2_FALL_24,2,1,0.9805034399032593,1,0.25,A3_motion_attention,142,balanced
79,S2_FALL_25,2,1,0.9957140684127808,1,0.25,A3_motion_attention,142,balanced
32,S2_ADL_01,2,0,0.08149537444114685,0,0.2,A3_motion_attention,142,sensitivity
33,S2_ADL_02,2,0,0.03617129847407341,0,0.2,A3_motion_attention,142,sensitivity
34,S2_ADL_03,2,0,0.262362539768219,1,0.2,A3_motion_attention,142,sensitivity
35,S2_ADL_04,2,0,0.7402260899543762,1,0.2,A3_motion_attention,142,sensitivity
36,S2_ADL_05,2,0,0.07888942211866379,0,0.2,A3_motion_attention,142,sensitivity
37,S2_ADL_06,2,0,0.10846786946058273,0,0.2,A3_motion_attention,142,sensitivity
38,S2_ADL_07,2,0,0.025527965277433395,0,0.2,A3_motion_attention,142,sensitivity
39,S2_ADL_08,2,0,0.14770585298538208,0,0.2,A3_motion_attention,142,sensitivity
40,S2_ADL_09,2,0,0.03467409685254097,0,0.2,A3_motion_attention,142,sensitivity
41,S2_ADL_10,2,0,0.09128860384225845,0,0.2,A3_motion_attention,142,sensitivity
42,S2_ADL_11,2,0,0.019048744812607765,0,0.2,A3_motion_attention,142,sensitivity
43,S2_ADL_12,2,0,0.6196845769882202,1,0.2,A3_motion_attention,142,sensitivity
44,S2_ADL_13,2,0,0.03689008578658104,0,0.2,A3_motion_attention,142,sensitivity
45,S2_ADL_14,2,0,0.18353666365146637,0,0.2,A3_motion_attention,142,sensitivity
46,S2_ADL_15,2,0,0.02256643958389759,0,0.2,A3_motion_attention,142,sensitivity
47,S2_ADL_16,2,0,0.1841627061367035,0,0.2,A3_motion_attention,142,sensitivity
48,S2_ADL_17,2,0,0.024499019607901573,0,0.2,A3_motion_attention,142,sensitivity
49,S2_ADL_18,2,0,0.021440062671899796,0,0.2,A3_motion_attention,142,sensitivity
50,S2_ADL_19,2,0,0.12480225414037704,0,0.2,A3_motion_attention,142,sensitivity
51,S2_ADL_20,2,0,0.01990387961268425,0,0.2,A3_motion_attention,142,sensitivity
52,S2_ADL_21,2,0,0.08960917592048645,0,0.2,A3_motion_attention,142,sensitivity
53,S2_ADL_22,2,0,0.49356067180633545,1,0.2,A3_motion_attention,142,sensitivity
54,S2_ADL_23,2,0,0.03222399204969406,0,0.2,A3_motion_attention,142,sensitivity
55,S2_FALL_01,2,1,0.9217032194137573,1,0.2,A3_motion_attention,142,sensitivity
56,S2_FALL_02,2,1,0.98897784948349,1,0.2,A3_motion_attention,142,sensitivity
57,S2_FALL_03,2,1,0.4451330006122589,1,0.2,A3_motion_attention,142,sensitivity
58,S2_FALL_04,2,1,0.9910264611244202,1,0.2,A3_motion_attention,142,sensitivity
59,S2_FALL_05,2,1,0.8688095211982727,1,0.2,A3_motion_attention,142,sensitivity
60,S2_FALL_06,2,1,0.9135721921920776,1,0.2,A3_motion_attention,142,sensitivity
61,S2_FALL_07,2,1,0.788850724697113,1,0.2,A3_motion_attention,142,sensitivity
62,S2_FALL_08,2,1,0.8680142760276794,1,0.2,A3_motion_attention,142,sensitivity
63,S2_FALL_09,2,1,0.9866113662719727,1,0.2,A3_motion_attention,142,sensitivity
64,S2_FALL_10,2,1,0.9552001953125,1,0.2,A3_motion_attention,142,sensitivity
65,S2_FALL_11,2,1,0.9672561287879944,1,0.2,A3_motion_attention,142,sensitivity
66,S2_FALL_12,2,1,0.9806813597679138,1,0.2,A3_motion_attention,142,sensitivity
67,S2_FALL_13,2,1,0.9294801950454712,1,0.2,A3_motion_attention,142,sensitivity
68,S2_FALL_14,2,1,0.7363447546958923,1,0.2,A3_motion_attention,142,sensitivity
69,S2_FALL_15,2,1,0.419597327709198,1,0.2,A3_motion_attention,142,sensitivity
70,S2_FALL_16,2,1,0.9989896416664124,1,0.2,A3_motion_attention,142,sensitivity
71,S2_FALL_17,2,1,0.9988940358161926,1,0.2,A3_motion_attention,142,sensitivity
72,S2_FALL_18,2,1,0.5081878304481506,1,0.2,A3_motion_attention,142,sensitivity
73,S2_FALL_19,2,1,0.794128954410553,1,0.2,A3_motion_attention,142,sensitivity
74,S2_FALL_20,2,1,0.9454530477523804,1,0.2,A3_motion_attention,142,sensitivity
75,S2_FALL_21,2,1,0.9640671014785767,1,0.2,A3_motion_attention,142,sensitivity
76,S2_FALL_22,2,1,0.9990429282188416,1,0.2,A3_motion_attention,142,sensitivity
77,S2_FALL_23,2,1,0.9802893996238708,1,0.2,A3_motion_attention,142,sensitivity
78,S2_FALL_24,2,1,0.9805034399032593,1,0.2,A3_motion_attention,142,sensitivity
79,S2_FALL_25,2,1,0.9957140684127808,1,0.2,A3_motion_attention,142,sensitivity
80,S3_ADL_01,3,0,0.0007077587652020156,0,0.5,A3_motion_attention,142,fixed
81,S3_ADL_02,3,0,0.0020769850816577673,0,0.5,A3_motion_attention,142,fixed
82,S3_ADL_03,3,0,0.003097574459388852,0,0.5,A3_motion_attention,142,fixed
83,S3_ADL_04,3,0,0.014142949134111404,0,0.5,A3_motion_attention,142,fixed
84,S3_ADL_05,3,0,0.9293025732040405,1,0.5,A3_motion_attention,142,fixed
85,S3_ADL_06,3,0,0.9227529764175415,1,0.5,A3_motion_attention,142,fixed
86,S3_ADL_07,3,0,0.4070882499217987,0,0.5,A3_motion_attention,142,fixed
87,S3_ADL_08,3,0,0.9967514276504517,1,0.5,A3_motion_attention,142,fixed
88,S3_ADL_09,3,0,0.08131943643093109,0,0.5,A3_motion_attention,142,fixed
89,S3_ADL_10,3,0,0.0018080085283145308,0,0.5,A3_motion_attention,142,fixed
90,S3_ADL_11,3,0,0.006584239192306995,0,0.5,A3_motion_attention,142,fixed
91,S3_ADL_12,3,0,0.0021374584175646305,0,0.5,A3_motion_attention,142,fixed
92,S3_ADL_13,3,0,0.04308285564184189,0,0.5,A3_motion_attention,142,fixed
93,S3_ADL_14,3,0,0.32696422934532166,0,0.5,A3_motion_attention,142,fixed
94,S3_ADL_15,3,0,0.001056523877196014,0,0.5,A3_motion_attention,142,fixed
95,S3_ADL_16,3,0,0.0009389897459186614,0,0.5,A3_motion_attention,142,fixed
96,S3_ADL_17,3,0,0.0009106824290938675,0,0.5,A3_motion_attention,142,fixed
97,S3_ADL_18,3,0,0.002165151061490178,0,0.5,A3_motion_attention,142,fixed
98,S3_ADL_19,3,0,0.0525406114757061,0,0.5,A3_motion_attention,142,fixed
99,S3_ADL_20,3,0,0.0010406229412183166,0,0.5,A3_motion_attention,142,fixed
100,S3_ADL_21,3,0,0.00719147315248847,0,0.5,A3_motion_attention,142,fixed
101,S3_ADL_22,3,0,0.0015691702719777822,0,0.5,A3_motion_attention,142,fixed
102,S3_FALL_01,3,1,0.9999326467514038,1,0.5,A3_motion_attention,142,fixed
103,S3_FALL_02,3,1,0.9999978542327881,1,0.5,A3_motion_attention,142,fixed
104,S3_FALL_03,3,1,0.9999995231628418,1,0.5,A3_motion_attention,142,fixed
105,S3_FALL_04,3,1,0.9998303651809692,1,0.5,A3_motion_attention,142,fixed
106,S3_FALL_05,3,1,0.9999963045120239,1,0.5,A3_motion_attention,142,fixed
107,S3_FALL_06,3,1,0.4645006060600281,0,0.5,A3_motion_attention,142,fixed
108,S3_FALL_07,3,1,0.999981164932251,1,0.5,A3_motion_attention,142,fixed
109,S3_FALL_08,3,1,0.9999996423721313,1,0.5,A3_motion_attention,142,fixed
110,S3_FALL_09,3,1,0.9979257583618164,1,0.5,A3_motion_attention,142,fixed
111,S3_FALL_10,3,1,0.8830164074897766,1,0.5,A3_motion_attention,142,fixed
112,S3_FALL_11,3,1,0.9994066953659058,1,0.5,A3_motion_attention,142,fixed
113,S3_FALL_12,3,1,0.9995452761650085,1,0.5,A3_motion_attention,142,fixed
114,S3_FALL_13,3,1,0.998860239982605,1,0.5,A3_motion_attention,142,fixed
115,S3_FALL_14,3,1,0.9999814033508301,1,0.5,A3_motion_attention,142,fixed
116,S3_FALL_15,3,1,0.9999997615814209,1,0.5,A3_motion_attention,142,fixed
117,S3_FALL_16,3,1,1.0,1,0.5,A3_motion_attention,142,fixed
118,S3_FALL_17,3,1,0.3179243505001068,0,0.5,A3_motion_attention,142,fixed
119,S3_FALL_18,3,1,0.9999586343765259,1,0.5,A3_motion_attention,142,fixed
120,S3_FALL_19,3,1,0.9999998807907104,1,0.5,A3_motion_attention,142,fixed
121,S3_FALL_20,3,1,0.9999939203262329,1,0.5,A3_motion_attention,142,fixed
122,S3_FALL_21,3,1,0.9999990463256836,1,0.5,A3_motion_attention,142,fixed
80,S3_ADL_01,3,0,0.0007077587652020156,0,0.22499999999999998,A3_motion_attention,142,balanced
81,S3_ADL_02,3,0,0.0020769850816577673,0,0.22499999999999998,A3_motion_attention,142,balanced
82,S3_ADL_03,3,0,0.003097574459388852,0,0.22499999999999998,A3_motion_attention,142,balanced
83,S3_ADL_04,3,0,0.014142949134111404,0,0.22499999999999998,A3_motion_attention,142,balanced
84,S3_ADL_05,3,0,0.9293025732040405,1,0.22499999999999998,A3_motion_attention,142,balanced
85,S3_ADL_06,3,0,0.9227529764175415,1,0.22499999999999998,A3_motion_attention,142,balanced
86,S3_ADL_07,3,0,0.4070882499217987,1,0.22499999999999998,A3_motion_attention,142,balanced
87,S3_ADL_08,3,0,0.9967514276504517,1,0.22499999999999998,A3_motion_attention,142,balanced
88,S3_ADL_09,3,0,0.08131943643093109,0,0.22499999999999998,A3_motion_attention,142,balanced
89,S3_ADL_10,3,0,0.0018080085283145308,0,0.22499999999999998,A3_motion_attention,142,balanced
90,S3_ADL_11,3,0,0.006584239192306995,0,0.22499999999999998,A3_motion_attention,142,balanced
91,S3_ADL_12,3,0,0.0021374584175646305,0,0.22499999999999998,A3_motion_attention,142,balanced
92,S3_ADL_13,3,0,0.04308285564184189,0,0.22499999999999998,A3_motion_attention,142,balanced
93,S3_ADL_14,3,0,0.32696422934532166,1,0.22499999999999998,A3_motion_attention,142,balanced
94,S3_ADL_15,3,0,0.001056523877196014,0,0.22499999999999998,A3_motion_attention,142,balanced
95,S3_ADL_16,3,0,0.0009389897459186614,0,0.22499999999999998,A3_motion_attention,142,balanced
96,S3_ADL_17,3,0,0.0009106824290938675,0,0.22499999999999998,A3_motion_attention,142,balanced
97,S3_ADL_18,3,0,0.002165151061490178,0,0.22499999999999998,A3_motion_attention,142,balanced
98,S3_ADL_19,3,0,0.0525406114757061,0,0.22499999999999998,A3_motion_attention,142,balanced
99,S3_ADL_20,3,0,0.0010406229412183166,0,0.22499999999999998,A3_motion_attention,142,balanced
100,S3_ADL_21,3,0,0.00719147315248847,0,0.22499999999999998,A3_motion_attention,142,balanced
101,S3_ADL_22,3,0,0.0015691702719777822,0,0.22499999999999998,A3_motion_attention,142,balanced
102,S3_FALL_01,3,1,0.9999326467514038,1,0.22499999999999998,A3_motion_attention,142,balanced
103,S3_FALL_02,3,1,0.9999978542327881,1,0.22499999999999998,A3_motion_attention,142,balanced
104,S3_FALL_03,3,1,0.9999995231628418,1,0.22499999999999998,A3_motion_attention,142,balanced
105,S3_FALL_04,3,1,0.9998303651809692,1,0.22499999999999998,A3_motion_attention,142,balanced
106,S3_FALL_05,3,1,0.9999963045120239,1,0.22499999999999998,A3_motion_attention,142,balanced
107,S3_FALL_06,3,1,0.4645006060600281,1,0.22499999999999998,A3_motion_attention,142,balanced
108,S3_FALL_07,3,1,0.999981164932251,1,0.22499999999999998,A3_motion_attention,142,balanced
109,S3_FALL_08,3,1,0.9999996423721313,1,0.22499999999999998,A3_motion_attention,142,balanced
110,S3_FALL_09,3,1,0.9979257583618164,1,0.22499999999999998,A3_motion_attention,142,balanced
111,S3_FALL_10,3,1,0.8830164074897766,1,0.22499999999999998,A3_motion_attention,142,balanced
112,S3_FALL_11,3,1,0.9994066953659058,1,0.22499999999999998,A3_motion_attention,142,balanced
113,S3_FALL_12,3,1,0.9995452761650085,1,0.22499999999999998,A3_motion_attention,142,balanced
114,S3_FALL_13,3,1,0.998860239982605,1,0.22499999999999998,A3_motion_attention,142,balanced
115,S3_FALL_14,3,1,0.9999814033508301,1,0.22499999999999998,A3_motion_attention,142,balanced
116,S3_FALL_15,3,1,0.9999997615814209,1,0.22499999999999998,A3_motion_attention,142,balanced
117,S3_FALL_16,3,1,1.0,1,0.22499999999999998,A3_motion_attention,142,balanced
118,S3_FALL_17,3,1,0.3179243505001068,1,0.22499999999999998,A3_motion_attention,142,balanced
119,S3_FALL_18,3,1,0.9999586343765259,1,0.22499999999999998,A3_motion_attention,142,balanced
120,S3_FALL_19,3,1,0.9999998807907104,1,0.22499999999999998,A3_motion_attention,142,balanced
121,S3_FALL_20,3,1,0.9999939203262329,1,0.22499999999999998,A3_motion_attention,142,balanced
122,S3_FALL_21,3,1,0.9999990463256836,1,0.22499999999999998,A3_motion_attention,142,balanced
80,S3_ADL_01,3,0,0.0007077587652020156,0,0.27499999999999997,A3_motion_attention,142,sensitivity
81,S3_ADL_02,3,0,0.0020769850816577673,0,0.27499999999999997,A3_motion_attention,142,sensitivity
82,S3_ADL_03,3,0,0.003097574459388852,0,0.27499999999999997,A3_motion_attention,142,sensitivity
83,S3_ADL_04,3,0,0.014142949134111404,0,0.27499999999999997,A3_motion_attention,142,sensitivity
84,S3_ADL_05,3,0,0.9293025732040405,1,0.27499999999999997,A3_motion_attention,142,sensitivity
85,S3_ADL_06,3,0,0.9227529764175415,1,0.27499999999999997,A3_motion_attention,142,sensitivity
86,S3_ADL_07,3,0,0.4070882499217987,1,0.27499999999999997,A3_motion_attention,142,sensitivity
87,S3_ADL_08,3,0,0.9967514276504517,1,0.27499999999999997,A3_motion_attention,142,sensitivity
88,S3_ADL_09,3,0,0.08131943643093109,0,0.27499999999999997,A3_motion_attention,142,sensitivity
89,S3_ADL_10,3,0,0.0018080085283145308,0,0.27499999999999997,A3_motion_attention,142,sensitivity
90,S3_ADL_11,3,0,0.006584239192306995,0,0.27499999999999997,A3_motion_attention,142,sensitivity
91,S3_ADL_12,3,0,0.0021374584175646305,0,0.27499999999999997,A3_motion_attention,142,sensitivity
92,S3_ADL_13,3,0,0.04308285564184189,0,0.27499999999999997,A3_motion_attention,142,sensitivity
93,S3_ADL_14,3,0,0.32696422934532166,1,0.27499999999999997,A3_motion_attention,142,sensitivity
94,S3_ADL_15,3,0,0.001056523877196014,0,0.27499999999999997,A3_motion_attention,142,sensitivity
95,S3_ADL_16,3,0,0.0009389897459186614,0,0.27499999999999997,A3_motion_attention,142,sensitivity
96,S3_ADL_17,3,0,0.0009106824290938675,0,0.27499999999999997,A3_motion_attention,142,sensitivity
97,S3_ADL_18,3,0,0.002165151061490178,0,0.27499999999999997,A3_motion_attention,142,sensitivity
98,S3_ADL_19,3,0,0.0525406114757061,0,0.27499999999999997,A3_motion_attention,142,sensitivity
99,S3_ADL_20,3,0,0.0010406229412183166,0,0.27499999999999997,A3_motion_attention,142,sensitivity
100,S3_ADL_21,3,0,0.00719147315248847,0,0.27499999999999997,A3_motion_attention,142,sensitivity
101,S3_ADL_22,3,0,0.0015691702719777822,0,0.27499999999999997,A3_motion_attention,142,sensitivity
102,S3_FALL_01,3,1,0.9999326467514038,1,0.27499999999999997,A3_motion_attention,142,sensitivity
103,S3_FALL_02,3,1,0.9999978542327881,1,0.27499999999999997,A3_motion_attention,142,sensitivity
104,S3_FALL_03,3,1,0.9999995231628418,1,0.27499999999999997,A3_motion_attention,142,sensitivity
105,S3_FALL_04,3,1,0.9998303651809692,1,0.27499999999999997,A3_motion_attention,142,sensitivity
106,S3_FALL_05,3,1,0.9999963045120239,1,0.27499999999999997,A3_motion_attention,142,sensitivity
107,S3_FALL_06,3,1,0.4645006060600281,1,0.27499999999999997,A3_motion_attention,142,sensitivity
108,S3_FALL_07,3,1,0.999981164932251,1,0.27499999999999997,A3_motion_attention,142,sensitivity
109,S3_FALL_08,3,1,0.9999996423721313,1,0.27499999999999997,A3_motion_attention,142,sensitivity
110,S3_FALL_09,3,1,0.9979257583618164,1,0.27499999999999997,A3_motion_attention,142,sensitivity
111,S3_FALL_10,3,1,0.8830164074897766,1,0.27499999999999997,A3_motion_attention,142,sensitivity
112,S3_FALL_11,3,1,0.9994066953659058,1,0.27499999999999997,A3_motion_attention,142,sensitivity
113,S3_FALL_12,3,1,0.9995452761650085,1,0.27499999999999997,A3_motion_attention,142,sensitivity
114,S3_FALL_13,3,1,0.998860239982605,1,0.27499999999999997,A3_motion_attention,142,sensitivity
115,S3_FALL_14,3,1,0.9999814033508301,1,0.27499999999999997,A3_motion_attention,142,sensitivity
116,S3_FALL_15,3,1,0.9999997615814209,1,0.27499999999999997,A3_motion_attention,142,sensitivity
117,S3_FALL_16,3,1,1.0,1,0.27499999999999997,A3_motion_attention,142,sensitivity
118,S3_FALL_17,3,1,0.3179243505001068,1,0.27499999999999997,A3_motion_attention,142,sensitivity
119,S3_FALL_18,3,1,0.9999586343765259,1,0.27499999999999997,A3_motion_attention,142,sensitivity
120,S3_FALL_19,3,1,0.9999998807907104,1,0.27499999999999997,A3_motion_attention,142,sensitivity
121,S3_FALL_20,3,1,0.9999939203262329,1,0.27499999999999997,A3_motion_attention,142,sensitivity
122,S3_FALL_21,3,1,0.9999990463256836,1,0.27499999999999997,A3_motion_attention,142,sensitivity
123,S4_ADL_01,4,0,0.010369164869189262,0,0.5,A3_motion_attention,142,fixed
124,S4_ADL_02,4,0,0.011918952688574791,0,0.5,A3_motion_attention,142,fixed
125,S4_ADL_03,4,0,0.06079961359500885,0,0.5,A3_motion_attention,142,fixed
126,S4_ADL_04,4,0,0.020986076444387436,0,0.5,A3_motion_attention,142,fixed
127,S4_ADL_05,4,0,0.995708703994751,1,0.5,A3_motion_attention,142,fixed
128,S4_ADL_06,4,0,0.9868934154510498,1,0.5,A3_motion_attention,142,fixed
129,S4_ADL_07,4,0,0.1429615467786789,0,0.5,A3_motion_attention,142,fixed
130,S4_ADL_08,4,0,0.0018600276671350002,0,0.5,A3_motion_attention,142,fixed
131,S4_ADL_09,4,0,0.07609599828720093,0,0.5,A3_motion_attention,142,fixed
132,S4_ADL_10,4,0,0.19439859688282013,0,0.5,A3_motion_attention,142,fixed
133,S4_ADL_11,4,0,0.009584872983396053,0,0.5,A3_motion_attention,142,fixed
134,S4_ADL_12,4,0,0.02065400592982769,0,0.5,A3_motion_attention,142,fixed
135,S4_ADL_13,4,0,0.026312900707125664,0,0.5,A3_motion_attention,142,fixed
136,S4_ADL_14,4,0,0.03762277215719223,0,0.5,A3_motion_attention,142,fixed
137,S4_ADL_15,4,0,0.021898606792092323,0,0.5,A3_motion_attention,142,fixed
138,S4_ADL_16,4,0,0.13822244107723236,0,0.5,A3_motion_attention,142,fixed
139,S4_ADL_17,4,0,0.004402197897434235,0,0.5,A3_motion_attention,142,fixed
140,S4_ADL_18,4,0,0.011401289142668247,0,0.5,A3_motion_attention,142,fixed
141,S4_ADL_19,4,0,0.07913409173488617,0,0.5,A3_motion_attention,142,fixed
142,S4_ADL_20,4,0,0.01692085899412632,0,0.5,A3_motion_attention,142,fixed
143,S4_FALL_01,4,1,0.9812264442443848,1,0.5,A3_motion_attention,142,fixed
144,S4_FALL_02,4,1,0.1003827154636383,0,0.5,A3_motion_attention,142,fixed
145,S4_FALL_03,4,1,0.9309797286987305,1,0.5,A3_motion_attention,142,fixed
146,S4_FALL_04,4,1,0.999976396560669,1,0.5,A3_motion_attention,142,fixed
147,S4_FALL_05,4,1,0.023429954424500465,0,0.5,A3_motion_attention,142,fixed
148,S4_FALL_06,4,1,0.9548624753952026,1,0.5,A3_motion_attention,142,fixed
149,S4_FALL_07,4,1,0.9988946318626404,1,0.5,A3_motion_attention,142,fixed
150,S4_FALL_08,4,1,0.9992932081222534,1,0.5,A3_motion_attention,142,fixed
151,S4_FALL_09,4,1,0.5094466805458069,1,0.5,A3_motion_attention,142,fixed
152,S4_FALL_10,4,1,0.9863990545272827,1,0.5,A3_motion_attention,142,fixed
153,S4_FALL_11,4,1,0.9999681711196899,1,0.5,A3_motion_attention,142,fixed
154,S4_FALL_12,4,1,0.9609988331794739,1,0.5,A3_motion_attention,142,fixed
155,S4_FALL_13,4,1,0.04078679531812668,0,0.5,A3_motion_attention,142,fixed
156,S4_FALL_14,4,1,0.9355747103691101,1,0.5,A3_motion_attention,142,fixed
157,S4_FALL_15,4,1,0.9999474287033081,1,0.5,A3_motion_attention,142,fixed
158,S4_FALL_16,4,1,0.9957842230796814,1,0.5,A3_motion_attention,142,fixed
159,S4_FALL_17,4,1,0.9851505160331726,1,0.5,A3_motion_attention,142,fixed
123,S4_ADL_01,4,0,0.010369164869189262,0,0.525,A3_motion_attention,142,balanced
124,S4_ADL_02,4,0,0.011918952688574791,0,0.525,A3_motion_attention,142,balanced
125,S4_ADL_03,4,0,0.06079961359500885,0,0.525,A3_motion_attention,142,balanced
126,S4_ADL_04,4,0,0.020986076444387436,0,0.525,A3_motion_attention,142,balanced
127,S4_ADL_05,4,0,0.995708703994751,1,0.525,A3_motion_attention,142,balanced
128,S4_ADL_06,4,0,0.9868934154510498,1,0.525,A3_motion_attention,142,balanced
129,S4_ADL_07,4,0,0.1429615467786789,0,0.525,A3_motion_attention,142,balanced
130,S4_ADL_08,4,0,0.0018600276671350002,0,0.525,A3_motion_attention,142,balanced
131,S4_ADL_09,4,0,0.07609599828720093,0,0.525,A3_motion_attention,142,balanced
132,S4_ADL_10,4,0,0.19439859688282013,0,0.525,A3_motion_attention,142,balanced
133,S4_ADL_11,4,0,0.009584872983396053,0,0.525,A3_motion_attention,142,balanced
134,S4_ADL_12,4,0,0.02065400592982769,0,0.525,A3_motion_attention,142,balanced
135,S4_ADL_13,4,0,0.026312900707125664,0,0.525,A3_motion_attention,142,balanced
136,S4_ADL_14,4,0,0.03762277215719223,0,0.525,A3_motion_attention,142,balanced
137,S4_ADL_15,4,0,0.021898606792092323,0,0.525,A3_motion_attention,142,balanced
138,S4_ADL_16,4,0,0.13822244107723236,0,0.525,A3_motion_attention,142,balanced
139,S4_ADL_17,4,0,0.004402197897434235,0,0.525,A3_motion_attention,142,balanced
140,S4_ADL_18,4,0,0.011401289142668247,0,0.525,A3_motion_attention,142,balanced
141,S4_ADL_19,4,0,0.07913409173488617,0,0.525,A3_motion_attention,142,balanced
142,S4_ADL_20,4,0,0.01692085899412632,0,0.525,A3_motion_attention,142,balanced
143,S4_FALL_01,4,1,0.9812264442443848,1,0.525,A3_motion_attention,142,balanced
144,S4_FALL_02,4,1,0.1003827154636383,0,0.525,A3_motion_attention,142,balanced
145,S4_FALL_03,4,1,0.9309797286987305,1,0.525,A3_motion_attention,142,balanced
146,S4_FALL_04,4,1,0.999976396560669,1,0.525,A3_motion_attention,142,balanced
147,S4_FALL_05,4,1,0.023429954424500465,0,0.525,A3_motion_attention,142,balanced
148,S4_FALL_06,4,1,0.9548624753952026,1,0.525,A3_motion_attention,142,balanced
149,S4_FALL_07,4,1,0.9988946318626404,1,0.525,A3_motion_attention,142,balanced
150,S4_FALL_08,4,1,0.9992932081222534,1,0.525,A3_motion_attention,142,balanced
151,S4_FALL_09,4,1,0.5094466805458069,0,0.525,A3_motion_attention,142,balanced
152,S4_FALL_10,4,1,0.9863990545272827,1,0.525,A3_motion_attention,142,balanced
153,S4_FALL_11,4,1,0.9999681711196899,1,0.525,A3_motion_attention,142,balanced
154,S4_FALL_12,4,1,0.9609988331794739,1,0.525,A3_motion_attention,142,balanced
155,S4_FALL_13,4,1,0.04078679531812668,0,0.525,A3_motion_attention,142,balanced
156,S4_FALL_14,4,1,0.9355747103691101,1,0.525,A3_motion_attention,142,balanced
157,S4_FALL_15,4,1,0.9999474287033081,1,0.525,A3_motion_attention,142,balanced
158,S4_FALL_16,4,1,0.9957842230796814,1,0.525,A3_motion_attention,142,balanced
159,S4_FALL_17,4,1,0.9851505160331726,1,0.525,A3_motion_attention,142,balanced
123,S4_ADL_01,4,0,0.010369164869189262,0,0.525,A3_motion_attention,142,sensitivity
124,S4_ADL_02,4,0,0.011918952688574791,0,0.525,A3_motion_attention,142,sensitivity
125,S4_ADL_03,4,0,0.06079961359500885,0,0.525,A3_motion_attention,142,sensitivity
126,S4_ADL_04,4,0,0.020986076444387436,0,0.525,A3_motion_attention,142,sensitivity
127,S4_ADL_05,4,0,0.995708703994751,1,0.525,A3_motion_attention,142,sensitivity
128,S4_ADL_06,4,0,0.9868934154510498,1,0.525,A3_motion_attention,142,sensitivity
129,S4_ADL_07,4,0,0.1429615467786789,0,0.525,A3_motion_attention,142,sensitivity
130,S4_ADL_08,4,0,0.0018600276671350002,0,0.525,A3_motion_attention,142,sensitivity
131,S4_ADL_09,4,0,0.07609599828720093,0,0.525,A3_motion_attention,142,sensitivity
132,S4_ADL_10,4,0,0.19439859688282013,0,0.525,A3_motion_attention,142,sensitivity
133,S4_ADL_11,4,0,0.009584872983396053,0,0.525,A3_motion_attention,142,sensitivity
134,S4_ADL_12,4,0,0.02065400592982769,0,0.525,A3_motion_attention,142,sensitivity
135,S4_ADL_13,4,0,0.026312900707125664,0,0.525,A3_motion_attention,142,sensitivity
136,S4_ADL_14,4,0,0.03762277215719223,0,0.525,A3_motion_attention,142,sensitivity
137,S4_ADL_15,4,0,0.021898606792092323,0,0.525,A3_motion_attention,142,sensitivity
138,S4_ADL_16,4,0,0.13822244107723236,0,0.525,A3_motion_attention,142,sensitivity
139,S4_ADL_17,4,0,0.004402197897434235,0,0.525,A3_motion_attention,142,sensitivity
140,S4_ADL_18,4,0,0.011401289142668247,0,0.525,A3_motion_attention,142,sensitivity
141,S4_ADL_19,4,0,0.07913409173488617,0,0.525,A3_motion_attention,142,sensitivity
142,S4_ADL_20,4,0,0.01692085899412632,0,0.525,A3_motion_attention,142,sensitivity
143,S4_FALL_01,4,1,0.9812264442443848,1,0.525,A3_motion_attention,142,sensitivity
144,S4_FALL_02,4,1,0.1003827154636383,0,0.525,A3_motion_attention,142,sensitivity
145,S4_FALL_03,4,1,0.9309797286987305,1,0.525,A3_motion_attention,142,sensitivity
146,S4_FALL_04,4,1,0.999976396560669,1,0.525,A3_motion_attention,142,sensitivity
147,S4_FALL_05,4,1,0.023429954424500465,0,0.525,A3_motion_attention,142,sensitivity
148,S4_FALL_06,4,1,0.9548624753952026,1,0.525,A3_motion_attention,142,sensitivity
149,S4_FALL_07,4,1,0.9988946318626404,1,0.525,A3_motion_attention,142,sensitivity
150,S4_FALL_08,4,1,0.9992932081222534,1,0.525,A3_motion_attention,142,sensitivity
151,S4_FALL_09,4,1,0.5094466805458069,0,0.525,A3_motion_attention,142,sensitivity
152,S4_FALL_10,4,1,0.9863990545272827,1,0.525,A3_motion_attention,142,sensitivity
153,S4_FALL_11,4,1,0.9999681711196899,1,0.525,A3_motion_attention,142,sensitivity
154,S4_FALL_12,4,1,0.9609988331794739,1,0.525,A3_motion_attention,142,sensitivity
155,S4_FALL_13,4,1,0.04078679531812668,0,0.525,A3_motion_attention,142,sensitivity
156,S4_FALL_14,4,1,0.9355747103691101,1,0.525,A3_motion_attention,142,sensitivity
157,S4_FALL_15,4,1,0.9999474287033081,1,0.525,A3_motion_attention,142,sensitivity
158,S4_FALL_16,4,1,0.9957842230796814,1,0.525,A3_motion_attention,142,sensitivity
159,S4_FALL_17,4,1,0.9851505160331726,1,0.525,A3_motion_attention,142,sensitivity
0,S1_ADL_01,1,0,0.6946229934692383,1,0.5,A3_motion_attention,242,fixed
1,S1_ADL_02,1,0,0.6999732255935669,1,0.5,A3_motion_attention,242,fixed
2,S1_ADL_03,1,0,0.8340826034545898,1,0.5,A3_motion_attention,242,fixed
3,S1_ADL_04,1,0,0.1466904580593109,0,0.5,A3_motion_attention,242,fixed
4,S1_ADL_05,1,0,0.16404233872890472,0,0.5,A3_motion_attention,242,fixed
5,S1_ADL_06,1,0,0.0494714193046093,0,0.5,A3_motion_attention,242,fixed
6,S1_ADL_07,1,0,0.07014456391334534,0,0.5,A3_motion_attention,242,fixed
7,S1_ADL_08,1,0,0.047752317041158676,0,0.5,A3_motion_attention,242,fixed
8,S1_ADL_09,1,0,0.0593106783926487,0,0.5,A3_motion_attention,242,fixed
9,S1_ADL_10,1,0,0.033069461584091187,0,0.5,A3_motion_attention,242,fixed
10,S1_ADL_11,1,0,0.021858980879187584,0,0.5,A3_motion_attention,242,fixed
11,S1_ADL_12,1,0,0.09584005177021027,0,0.5,A3_motion_attention,242,fixed
12,S1_ADL_13,1,0,0.03553259000182152,0,0.5,A3_motion_attention,242,fixed
13,S1_ADL_14,1,0,0.1524667739868164,0,0.5,A3_motion_attention,242,fixed
14,S1_ADL_15,1,0,0.04237134009599686,0,0.5,A3_motion_attention,242,fixed
15,S1_ADL_16,1,0,0.1875300109386444,0,0.5,A3_motion_attention,242,fixed
16,S1_FALL_01,1,1,0.9637003540992737,1,0.5,A3_motion_attention,242,fixed
17,S1_FALL_02,1,1,0.9999070167541504,1,0.5,A3_motion_attention,242,fixed
18,S1_FALL_03,1,1,0.9607166647911072,1,0.5,A3_motion_attention,242,fixed
19,S1_FALL_04,1,1,0.9977909326553345,1,0.5,A3_motion_attention,242,fixed
20,S1_FALL_05,1,1,0.9997320771217346,1,0.5,A3_motion_attention,242,fixed
21,S1_FALL_06,1,1,0.9998825788497925,1,0.5,A3_motion_attention,242,fixed
22,S1_FALL_07,1,1,0.9996551275253296,1,0.5,A3_motion_attention,242,fixed
23,S1_FALL_08,1,1,0.9962676167488098,1,0.5,A3_motion_attention,242,fixed
24,S1_FALL_09,1,1,0.9999901056289673,1,0.5,A3_motion_attention,242,fixed
25,S1_FALL_10,1,1,0.999924898147583,1,0.5,A3_motion_attention,242,fixed
26,S1_FALL_11,1,1,0.8731430172920227,1,0.5,A3_motion_attention,242,fixed
27,S1_FALL_12,1,1,0.9952998161315918,1,0.5,A3_motion_attention,242,fixed
28,S1_FALL_13,1,1,0.9833366274833679,1,0.5,A3_motion_attention,242,fixed
29,S1_FALL_14,1,1,0.9817341566085815,1,0.5,A3_motion_attention,242,fixed
30,S1_FALL_15,1,1,0.8325121402740479,1,0.5,A3_motion_attention,242,fixed
31,S1_FALL_16,1,1,0.899480402469635,1,0.5,A3_motion_attention,242,fixed
0,S1_ADL_01,1,0,0.6946229934692383,1,0.42499999999999993,A3_motion_attention,242,balanced
1,S1_ADL_02,1,0,0.6999732255935669,1,0.42499999999999993,A3_motion_attention,242,balanced
2,S1_ADL_03,1,0,0.8340826034545898,1,0.42499999999999993,A3_motion_attention,242,balanced
3,S1_ADL_04,1,0,0.1466904580593109,0,0.42499999999999993,A3_motion_attention,242,balanced
4,S1_ADL_05,1,0,0.16404233872890472,0,0.42499999999999993,A3_motion_attention,242,balanced
5,S1_ADL_06,1,0,0.0494714193046093,0,0.42499999999999993,A3_motion_attention,242,balanced
6,S1_ADL_07,1,0,0.07014456391334534,0,0.42499999999999993,A3_motion_attention,242,balanced
7,S1_ADL_08,1,0,0.047752317041158676,0,0.42499999999999993,A3_motion_attention,242,balanced
8,S1_ADL_09,1,0,0.0593106783926487,0,0.42499999999999993,A3_motion_attention,242,balanced
9,S1_ADL_10,1,0,0.033069461584091187,0,0.42499999999999993,A3_motion_attention,242,balanced
10,S1_ADL_11,1,0,0.021858980879187584,0,0.42499999999999993,A3_motion_attention,242,balanced
11,S1_ADL_12,1,0,0.09584005177021027,0,0.42499999999999993,A3_motion_attention,242,balanced
12,S1_ADL_13,1,0,0.03553259000182152,0,0.42499999999999993,A3_motion_attention,242,balanced
13,S1_ADL_14,1,0,0.1524667739868164,0,0.42499999999999993,A3_motion_attention,242,balanced
14,S1_ADL_15,1,0,0.04237134009599686,0,0.42499999999999993,A3_motion_attention,242,balanced
15,S1_ADL_16,1,0,0.1875300109386444,0,0.42499999999999993,A3_motion_attention,242,balanced
16,S1_FALL_01,1,1,0.9637003540992737,1,0.42499999999999993,A3_motion_attention,242,balanced
17,S1_FALL_02,1,1,0.9999070167541504,1,0.42499999999999993,A3_motion_attention,242,balanced
18,S1_FALL_03,1,1,0.9607166647911072,1,0.42499999999999993,A3_motion_attention,242,balanced
19,S1_FALL_04,1,1,0.9977909326553345,1,0.42499999999999993,A3_motion_attention,242,balanced
20,S1_FALL_05,1,1,0.9997320771217346,1,0.42499999999999993,A3_motion_attention,242,balanced
21,S1_FALL_06,1,1,0.9998825788497925,1,0.42499999999999993,A3_motion_attention,242,balanced
22,S1_FALL_07,1,1,0.9996551275253296,1,0.42499999999999993,A3_motion_attention,242,balanced
23,S1_FALL_08,1,1,0.9962676167488098,1,0.42499999999999993,A3_motion_attention,242,balanced
24,S1_FALL_09,1,1,0.9999901056289673,1,0.42499999999999993,A3_motion_attention,242,balanced
25,S1_FALL_10,1,1,0.999924898147583,1,0.42499999999999993,A3_motion_attention,242,balanced
26,S1_FALL_11,1,1,0.8731430172920227,1,0.42499999999999993,A3_motion_attention,242,balanced
27,S1_FALL_12,1,1,0.9952998161315918,1,0.42499999999999993,A3_motion_attention,242,balanced
28,S1_FALL_13,1,1,0.9833366274833679,1,0.42499999999999993,A3_motion_attention,242,balanced
29,S1_FALL_14,1,1,0.9817341566085815,1,0.42499999999999993,A3_motion_attention,242,balanced
30,S1_FALL_15,1,1,0.8325121402740479,1,0.42499999999999993,A3_motion_attention,242,balanced
31,S1_FALL_16,1,1,0.899480402469635,1,0.42499999999999993,A3_motion_attention,242,balanced
0,S1_ADL_01,1,0,0.6946229934692383,1,0.42499999999999993,A3_motion_attention,242,sensitivity
1,S1_ADL_02,1,0,0.6999732255935669,1,0.42499999999999993,A3_motion_attention,242,sensitivity
2,S1_ADL_03,1,0,0.8340826034545898,1,0.42499999999999993,A3_motion_attention,242,sensitivity
3,S1_ADL_04,1,0,0.1466904580593109,0,0.42499999999999993,A3_motion_attention,242,sensitivity
4,S1_ADL_05,1,0,0.16404233872890472,0,0.42499999999999993,A3_motion_attention,242,sensitivity
5,S1_ADL_06,1,0,0.0494714193046093,0,0.42499999999999993,A3_motion_attention,242,sensitivity
6,S1_ADL_07,1,0,0.07014456391334534,0,0.42499999999999993,A3_motion_attention,242,sensitivity
7,S1_ADL_08,1,0,0.047752317041158676,0,0.42499999999999993,A3_motion_attention,242,sensitivity
8,S1_ADL_09,1,0,0.0593106783926487,0,0.42499999999999993,A3_motion_attention,242,sensitivity
9,S1_ADL_10,1,0,0.033069461584091187,0,0.42499999999999993,A3_motion_attention,242,sensitivity
10,S1_ADL_11,1,0,0.021858980879187584,0,0.42499999999999993,A3_motion_attention,242,sensitivity
11,S1_ADL_12,1,0,0.09584005177021027,0,0.42499999999999993,A3_motion_attention,242,sensitivity
12,S1_ADL_13,1,0,0.03553259000182152,0,0.42499999999999993,A3_motion_attention,242,sensitivity
13,S1_ADL_14,1,0,0.1524667739868164,0,0.42499999999999993,A3_motion_attention,242,sensitivity
14,S1_ADL_15,1,0,0.04237134009599686,0,0.42499999999999993,A3_motion_attention,242,sensitivity
15,S1_ADL_16,1,0,0.1875300109386444,0,0.42499999999999993,A3_motion_attention,242,sensitivity
16,S1_FALL_01,1,1,0.9637003540992737,1,0.42499999999999993,A3_motion_attention,242,sensitivity
17,S1_FALL_02,1,1,0.9999070167541504,1,0.42499999999999993,A3_motion_attention,242,sensitivity
18,S1_FALL_03,1,1,0.9607166647911072,1,0.42499999999999993,A3_motion_attention,242,sensitivity
19,S1_FALL_04,1,1,0.9977909326553345,1,0.42499999999999993,A3_motion_attention,242,sensitivity
20,S1_FALL_05,1,1,0.9997320771217346,1,0.42499999999999993,A3_motion_attention,242,sensitivity
21,S1_FALL_06,1,1,0.9998825788497925,1,0.42499999999999993,A3_motion_attention,242,sensitivity
22,S1_FALL_07,1,1,0.9996551275253296,1,0.42499999999999993,A3_motion_attention,242,sensitivity
23,S1_FALL_08,1,1,0.9962676167488098,1,0.42499999999999993,A3_motion_attention,242,sensitivity
24,S1_FALL_09,1,1,0.9999901056289673,1,0.42499999999999993,A3_motion_attention,242,sensitivity
25,S1_FALL_10,1,1,0.999924898147583,1,0.42499999999999993,A3_motion_attention,242,sensitivity
26,S1_FALL_11,1,1,0.8731430172920227,1,0.42499999999999993,A3_motion_attention,242,sensitivity
27,S1_FALL_12,1,1,0.9952998161315918,1,0.42499999999999993,A3_motion_attention,242,sensitivity
28,S1_FALL_13,1,1,0.9833366274833679,1,0.42499999999999993,A3_motion_attention,242,sensitivity
29,S1_FALL_14,1,1,0.9817341566085815,1,0.42499999999999993,A3_motion_attention,242,sensitivity
30,S1_FALL_15,1,1,0.8325121402740479,1,0.42499999999999993,A3_motion_attention,242,sensitivity
31,S1_FALL_16,1,1,0.899480402469635,1,0.42499999999999993,A3_motion_attention,242,sensitivity
32,S2_ADL_01,2,0,0.10498679429292679,0,0.5,A3_motion_attention,242,fixed
33,S2_ADL_02,2,0,0.010006237775087357,0,0.5,A3_motion_attention,242,fixed
34,S2_ADL_03,2,0,0.6752114295959473,1,0.5,A3_motion_attention,242,fixed
35,S2_ADL_04,2,0,0.0322980098426342,0,0.5,A3_motion_attention,242,fixed
36,S2_ADL_05,2,0,0.010546239092946053,0,0.5,A3_motion_attention,242,fixed
37,S2_ADL_06,2,0,0.02537023089826107,0,0.5,A3_motion_attention,242,fixed
38,S2_ADL_07,2,0,0.005401128437370062,0,0.5,A3_motion_attention,242,fixed
39,S2_ADL_08,2,0,0.359121710062027,0,0.5,A3_motion_attention,242,fixed
40,S2_ADL_09,2,0,0.6370310187339783,1,0.5,A3_motion_attention,242,fixed
41,S2_ADL_10,2,0,0.024888090789318085,0,0.5,A3_motion_attention,242,fixed
42,S2_ADL_11,2,0,0.0029757311567664146,0,0.5,A3_motion_attention,242,fixed
43,S2_ADL_12,2,0,0.7940102815628052,1,0.5,A3_motion_attention,242,fixed
44,S2_ADL_13,2,0,0.5195887684822083,1,0.5,A3_motion_attention,242,fixed
45,S2_ADL_14,2,0,0.9097965359687805,1,0.5,A3_motion_attention,242,fixed
46,S2_ADL_15,2,0,0.021744493395090103,0,0.5,A3_motion_attention,242,fixed
47,S2_ADL_16,2,0,0.5518014430999756,1,0.5,A3_motion_attention,242,fixed
48,S2_ADL_17,2,0,0.011666204780340195,0,0.5,A3_motion_attention,242,fixed
49,S2_ADL_18,2,0,0.0036908816546201706,0,0.5,A3_motion_attention,242,fixed
50,S2_ADL_19,2,0,0.8005231618881226,1,0.5,A3_motion_attention,242,fixed
51,S2_ADL_20,2,0,0.010617310181260109,0,0.5,A3_motion_attention,242,fixed
52,S2_ADL_21,2,0,0.26049208641052246,0,0.5,A3_motion_attention,242,fixed
53,S2_ADL_22,2,0,0.8594577312469482,1,0.5,A3_motion_attention,242,fixed
54,S2_ADL_23,2,0,0.012455945834517479,0,0.5,A3_motion_attention,242,fixed
55,S2_FALL_01,2,1,0.8604530096054077,1,0.5,A3_motion_attention,242,fixed
56,S2_FALL_02,2,1,0.9995967745780945,1,0.5,A3_motion_attention,242,fixed
57,S2_FALL_03,2,1,0.8513038158416748,1,0.5,A3_motion_attention,242,fixed
58,S2_FALL_04,2,1,0.9985652565956116,1,0.5,A3_motion_attention,242,fixed
59,S2_FALL_05,2,1,0.9932037591934204,1,0.5,A3_motion_attention,242,fixed
60,S2_FALL_06,2,1,0.9882619976997375,1,0.5,A3_motion_attention,242,fixed
61,S2_FALL_07,2,1,0.6750361323356628,1,0.5,A3_motion_attention,242,fixed
62,S2_FALL_08,2,1,0.95789635181427,1,0.5,A3_motion_attention,242,fixed
63,S2_FALL_09,2,1,0.9979839324951172,1,0.5,A3_motion_attention,242,fixed
64,S2_FALL_10,2,1,0.9997153878211975,1,0.5,A3_motion_attention,242,fixed
65,S2_FALL_11,2,1,0.9947994947433472,1,0.5,A3_motion_attention,242,fixed
66,S2_FALL_12,2,1,0.9917125701904297,1,0.5,A3_motion_attention,242,fixed
67,S2_FALL_13,2,1,0.9936516284942627,1,0.5,A3_motion_attention,242,fixed
68,S2_FALL_14,2,1,0.9449251294136047,1,0.5,A3_motion_attention,242,fixed
69,S2_FALL_15,2,1,0.9082326889038086,1,0.5,A3_motion_attention,242,fixed
70,S2_FALL_16,2,1,0.9996852874755859,1,0.5,A3_motion_attention,242,fixed
71,S2_FALL_17,2,1,0.999723494052887,1,0.5,A3_motion_attention,242,fixed
72,S2_FALL_18,2,1,0.8825507760047913,1,0.5,A3_motion_attention,242,fixed
73,S2_FALL_19,2,1,0.985952615737915,1,0.5,A3_motion_attention,242,fixed
74,S2_FALL_20,2,1,0.9928158521652222,1,0.5,A3_motion_attention,242,fixed
75,S2_FALL_21,2,1,0.9941101670265198,1,0.5,A3_motion_attention,242,fixed
76,S2_FALL_22,2,1,0.999826967716217,1,0.5,A3_motion_attention,242,fixed
77,S2_FALL_23,2,1,0.9934106469154358,1,0.5,A3_motion_attention,242,fixed
78,S2_FALL_24,2,1,0.9965176582336426,1,0.5,A3_motion_attention,242,fixed
79,S2_FALL_25,2,1,0.9945048689842224,1,0.5,A3_motion_attention,242,fixed
32,S2_ADL_01,2,0,0.10498679429292679,0,0.25,A3_motion_attention,242,balanced
33,S2_ADL_02,2,0,0.010006237775087357,0,0.25,A3_motion_attention,242,balanced
34,S2_ADL_03,2,0,0.6752114295959473,1,0.25,A3_motion_attention,242,balanced
35,S2_ADL_04,2,0,0.0322980098426342,0,0.25,A3_motion_attention,242,balanced
36,S2_ADL_05,2,0,0.010546239092946053,0,0.25,A3_motion_attention,242,balanced
37,S2_ADL_06,2,0,0.02537023089826107,0,0.25,A3_motion_attention,242,balanced
38,S2_ADL_07,2,0,0.005401128437370062,0,0.25,A3_motion_attention,242,balanced
39,S2_ADL_08,2,0,0.359121710062027,1,0.25,A3_motion_attention,242,balanced
40,S2_ADL_09,2,0,0.6370310187339783,1,0.25,A3_motion_attention,242,balanced
41,S2_ADL_10,2,0,0.024888090789318085,0,0.25,A3_motion_attention,242,balanced
42,S2_ADL_11,2,0,0.0029757311567664146,0,0.25,A3_motion_attention,242,balanced
43,S2_ADL_12,2,0,0.7940102815628052,1,0.25,A3_motion_attention,242,balanced
44,S2_ADL_13,2,0,0.5195887684822083,1,0.25,A3_motion_attention,242,balanced
45,S2_ADL_14,2,0,0.9097965359687805,1,0.25,A3_motion_attention,242,balanced
46,S2_ADL_15,2,0,0.021744493395090103,0,0.25,A3_motion_attention,242,balanced
47,S2_ADL_16,2,0,0.5518014430999756,1,0.25,A3_motion_attention,242,balanced
48,S2_ADL_17,2,0,0.011666204780340195,0,0.25,A3_motion_attention,242,balanced
49,S2_ADL_18,2,0,0.0036908816546201706,0,0.25,A3_motion_attention,242,balanced
50,S2_ADL_19,2,0,0.8005231618881226,1,0.25,A3_motion_attention,242,balanced
51,S2_ADL_20,2,0,0.010617310181260109,0,0.25,A3_motion_attention,242,balanced
52,S2_ADL_21,2,0,0.26049208641052246,1,0.25,A3_motion_attention,242,balanced
53,S2_ADL_22,2,0,0.8594577312469482,1,0.25,A3_motion_attention,242,balanced
54,S2_ADL_23,2,0,0.012455945834517479,0,0.25,A3_motion_attention,242,balanced
55,S2_FALL_01,2,1,0.8604530096054077,1,0.25,A3_motion_attention,242,balanced
56,S2_FALL_02,2,1,0.9995967745780945,1,0.25,A3_motion_attention,242,balanced
57,S2_FALL_03,2,1,0.8513038158416748,1,0.25,A3_motion_attention,242,balanced
58,S2_FALL_04,2,1,0.9985652565956116,1,0.25,A3_motion_attention,242,balanced
59,S2_FALL_05,2,1,0.9932037591934204,1,0.25,A3_motion_attention,242,balanced
60,S2_FALL_06,2,1,0.9882619976997375,1,0.25,A3_motion_attention,242,balanced
61,S2_FALL_07,2,1,0.6750361323356628,1,0.25,A3_motion_attention,242,balanced
62,S2_FALL_08,2,1,0.95789635181427,1,0.25,A3_motion_attention,242,balanced
63,S2_FALL_09,2,1,0.9979839324951172,1,0.25,A3_motion_attention,242,balanced
64,S2_FALL_10,2,1,0.9997153878211975,1,0.25,A3_motion_attention,242,balanced
65,S2_FALL_11,2,1,0.9947994947433472,1,0.25,A3_motion_attention,242,balanced
66,S2_FALL_12,2,1,0.9917125701904297,1,0.25,A3_motion_attention,242,balanced
67,S2_FALL_13,2,1,0.9936516284942627,1,0.25,A3_motion_attention,242,balanced
68,S2_FALL_14,2,1,0.9449251294136047,1,0.25,A3_motion_attention,242,balanced
69,S2_FALL_15,2,1,0.9082326889038086,1,0.25,A3_motion_attention,242,balanced
70,S2_FALL_16,2,1,0.9996852874755859,1,0.25,A3_motion_attention,242,balanced
71,S2_FALL_17,2,1,0.999723494052887,1,0.25,A3_motion_attention,242,balanced
72,S2_FALL_18,2,1,0.8825507760047913,1,0.25,A3_motion_attention,242,balanced
73,S2_FALL_19,2,1,0.985952615737915,1,0.25,A3_motion_attention,242,balanced
74,S2_FALL_20,2,1,0.9928158521652222,1,0.25,A3_motion_attention,242,balanced
75,S2_FALL_21,2,1,0.9941101670265198,1,0.25,A3_motion_attention,242,balanced
76,S2_FALL_22,2,1,0.999826967716217,1,0.25,A3_motion_attention,242,balanced
77,S2_FALL_23,2,1,0.9934106469154358,1,0.25,A3_motion_attention,242,balanced
78,S2_FALL_24,2,1,0.9965176582336426,1,0.25,A3_motion_attention,242,balanced
79,S2_FALL_25,2,1,0.9945048689842224,1,0.25,A3_motion_attention,242,balanced
32,S2_ADL_01,2,0,0.10498679429292679,0,0.27499999999999997,A3_motion_attention,242,sensitivity
33,S2_ADL_02,2,0,0.010006237775087357,0,0.27499999999999997,A3_motion_attention,242,sensitivity
34,S2_ADL_03,2,0,0.6752114295959473,1,0.27499999999999997,A3_motion_attention,242,sensitivity
35,S2_ADL_04,2,0,0.0322980098426342,0,0.27499999999999997,A3_motion_attention,242,sensitivity
36,S2_ADL_05,2,0,0.010546239092946053,0,0.27499999999999997,A3_motion_attention,242,sensitivity
37,S2_ADL_06,2,0,0.02537023089826107,0,0.27499999999999997,A3_motion_attention,242,sensitivity
38,S2_ADL_07,2,0,0.005401128437370062,0,0.27499999999999997,A3_motion_attention,242,sensitivity
39,S2_ADL_08,2,0,0.359121710062027,1,0.27499999999999997,A3_motion_attention,242,sensitivity
40,S2_ADL_09,2,0,0.6370310187339783,1,0.27499999999999997,A3_motion_attention,242,sensitivity
41,S2_ADL_10,2,0,0.024888090789318085,0,0.27499999999999997,A3_motion_attention,242,sensitivity
42,S2_ADL_11,2,0,0.0029757311567664146,0,0.27499999999999997,A3_motion_attention,242,sensitivity
43,S2_ADL_12,2,0,0.7940102815628052,1,0.27499999999999997,A3_motion_attention,242,sensitivity
44,S2_ADL_13,2,0,0.5195887684822083,1,0.27499999999999997,A3_motion_attention,242,sensitivity
45,S2_ADL_14,2,0,0.9097965359687805,1,0.27499999999999997,A3_motion_attention,242,sensitivity
46,S2_ADL_15,2,0,0.021744493395090103,0,0.27499999999999997,A3_motion_attention,242,sensitivity
47,S2_ADL_16,2,0,0.5518014430999756,1,0.27499999999999997,A3_motion_attention,242,sensitivity
48,S2_ADL_17,2,0,0.011666204780340195,0,0.27499999999999997,A3_motion_attention,242,sensitivity
49,S2_ADL_18,2,0,0.0036908816546201706,0,0.27499999999999997,A3_motion_attention,242,sensitivity
50,S2_ADL_19,2,0,0.8005231618881226,1,0.27499999999999997,A3_motion_attention,242,sensitivity
51,S2_ADL_20,2,0,0.010617310181260109,0,0.27499999999999997,A3_motion_attention,242,sensitivity
52,S2_ADL_21,2,0,0.26049208641052246,0,0.27499999999999997,A3_motion_attention,242,sensitivity
53,S2_ADL_22,2,0,0.8594577312469482,1,0.27499999999999997,A3_motion_attention,242,sensitivity
54,S2_ADL_23,2,0,0.012455945834517479,0,0.27499999999999997,A3_motion_attention,242,sensitivity
55,S2_FALL_01,2,1,0.8604530096054077,1,0.27499999999999997,A3_motion_attention,242,sensitivity
56,S2_FALL_02,2,1,0.9995967745780945,1,0.27499999999999997,A3_motion_attention,242,sensitivity
57,S2_FALL_03,2,1,0.8513038158416748,1,0.27499999999999997,A3_motion_attention,242,sensitivity
58,S2_FALL_04,2,1,0.9985652565956116,1,0.27499999999999997,A3_motion_attention,242,sensitivity
59,S2_FALL_05,2,1,0.9932037591934204,1,0.27499999999999997,A3_motion_attention,242,sensitivity
60,S2_FALL_06,2,1,0.9882619976997375,1,0.27499999999999997,A3_motion_attention,242,sensitivity
61,S2_FALL_07,2,1,0.6750361323356628,1,0.27499999999999997,A3_motion_attention,242,sensitivity
62,S2_FALL_08,2,1,0.95789635181427,1,0.27499999999999997,A3_motion_attention,242,sensitivity
63,S2_FALL_09,2,1,0.9979839324951172,1,0.27499999999999997,A3_motion_attention,242,sensitivity
64,S2_FALL_10,2,1,0.9997153878211975,1,0.27499999999999997,A3_motion_attention,242,sensitivity
65,S2_FALL_11,2,1,0.9947994947433472,1,0.27499999999999997,A3_motion_attention,242,sensitivity
66,S2_FALL_12,2,1,0.9917125701904297,1,0.27499999999999997,A3_motion_attention,242,sensitivity
67,S2_FALL_13,2,1,0.9936516284942627,1,0.27499999999999997,A3_motion_attention,242,sensitivity
68,S2_FALL_14,2,1,0.9449251294136047,1,0.27499999999999997,A3_motion_attention,242,sensitivity
69,S2_FALL_15,2,1,0.9082326889038086,1,0.27499999999999997,A3_motion_attention,242,sensitivity
70,S2_FALL_16,2,1,0.9996852874755859,1,0.27499999999999997,A3_motion_attention,242,sensitivity
71,S2_FALL_17,2,1,0.999723494052887,1,0.27499999999999997,A3_motion_attention,242,sensitivity
72,S2_FALL_18,2,1,0.8825507760047913,1,0.27499999999999997,A3_motion_attention,242,sensitivity
73,S2_FALL_19,2,1,0.985952615737915,1,0.27499999999999997,A3_motion_attention,242,sensitivity
74,S2_FALL_20,2,1,0.9928158521652222,1,0.27499999999999997,A3_motion_attention,242,sensitivity
75,S2_FALL_21,2,1,0.9941101670265198,1,0.27499999999999997,A3_motion_attention,242,sensitivity
76,S2_FALL_22,2,1,0.999826967716217,1,0.27499999999999997,A3_motion_attention,242,sensitivity
77,S2_FALL_23,2,1,0.9934106469154358,1,0.27499999999999997,A3_motion_attention,242,sensitivity
78,S2_FALL_24,2,1,0.9965176582336426,1,0.27499999999999997,A3_motion_attention,242,sensitivity
79,S2_FALL_25,2,1,0.9945048689842224,1,0.27499999999999997,A3_motion_attention,242,sensitivity
80,S3_ADL_01,3,0,0.021807968616485596,0,0.5,A3_motion_attention,242,fixed
81,S3_ADL_02,3,0,0.031895119696855545,0,0.5,A3_motion_attention,242,fixed
82,S3_ADL_03,3,0,0.04456334561109543,0,0.5,A3_motion_attention,242,fixed
83,S3_ADL_04,3,0,0.06739932298660278,0,0.5,A3_motion_attention,242,fixed
84,S3_ADL_05,3,0,0.8271195292472839,1,0.5,A3_motion_attention,242,fixed
85,S3_ADL_06,3,0,0.2809264361858368,0,0.5,A3_motion_attention,242,fixed
86,S3_ADL_07,3,0,0.10616061836481094,0,0.5,A3_motion_attention,242,fixed
87,S3_ADL_08,3,0,0.49960967898368835,0,0.5,A3_motion_attention,242,fixed
88,S3_ADL_09,3,0,0.04940517991781235,0,0.5,A3_motion_attention,242,fixed
89,S3_ADL_10,3,0,0.02363642118871212,0,0.5,A3_motion_attention,242,fixed
90,S3_ADL_11,3,0,0.0156536977738142,0,0.5,A3_motion_attention,242,fixed
91,S3_ADL_12,3,0,0.02344096638262272,0,0.5,A3_motion_attention,242,fixed
92,S3_ADL_13,3,0,0.0833892822265625,0,0.5,A3_motion_attention,242,fixed
93,S3_ADL_14,3,0,0.26782068610191345,0,0.5,A3_motion_attention,242,fixed
94,S3_ADL_15,3,0,0.027481062337756157,0,0.5,A3_motion_attention,242,fixed
95,S3_ADL_16,3,0,0.024451691657304764,0,0.5,A3_motion_attention,242,fixed
96,S3_ADL_17,3,0,0.023379245772957802,0,0.5,A3_motion_attention,242,fixed
97,S3_ADL_18,3,0,0.01832340843975544,0,0.5,A3_motion_attention,242,fixed
98,S3_ADL_19,3,0,0.05201779678463936,0,0.5,A3_motion_attention,242,fixed
99,S3_ADL_20,3,0,0.024205109104514122,0,0.5,A3_motion_attention,242,fixed
100,S3_ADL_21,3,0,0.032292064279317856,0,0.5,A3_motion_attention,242,fixed
101,S3_ADL_22,3,0,0.02941063977777958,0,0.5,A3_motion_attention,242,fixed
102,S3_FALL_01,3,1,0.8010919690132141,1,0.5,A3_motion_attention,242,fixed
103,S3_FALL_02,3,1,0.9823017120361328,1,0.5,A3_motion_attention,242,fixed
104,S3_FALL_03,3,1,0.9074800610542297,1,0.5,A3_motion_attention,242,fixed
105,S3_FALL_04,3,1,0.9666070938110352,1,0.5,A3_motion_attention,242,fixed
106,S3_FALL_05,3,1,0.9812260866165161,1,0.5,A3_motion_attention,242,fixed
107,S3_FALL_06,3,1,0.21771357953548431,0,0.5,A3_motion_attention,242,fixed
108,S3_FALL_07,3,1,0.918179988861084,1,0.5,A3_motion_attention,242,fixed
109,S3_FALL_08,3,1,0.9300181269645691,1,0.5,A3_motion_attention,242,fixed
110,S3_FALL_09,3,1,0.390906423330307,0,0.5,A3_motion_attention,242,fixed
111,S3_FALL_10,3,1,0.17159412801265717,0,0.5,A3_motion_attention,242,fixed
112,S3_FALL_11,3,1,0.9088254570960999,1,0.5,A3_motion_attention,242,fixed
113,S3_FALL_12,3,1,0.9827908277511597,1,0.5,A3_motion_attention,242,fixed
114,S3_FALL_13,3,1,0.36905577778816223,0,0.5,A3_motion_attention,242,fixed
115,S3_FALL_14,3,1,0.707332968711853,1,0.5,A3_motion_attention,242,fixed
116,S3_FALL_15,3,1,0.98492830991745,1,0.5,A3_motion_attention,242,fixed
117,S3_FALL_16,3,1,0.9813823699951172,1,0.5,A3_motion_attention,242,fixed
118,S3_FALL_17,3,1,0.25900566577911377,0,0.5,A3_motion_attention,242,fixed
119,S3_FALL_18,3,1,0.8960086703300476,1,0.5,A3_motion_attention,242,fixed
120,S3_FALL_19,3,1,0.969775915145874,1,0.5,A3_motion_attention,242,fixed
121,S3_FALL_20,3,1,0.9712604880332947,1,0.5,A3_motion_attention,242,fixed
122,S3_FALL_21,3,1,0.9371703267097473,1,0.5,A3_motion_attention,242,fixed
80,S3_ADL_01,3,0,0.021807968616485596,0,0.42499999999999993,A3_motion_attention,242,balanced
81,S3_ADL_02,3,0,0.031895119696855545,0,0.42499999999999993,A3_motion_attention,242,balanced
82,S3_ADL_03,3,0,0.04456334561109543,0,0.42499999999999993,A3_motion_attention,242,balanced
83,S3_ADL_04,3,0,0.06739932298660278,0,0.42499999999999993,A3_motion_attention,242,balanced
84,S3_ADL_05,3,0,0.8271195292472839,1,0.42499999999999993,A3_motion_attention,242,balanced
85,S3_ADL_06,3,0,0.2809264361858368,0,0.42499999999999993,A3_motion_attention,242,balanced
86,S3_ADL_07,3,0,0.10616061836481094,0,0.42499999999999993,A3_motion_attention,242,balanced
87,S3_ADL_08,3,0,0.49960967898368835,1,0.42499999999999993,A3_motion_attention,242,balanced
88,S3_ADL_09,3,0,0.04940517991781235,0,0.42499999999999993,A3_motion_attention,242,balanced
89,S3_ADL_10,3,0,0.02363642118871212,0,0.42499999999999993,A3_motion_attention,242,balanced
90,S3_ADL_11,3,0,0.0156536977738142,0,0.42499999999999993,A3_motion_attention,242,balanced
91,S3_ADL_12,3,0,0.02344096638262272,0,0.42499999999999993,A3_motion_attention,242,balanced
92,S3_ADL_13,3,0,0.0833892822265625,0,0.42499999999999993,A3_motion_attention,242,balanced
93,S3_ADL_14,3,0,0.26782068610191345,0,0.42499999999999993,A3_motion_attention,242,balanced
94,S3_ADL_15,3,0,0.027481062337756157,0,0.42499999999999993,A3_motion_attention,242,balanced
95,S3_ADL_16,3,0,0.024451691657304764,0,0.42499999999999993,A3_motion_attention,242,balanced
96,S3_ADL_17,3,0,0.023379245772957802,0,0.42499999999999993,A3_motion_attention,242,balanced
97,S3_ADL_18,3,0,0.01832340843975544,0,0.42499999999999993,A3_motion_attention,242,balanced
98,S3_ADL_19,3,0,0.05201779678463936,0,0.42499999999999993,A3_motion_attention,242,balanced
99,S3_ADL_20,3,0,0.024205109104514122,0,0.42499999999999993,A3_motion_attention,242,balanced
100,S3_ADL_21,3,0,0.032292064279317856,0,0.42499999999999993,A3_motion_attention,242,balanced
101,S3_ADL_22,3,0,0.02941063977777958,0,0.42499999999999993,A3_motion_attention,242,balanced
102,S3_FALL_01,3,1,0.8010919690132141,1,0.42499999999999993,A3_motion_attention,242,balanced
103,S3_FALL_02,3,1,0.9823017120361328,1,0.42499999999999993,A3_motion_attention,242,balanced
104,S3_FALL_03,3,1,0.9074800610542297,1,0.42499999999999993,A3_motion_attention,242,balanced
105,S3_FALL_04,3,1,0.9666070938110352,1,0.42499999999999993,A3_motion_attention,242,balanced
106,S3_FALL_05,3,1,0.9812260866165161,1,0.42499999999999993,A3_motion_attention,242,balanced
107,S3_FALL_06,3,1,0.21771357953548431,0,0.42499999999999993,A3_motion_attention,242,balanced
108,S3_FALL_07,3,1,0.918179988861084,1,0.42499999999999993,A3_motion_attention,242,balanced
109,S3_FALL_08,3,1,0.9300181269645691,1,0.42499999999999993,A3_motion_attention,242,balanced
110,S3_FALL_09,3,1,0.390906423330307,0,0.42499999999999993,A3_motion_attention,242,balanced
111,S3_FALL_10,3,1,0.17159412801265717,0,0.42499999999999993,A3_motion_attention,242,balanced
112,S3_FALL_11,3,1,0.9088254570960999,1,0.42499999999999993,A3_motion_attention,242,balanced
113,S3_FALL_12,3,1,0.9827908277511597,1,0.42499999999999993,A3_motion_attention,242,balanced
114,S3_FALL_13,3,1,0.36905577778816223,0,0.42499999999999993,A3_motion_attention,242,balanced
115,S3_FALL_14,3,1,0.707332968711853,1,0.42499999999999993,A3_motion_attention,242,balanced
116,S3_FALL_15,3,1,0.98492830991745,1,0.42499999999999993,A3_motion_attention,242,balanced
117,S3_FALL_16,3,1,0.9813823699951172,1,0.42499999999999993,A3_motion_attention,242,balanced
118,S3_FALL_17,3,1,0.25900566577911377,0,0.42499999999999993,A3_motion_attention,242,balanced
119,S3_FALL_18,3,1,0.8960086703300476,1,0.42499999999999993,A3_motion_attention,242,balanced
120,S3_FALL_19,3,1,0.969775915145874,1,0.42499999999999993,A3_motion_attention,242,balanced
121,S3_FALL_20,3,1,0.9712604880332947,1,0.42499999999999993,A3_motion_attention,242,balanced
122,S3_FALL_21,3,1,0.9371703267097473,1,0.42499999999999993,A3_motion_attention,242,balanced
80,S3_ADL_01,3,0,0.021807968616485596,0,0.3,A3_motion_attention,242,sensitivity
81,S3_ADL_02,3,0,0.031895119696855545,0,0.3,A3_motion_attention,242,sensitivity
82,S3_ADL_03,3,0,0.04456334561109543,0,0.3,A3_motion_attention,242,sensitivity
83,S3_ADL_04,3,0,0.06739932298660278,0,0.3,A3_motion_attention,242,sensitivity
84,S3_ADL_05,3,0,0.8271195292472839,1,0.3,A3_motion_attention,242,sensitivity
85,S3_ADL_06,3,0,0.2809264361858368,0,0.3,A3_motion_attention,242,sensitivity
86,S3_ADL_07,3,0,0.10616061836481094,0,0.3,A3_motion_attention,242,sensitivity
87,S3_ADL_08,3,0,0.49960967898368835,1,0.3,A3_motion_attention,242,sensitivity
88,S3_ADL_09,3,0,0.04940517991781235,0,0.3,A3_motion_attention,242,sensitivity
89,S3_ADL_10,3,0,0.02363642118871212,0,0.3,A3_motion_attention,242,sensitivity
90,S3_ADL_11,3,0,0.0156536977738142,0,0.3,A3_motion_attention,242,sensitivity
91,S3_ADL_12,3,0,0.02344096638262272,0,0.3,A3_motion_attention,242,sensitivity
92,S3_ADL_13,3,0,0.0833892822265625,0,0.3,A3_motion_attention,242,sensitivity
93,S3_ADL_14,3,0,0.26782068610191345,0,0.3,A3_motion_attention,242,sensitivity
94,S3_ADL_15,3,0,0.027481062337756157,0,0.3,A3_motion_attention,242,sensitivity
95,S3_ADL_16,3,0,0.024451691657304764,0,0.3,A3_motion_attention,242,sensitivity
96,S3_ADL_17,3,0,0.023379245772957802,0,0.3,A3_motion_attention,242,sensitivity
97,S3_ADL_18,3,0,0.01832340843975544,0,0.3,A3_motion_attention,242,sensitivity
98,S3_ADL_19,3,0,0.05201779678463936,0,0.3,A3_motion_attention,242,sensitivity
99,S3_ADL_20,3,0,0.024205109104514122,0,0.3,A3_motion_attention,242,sensitivity
100,S3_ADL_21,3,0,0.032292064279317856,0,0.3,A3_motion_attention,242,sensitivity
101,S3_ADL_22,3,0,0.02941063977777958,0,0.3,A3_motion_attention,242,sensitivity
102,S3_FALL_01,3,1,0.8010919690132141,1,0.3,A3_motion_attention,242,sensitivity
103,S3_FALL_02,3,1,0.9823017120361328,1,0.3,A3_motion_attention,242,sensitivity
104,S3_FALL_03,3,1,0.9074800610542297,1,0.3,A3_motion_attention,242,sensitivity
105,S3_FALL_04,3,1,0.9666070938110352,1,0.3,A3_motion_attention,242,sensitivity
106,S3_FALL_05,3,1,0.9812260866165161,1,0.3,A3_motion_attention,242,sensitivity
107,S3_FALL_06,3,1,0.21771357953548431,0,0.3,A3_motion_attention,242,sensitivity
108,S3_FALL_07,3,1,0.918179988861084,1,0.3,A3_motion_attention,242,sensitivity
109,S3_FALL_08,3,1,0.9300181269645691,1,0.3,A3_motion_attention,242,sensitivity
110,S3_FALL_09,3,1,0.390906423330307,1,0.3,A3_motion_attention,242,sensitivity
111,S3_FALL_10,3,1,0.17159412801265717,0,0.3,A3_motion_attention,242,sensitivity
112,S3_FALL_11,3,1,0.9088254570960999,1,0.3,A3_motion_attention,242,sensitivity
113,S3_FALL_12,3,1,0.9827908277511597,1,0.3,A3_motion_attention,242,sensitivity
114,S3_FALL_13,3,1,0.36905577778816223,1,0.3,A3_motion_attention,242,sensitivity
115,S3_FALL_14,3,1,0.707332968711853,1,0.3,A3_motion_attention,242,sensitivity
116,S3_FALL_15,3,1,0.98492830991745,1,0.3,A3_motion_attention,242,sensitivity
117,S3_FALL_16,3,1,0.9813823699951172,1,0.3,A3_motion_attention,242,sensitivity
118,S3_FALL_17,3,1,0.25900566577911377,0,0.3,A3_motion_attention,242,sensitivity
119,S3_FALL_18,3,1,0.8960086703300476,1,0.3,A3_motion_attention,242,sensitivity
120,S3_FALL_19,3,1,0.969775915145874,1,0.3,A3_motion_attention,242,sensitivity
121,S3_FALL_20,3,1,0.9712604880332947,1,0.3,A3_motion_attention,242,sensitivity
122,S3_FALL_21,3,1,0.9371703267097473,1,0.3,A3_motion_attention,242,sensitivity
123,S4_ADL_01,4,0,0.0018093186663463712,0,0.5,A3_motion_attention,242,fixed
124,S4_ADL_02,4,0,0.002236438449472189,0,0.5,A3_motion_attention,242,fixed
125,S4_ADL_03,4,0,0.014896410517394543,0,0.5,A3_motion_attention,242,fixed
126,S4_ADL_04,4,0,0.0044135963544249535,0,0.5,A3_motion_attention,242,fixed
127,S4_ADL_05,4,0,0.5909883379936218,1,0.5,A3_motion_attention,242,fixed
128,S4_ADL_06,4,0,0.9999698400497437,1,0.5,A3_motion_attention,242,fixed
129,S4_ADL_07,4,0,0.4968865215778351,0,0.5,A3_motion_attention,242,fixed
130,S4_ADL_08,4,0,0.0005002662073820829,0,0.5,A3_motion_attention,242,fixed
131,S4_ADL_09,4,0,0.0070801181718707085,0,0.5,A3_motion_attention,242,fixed
132,S4_ADL_10,4,0,0.42266160249710083,0,0.5,A3_motion_attention,242,fixed
133,S4_ADL_11,4,0,0.0019718166440725327,0,0.5,A3_motion_attention,242,fixed
134,S4_ADL_12,4,0,0.001802289392799139,0,0.5,A3_motion_attention,242,fixed
135,S4_ADL_13,4,0,0.003276663366705179,0,0.5,A3_motion_attention,242,fixed
136,S4_ADL_14,4,0,0.012228494510054588,0,0.5,A3_motion_attention,242,fixed
137,S4_ADL_15,4,0,0.0335974395275116,0,0.5,A3_motion_attention,242,fixed
138,S4_ADL_16,4,0,0.04237378388643265,0,0.5,A3_motion_attention,242,fixed
139,S4_ADL_17,4,0,0.005460717249661684,0,0.5,A3_motion_attention,242,fixed
140,S4_ADL_18,4,0,0.0025659205857664347,0,0.5,A3_motion_attention,242,fixed
141,S4_ADL_19,4,0,0.002212024061009288,0,0.5,A3_motion_attention,242,fixed
142,S4_ADL_20,4,0,0.003055298700928688,0,0.5,A3_motion_attention,242,fixed
143,S4_FALL_01,4,1,0.9781596064567566,1,0.5,A3_motion_attention,242,fixed
144,S4_FALL_02,4,1,0.10713856667280197,0,0.5,A3_motion_attention,242,fixed
145,S4_FALL_03,4,1,0.9999712705612183,1,0.5,A3_motion_attention,242,fixed
146,S4_FALL_04,4,1,1.0,1,0.5,A3_motion_attention,242,fixed
147,S4_FALL_05,4,1,0.1874982714653015,0,0.5,A3_motion_attention,242,fixed
148,S4_FALL_06,4,1,0.9957122802734375,1,0.5,A3_motion_attention,242,fixed
149,S4_FALL_07,4,1,0.9998546838760376,1,0.5,A3_motion_attention,242,fixed
150,S4_FALL_08,4,1,0.9997727274894714,1,0.5,A3_motion_attention,242,fixed
151,S4_FALL_09,4,1,0.8911617398262024,1,0.5,A3_motion_attention,242,fixed
152,S4_FALL_10,4,1,0.9753528237342834,1,0.5,A3_motion_attention,242,fixed
153,S4_FALL_11,4,1,1.0,1,0.5,A3_motion_attention,242,fixed
154,S4_FALL_12,4,1,0.8724530339241028,1,0.5,A3_motion_attention,242,fixed
155,S4_FALL_13,4,1,0.15804649889469147,0,0.5,A3_motion_attention,242,fixed
156,S4_FALL_14,4,1,0.9637748003005981,1,0.5,A3_motion_attention,242,fixed
157,S4_FALL_15,4,1,0.9999996423721313,1,0.5,A3_motion_attention,242,fixed
158,S4_FALL_16,4,1,0.999527096748352,1,0.5,A3_motion_attention,242,fixed
159,S4_FALL_17,4,1,0.9996059536933899,1,0.5,A3_motion_attention,242,fixed
123,S4_ADL_01,4,0,0.0018093186663463712,0,0.625,A3_motion_attention,242,balanced
124,S4_ADL_02,4,0,0.002236438449472189,0,0.625,A3_motion_attention,242,balanced
125,S4_ADL_03,4,0,0.014896410517394543,0,0.625,A3_motion_attention,242,balanced
126,S4_ADL_04,4,0,0.0044135963544249535,0,0.625,A3_motion_attention,242,balanced
127,S4_ADL_05,4,0,0.5909883379936218,0,0.625,A3_motion_attention,242,balanced
128,S4_ADL_06,4,0,0.9999698400497437,1,0.625,A3_motion_attention,242,balanced
129,S4_ADL_07,4,0,0.4968865215778351,0,0.625,A3_motion_attention,242,balanced
130,S4_ADL_08,4,0,0.0005002662073820829,0,0.625,A3_motion_attention,242,balanced
131,S4_ADL_09,4,0,0.0070801181718707085,0,0.625,A3_motion_attention,242,balanced
132,S4_ADL_10,4,0,0.42266160249710083,0,0.625,A3_motion_attention,242,balanced
133,S4_ADL_11,4,0,0.0019718166440725327,0,0.625,A3_motion_attention,242,balanced
134,S4_ADL_12,4,0,0.001802289392799139,0,0.625,A3_motion_attention,242,balanced
135,S4_ADL_13,4,0,0.003276663366705179,0,0.625,A3_motion_attention,242,balanced
136,S4_ADL_14,4,0,0.012228494510054588,0,0.625,A3_motion_attention,242,balanced
137,S4_ADL_15,4,0,0.0335974395275116,0,0.625,A3_motion_attention,242,balanced
138,S4_ADL_16,4,0,0.04237378388643265,0,0.625,A3_motion_attention,242,balanced
139,S4_ADL_17,4,0,0.005460717249661684,0,0.625,A3_motion_attention,242,balanced
140,S4_ADL_18,4,0,0.0025659205857664347,0,0.625,A3_motion_attention,242,balanced
141,S4_ADL_19,4,0,0.002212024061009288,0,0.625,A3_motion_attention,242,balanced
142,S4_ADL_20,4,0,0.003055298700928688,0,0.625,A3_motion_attention,242,balanced
143,S4_FALL_01,4,1,0.9781596064567566,1,0.625,A3_motion_attention,242,balanced
144,S4_FALL_02,4,1,0.10713856667280197,0,0.625,A3_motion_attention,242,balanced
145,S4_FALL_03,4,1,0.9999712705612183,1,0.625,A3_motion_attention,242,balanced
146,S4_FALL_04,4,1,1.0,1,0.625,A3_motion_attention,242,balanced
147,S4_FALL_05,4,1,0.1874982714653015,0,0.625,A3_motion_attention,242,balanced
148,S4_FALL_06,4,1,0.9957122802734375,1,0.625,A3_motion_attention,242,balanced
149,S4_FALL_07,4,1,0.9998546838760376,1,0.625,A3_motion_attention,242,balanced
150,S4_FALL_08,4,1,0.9997727274894714,1,0.625,A3_motion_attention,242,balanced
151,S4_FALL_09,4,1,0.8911617398262024,1,0.625,A3_motion_attention,242,balanced
152,S4_FALL_10,4,1,0.9753528237342834,1,0.625,A3_motion_attention,242,balanced
153,S4_FALL_11,4,1,1.0,1,0.625,A3_motion_attention,242,balanced
154,S4_FALL_12,4,1,0.8724530339241028,1,0.625,A3_motion_attention,242,balanced
155,S4_FALL_13,4,1,0.15804649889469147,0,0.625,A3_motion_attention,242,balanced
156,S4_FALL_14,4,1,0.9637748003005981,1,0.625,A3_motion_attention,242,balanced
157,S4_FALL_15,4,1,0.9999996423721313,1,0.625,A3_motion_attention,242,balanced
158,S4_FALL_16,4,1,0.999527096748352,1,0.625,A3_motion_attention,242,balanced
159,S4_FALL_17,4,1,0.9996059536933899,1,0.625,A3_motion_attention,242,balanced
123,S4_ADL_01,4,0,0.0018093186663463712,0,0.625,A3_motion_attention,242,sensitivity
124,S4_ADL_02,4,0,0.002236438449472189,0,0.625,A3_motion_attention,242,sensitivity
125,S4_ADL_03,4,0,0.014896410517394543,0,0.625,A3_motion_attention,242,sensitivity
126,S4_ADL_04,4,0,0.0044135963544249535,0,0.625,A3_motion_attention,242,sensitivity
127,S4_ADL_05,4,0,0.5909883379936218,0,0.625,A3_motion_attention,242,sensitivity
128,S4_ADL_06,4,0,0.9999698400497437,1,0.625,A3_motion_attention,242,sensitivity
129,S4_ADL_07,4,0,0.4968865215778351,0,0.625,A3_motion_attention,242,sensitivity
130,S4_ADL_08,4,0,0.0005002662073820829,0,0.625,A3_motion_attention,242,sensitivity
131,S4_ADL_09,4,0,0.0070801181718707085,0,0.625,A3_motion_attention,242,sensitivity
132,S4_ADL_10,4,0,0.42266160249710083,0,0.625,A3_motion_attention,242,sensitivity
133,S4_ADL_11,4,0,0.0019718166440725327,0,0.625,A3_motion_attention,242,sensitivity
134,S4_ADL_12,4,0,0.001802289392799139,0,0.625,A3_motion_attention,242,sensitivity
135,S4_ADL_13,4,0,0.003276663366705179,0,0.625,A3_motion_attention,242,sensitivity
136,S4_ADL_14,4,0,0.012228494510054588,0,0.625,A3_motion_attention,242,sensitivity
137,S4_ADL_15,4,0,0.0335974395275116,0,0.625,A3_motion_attention,242,sensitivity
138,S4_ADL_16,4,0,0.04237378388643265,0,0.625,A3_motion_attention,242,sensitivity
139,S4_ADL_17,4,0,0.005460717249661684,0,0.625,A3_motion_attention,242,sensitivity
140,S4_ADL_18,4,0,0.0025659205857664347,0,0.625,A3_motion_attention,242,sensitivity
141,S4_ADL_19,4,0,0.002212024061009288,0,0.625,A3_motion_attention,242,sensitivity
142,S4_ADL_20,4,0,0.003055298700928688,0,0.625,A3_motion_attention,242,sensitivity
143,S4_FALL_01,4,1,0.9781596064567566,1,0.625,A3_motion_attention,242,sensitivity
144,S4_FALL_02,4,1,0.10713856667280197,0,0.625,A3_motion_attention,242,sensitivity
145,S4_FALL_03,4,1,0.9999712705612183,1,0.625,A3_motion_attention,242,sensitivity
146,S4_FALL_04,4,1,1.0,1,0.625,A3_motion_attention,242,sensitivity
147,S4_FALL_05,4,1,0.1874982714653015,0,0.625,A3_motion_attention,242,sensitivity
148,S4_FALL_06,4,1,0.9957122802734375,1,0.625,A3_motion_attention,242,sensitivity
149,S4_FALL_07,4,1,0.9998546838760376,1,0.625,A3_motion_attention,242,sensitivity
150,S4_FALL_08,4,1,0.9997727274894714,1,0.625,A3_motion_attention,242,sensitivity
151,S4_FALL_09,4,1,0.8911617398262024,1,0.625,A3_motion_attention,242,sensitivity
152,S4_FALL_10,4,1,0.9753528237342834,1,0.625,A3_motion_attention,242,sensitivity
153,S4_FALL_11,4,1,1.0,1,0.625,A3_motion_attention,242,sensitivity
154,S4_FALL_12,4,1,0.8724530339241028,1,0.625,A3_motion_attention,242,sensitivity
155,S4_FALL_13,4,1,0.15804649889469147,0,0.625,A3_motion_attention,242,sensitivity
156,S4_FALL_14,4,1,0.9637748003005981,1,0.625,A3_motion_attention,242,sensitivity
157,S4_FALL_15,4,1,0.9999996423721313,1,0.625,A3_motion_attention,242,sensitivity
158,S4_FALL_16,4,1,0.999527096748352,1,0.625,A3_motion_attention,242,sensitivity
159,S4_FALL_17,4,1,0.9996059536933899,1,0.625,A3_motion_attention,242,sensitivity
0,S1_ADL_01,1,0,0.6183735132217407,1,0.5,A3_motion_attention,42,fixed
1,S1_ADL_02,1,0,0.41851621866226196,0,0.5,A3_motion_attention,42,fixed
2,S1_ADL_03,1,0,0.6067271828651428,1,0.5,A3_motion_attention,42,fixed
3,S1_ADL_04,1,0,0.0060577718541026115,0,0.5,A3_motion_attention,42,fixed
4,S1_ADL_05,1,0,0.01573091372847557,0,0.5,A3_motion_attention,42,fixed
5,S1_ADL_06,1,0,0.005508135072886944,0,0.5,A3_motion_attention,42,fixed
6,S1_ADL_07,1,0,0.04314850643277168,0,0.5,A3_motion_attention,42,fixed
7,S1_ADL_08,1,0,0.0038760758470743895,0,0.5,A3_motion_attention,42,fixed
8,S1_ADL_09,1,0,0.004824629984796047,0,0.5,A3_motion_attention,42,fixed
9,S1_ADL_10,1,0,0.0011121755233034492,0,0.5,A3_motion_attention,42,fixed
10,S1_ADL_11,1,0,0.001036117784678936,0,0.5,A3_motion_attention,42,fixed
11,S1_ADL_12,1,0,0.048665884882211685,0,0.5,A3_motion_attention,42,fixed
12,S1_ADL_13,1,0,0.024688756093382835,0,0.5,A3_motion_attention,42,fixed
13,S1_ADL_14,1,0,0.002511492231860757,0,0.5,A3_motion_attention,42,fixed
14,S1_ADL_15,1,0,0.008674046024680138,0,0.5,A3_motion_attention,42,fixed
15,S1_ADL_16,1,0,0.04773806408047676,0,0.5,A3_motion_attention,42,fixed
16,S1_FALL_01,1,1,0.9983636736869812,1,0.5,A3_motion_attention,42,fixed
17,S1_FALL_02,1,1,0.9999994039535522,1,0.5,A3_motion_attention,42,fixed
18,S1_FALL_03,1,1,0.9996179342269897,1,0.5,A3_motion_attention,42,fixed
19,S1_FALL_04,1,1,0.9999945163726807,1,0.5,A3_motion_attention,42,fixed
20,S1_FALL_05,1,1,0.9999547004699707,1,0.5,A3_motion_attention,42,fixed
21,S1_FALL_06,1,1,0.9995418787002563,1,0.5,A3_motion_attention,42,fixed
22,S1_FALL_07,1,1,0.9996232986450195,1,0.5,A3_motion_attention,42,fixed
23,S1_FALL_08,1,1,0.9999897480010986,1,0.5,A3_motion_attention,42,fixed
24,S1_FALL_09,1,1,0.9999871253967285,1,0.5,A3_motion_attention,42,fixed
25,S1_FALL_10,1,1,0.9999517202377319,1,0.5,A3_motion_attention,42,fixed
26,S1_FALL_11,1,1,0.9704194068908691,1,0.5,A3_motion_attention,42,fixed
27,S1_FALL_12,1,1,0.9974506497383118,1,0.5,A3_motion_attention,42,fixed
28,S1_FALL_13,1,1,0.7033776044845581,1,0.5,A3_motion_attention,42,fixed
29,S1_FALL_14,1,1,0.9945887327194214,1,0.5,A3_motion_attention,42,fixed
30,S1_FALL_15,1,1,0.9913179874420166,1,0.5,A3_motion_attention,42,fixed
31,S1_FALL_16,1,1,0.9752468466758728,1,0.5,A3_motion_attention,42,fixed
0,S1_ADL_01,1,0,0.6183735132217407,0,0.625,A3_motion_attention,42,balanced
1,S1_ADL_02,1,0,0.41851621866226196,0,0.625,A3_motion_attention,42,balanced
2,S1_ADL_03,1,0,0.6067271828651428,0,0.625,A3_motion_attention,42,balanced
3,S1_ADL_04,1,0,0.0060577718541026115,0,0.625,A3_motion_attention,42,balanced
4,S1_ADL_05,1,0,0.01573091372847557,0,0.625,A3_motion_attention,42,balanced
5,S1_ADL_06,1,0,0.005508135072886944,0,0.625,A3_motion_attention,42,balanced
6,S1_ADL_07,1,0,0.04314850643277168,0,0.625,A3_motion_attention,42,balanced
7,S1_ADL_08,1,0,0.0038760758470743895,0,0.625,A3_motion_attention,42,balanced
8,S1_ADL_09,1,0,0.004824629984796047,0,0.625,A3_motion_attention,42,balanced
9,S1_ADL_10,1,0,0.0011121755233034492,0,0.625,A3_motion_attention,42,balanced
10,S1_ADL_11,1,0,0.001036117784678936,0,0.625,A3_motion_attention,42,balanced
11,S1_ADL_12,1,0,0.048665884882211685,0,0.625,A3_motion_attention,42,balanced
12,S1_ADL_13,1,0,0.024688756093382835,0,0.625,A3_motion_attention,42,balanced
13,S1_ADL_14,1,0,0.002511492231860757,0,0.625,A3_motion_attention,42,balanced
14,S1_ADL_15,1,0,0.008674046024680138,0,0.625,A3_motion_attention,42,balanced
15,S1_ADL_16,1,0,0.04773806408047676,0,0.625,A3_motion_attention,42,balanced
16,S1_FALL_01,1,1,0.9983636736869812,1,0.625,A3_motion_attention,42,balanced
17,S1_FALL_02,1,1,0.9999994039535522,1,0.625,A3_motion_attention,42,balanced
18,S1_FALL_03,1,1,0.9996179342269897,1,0.625,A3_motion_attention,42,balanced
19,S1_FALL_04,1,1,0.9999945163726807,1,0.625,A3_motion_attention,42,balanced
20,S1_FALL_05,1,1,0.9999547004699707,1,0.625,A3_motion_attention,42,balanced
21,S1_FALL_06,1,1,0.9995418787002563,1,0.625,A3_motion_attention,42,balanced
22,S1_FALL_07,1,1,0.9996232986450195,1,0.625,A3_motion_attention,42,balanced
23,S1_FALL_08,1,1,0.9999897480010986,1,0.625,A3_motion_attention,42,balanced
24,S1_FALL_09,1,1,0.9999871253967285,1,0.625,A3_motion_attention,42,balanced
25,S1_FALL_10,1,1,0.9999517202377319,1,0.625,A3_motion_attention,42,balanced
26,S1_FALL_11,1,1,0.9704194068908691,1,0.625,A3_motion_attention,42,balanced
27,S1_FALL_12,1,1,0.9974506497383118,1,0.625,A3_motion_attention,42,balanced
28,S1_FALL_13,1,1,0.7033776044845581,1,0.625,A3_motion_attention,42,balanced
29,S1_FALL_14,1,1,0.9945887327194214,1,0.625,A3_motion_attention,42,balanced
30,S1_FALL_15,1,1,0.9913179874420166,1,0.625,A3_motion_attention,42,balanced
31,S1_FALL_16,1,1,0.9752468466758728,1,0.625,A3_motion_attention,42,balanced
0,S1_ADL_01,1,0,0.6183735132217407,1,0.32499999999999996,A3_motion_attention,42,sensitivity
1,S1_ADL_02,1,0,0.41851621866226196,1,0.32499999999999996,A3_motion_attention,42,sensitivity
2,S1_ADL_03,1,0,0.6067271828651428,1,0.32499999999999996,A3_motion_attention,42,sensitivity
3,S1_ADL_04,1,0,0.0060577718541026115,0,0.32499999999999996,A3_motion_attention,42,sensitivity
4,S1_ADL_05,1,0,0.01573091372847557,0,0.32499999999999996,A3_motion_attention,42,sensitivity
5,S1_ADL_06,1,0,0.005508135072886944,0,0.32499999999999996,A3_motion_attention,42,sensitivity
6,S1_ADL_07,1,0,0.04314850643277168,0,0.32499999999999996,A3_motion_attention,42,sensitivity
7,S1_ADL_08,1,0,0.0038760758470743895,0,0.32499999999999996,A3_motion_attention,42,sensitivity
8,S1_ADL_09,1,0,0.004824629984796047,0,0.32499999999999996,A3_motion_attention,42,sensitivity
9,S1_ADL_10,1,0,0.0011121755233034492,0,0.32499999999999996,A3_motion_attention,42,sensitivity
10,S1_ADL_11,1,0,0.001036117784678936,0,0.32499999999999996,A3_motion_attention,42,sensitivity
11,S1_ADL_12,1,0,0.048665884882211685,0,0.32499999999999996,A3_motion_attention,42,sensitivity
12,S1_ADL_13,1,0,0.024688756093382835,0,0.32499999999999996,A3_motion_attention,42,sensitivity
13,S1_ADL_14,1,0,0.002511492231860757,0,0.32499999999999996,A3_motion_attention,42,sensitivity
14,S1_ADL_15,1,0,0.008674046024680138,0,0.32499999999999996,A3_motion_attention,42,sensitivity
15,S1_ADL_16,1,0,0.04773806408047676,0,0.32499999999999996,A3_motion_attention,42,sensitivity
16,S1_FALL_01,1,1,0.9983636736869812,1,0.32499999999999996,A3_motion_attention,42,sensitivity
17,S1_FALL_02,1,1,0.9999994039535522,1,0.32499999999999996,A3_motion_attention,42,sensitivity
18,S1_FALL_03,1,1,0.9996179342269897,1,0.32499999999999996,A3_motion_attention,42,sensitivity
19,S1_FALL_04,1,1,0.9999945163726807,1,0.32499999999999996,A3_motion_attention,42,sensitivity
20,S1_FALL_05,1,1,0.9999547004699707,1,0.32499999999999996,A3_motion_attention,42,sensitivity
21,S1_FALL_06,1,1,0.9995418787002563,1,0.32499999999999996,A3_motion_attention,42,sensitivity
22,S1_FALL_07,1,1,0.9996232986450195,1,0.32499999999999996,A3_motion_attention,42,sensitivity
23,S1_FALL_08,1,1,0.9999897480010986,1,0.32499999999999996,A3_motion_attention,42,sensitivity
24,S1_FALL_09,1,1,0.9999871253967285,1,0.32499999999999996,A3_motion_attention,42,sensitivity
25,S1_FALL_10,1,1,0.9999517202377319,1,0.32499999999999996,A3_motion_attention,42,sensitivity
26,S1_FALL_11,1,1,0.9704194068908691,1,0.32499999999999996,A3_motion_attention,42,sensitivity
27,S1_FALL_12,1,1,0.9974506497383118,1,0.32499999999999996,A3_motion_attention,42,sensitivity
28,S1_FALL_13,1,1,0.7033776044845581,1,0.32499999999999996,A3_motion_attention,42,sensitivity
29,S1_FALL_14,1,1,0.9945887327194214,1,0.32499999999999996,A3_motion_attention,42,sensitivity
30,S1_FALL_15,1,1,0.9913179874420166,1,0.32499999999999996,A3_motion_attention,42,sensitivity
31,S1_FALL_16,1,1,0.9752468466758728,1,0.32499999999999996,A3_motion_attention,42,sensitivity
32,S2_ADL_01,2,0,0.09452709555625916,0,0.5,A3_motion_attention,42,fixed
33,S2_ADL_02,2,0,0.027087591588497162,0,0.5,A3_motion_attention,42,fixed
34,S2_ADL_03,2,0,0.008957693353295326,0,0.5,A3_motion_attention,42,fixed
35,S2_ADL_04,2,0,0.028297366574406624,0,0.5,A3_motion_attention,42,fixed
36,S2_ADL_05,2,0,0.003995210397988558,0,0.5,A3_motion_attention,42,fixed
37,S2_ADL_06,2,0,0.019819684326648712,0,0.5,A3_motion_attention,42,fixed
38,S2_ADL_07,2,0,0.015618021599948406,0,0.5,A3_motion_attention,42,fixed
39,S2_ADL_08,2,0,0.02781863883137703,0,0.5,A3_motion_attention,42,fixed
40,S2_ADL_09,2,0,0.33644405007362366,0,0.5,A3_motion_attention,42,fixed
41,S2_ADL_10,2,0,0.12995898723602295,0,0.5,A3_motion_attention,42,fixed
42,S2_ADL_11,2,0,0.004603482782840729,0,0.5,A3_motion_attention,42,fixed
43,S2_ADL_12,2,0,0.3320053517818451,0,0.5,A3_motion_attention,42,fixed
44,S2_ADL_13,2,0,0.21226060390472412,0,0.5,A3_motion_attention,42,fixed
45,S2_ADL_14,2,0,0.007310798857361078,0,0.5,A3_motion_attention,42,fixed
46,S2_ADL_15,2,0,0.002390814246609807,0,0.5,A3_motion_attention,42,fixed
47,S2_ADL_16,2,0,0.20446167886257172,0,0.5,A3_motion_attention,42,fixed
48,S2_ADL_17,2,0,0.0026383858639746904,0,0.5,A3_motion_attention,42,fixed
49,S2_ADL_18,2,0,0.0010761423036456108,0,0.5,A3_motion_attention,42,fixed
50,S2_ADL_19,2,0,0.22624990344047546,0,0.5,A3_motion_attention,42,fixed
51,S2_ADL_20,2,0,0.006244427990168333,0,0.5,A3_motion_attention,42,fixed
52,S2_ADL_21,2,0,0.020793583244085312,0,0.5,A3_motion_attention,42,fixed
53,S2_ADL_22,2,0,0.05779588222503662,0,0.5,A3_motion_attention,42,fixed
54,S2_ADL_23,2,0,0.015047082677483559,0,0.5,A3_motion_attention,42,fixed
55,S2_FALL_01,2,1,0.9918347597122192,1,0.5,A3_motion_attention,42,fixed
56,S2_FALL_02,2,1,0.99989914894104,1,0.5,A3_motion_attention,42,fixed
57,S2_FALL_03,2,1,0.07553629577159882,0,0.5,A3_motion_attention,42,fixed
58,S2_FALL_04,2,1,0.9998453855514526,1,0.5,A3_motion_attention,42,fixed
59,S2_FALL_05,2,1,0.9828384518623352,1,0.5,A3_motion_attention,42,fixed
60,S2_FALL_06,2,1,0.9997145533561707,1,0.5,A3_motion_attention,42,fixed
61,S2_FALL_07,2,1,0.952520489692688,1,0.5,A3_motion_attention,42,fixed
62,S2_FALL_08,2,1,0.9858664870262146,1,0.5,A3_motion_attention,42,fixed
63,S2_FALL_09,2,1,0.9997724890708923,1,0.5,A3_motion_attention,42,fixed
64,S2_FALL_10,2,1,0.9991101622581482,1,0.5,A3_motion_attention,42,fixed
65,S2_FALL_11,2,1,0.9995088577270508,1,0.5,A3_motion_attention,42,fixed
66,S2_FALL_12,2,1,0.9990018010139465,1,0.5,A3_motion_attention,42,fixed
67,S2_FALL_13,2,1,0.19133490324020386,0,0.5,A3_motion_attention,42,fixed
68,S2_FALL_14,2,1,0.9739145040512085,1,0.5,A3_motion_attention,42,fixed
69,S2_FALL_15,2,1,0.9818597435951233,1,0.5,A3_motion_attention,42,fixed
70,S2_FALL_16,2,1,0.9999988079071045,1,0.5,A3_motion_attention,42,fixed
71,S2_FALL_17,2,1,0.9999991655349731,1,0.5,A3_motion_attention,42,fixed
72,S2_FALL_18,2,1,0.9771687984466553,1,0.5,A3_motion_attention,42,fixed
73,S2_FALL_19,2,1,0.9972367286682129,1,0.5,A3_motion_attention,42,fixed
74,S2_FALL_20,2,1,0.9996028542518616,1,0.5,A3_motion_attention,42,fixed
75,S2_FALL_21,2,1,0.9998403787612915,1,0.5,A3_motion_attention,42,fixed
76,S2_FALL_22,2,1,0.9999984502792358,1,0.5,A3_motion_attention,42,fixed
77,S2_FALL_23,2,1,0.9999457597732544,1,0.5,A3_motion_attention,42,fixed
78,S2_FALL_24,2,1,0.9994893074035645,1,0.5,A3_motion_attention,42,fixed
79,S2_FALL_25,2,1,0.999991774559021,1,0.5,A3_motion_attention,42,fixed
32,S2_ADL_01,2,0,0.09452709555625916,0,0.2,A3_motion_attention,42,balanced
33,S2_ADL_02,2,0,0.027087591588497162,0,0.2,A3_motion_attention,42,balanced
34,S2_ADL_03,2,0,0.008957693353295326,0,0.2,A3_motion_attention,42,balanced
35,S2_ADL_04,2,0,0.028297366574406624,0,0.2,A3_motion_attention,42,balanced
36,S2_ADL_05,2,0,0.003995210397988558,0,0.2,A3_motion_attention,42,balanced
37,S2_ADL_06,2,0,0.019819684326648712,0,0.2,A3_motion_attention,42,balanced
38,S2_ADL_07,2,0,0.015618021599948406,0,0.2,A3_motion_attention,42,balanced
39,S2_ADL_08,2,0,0.02781863883137703,0,0.2,A3_motion_attention,42,balanced
40,S2_ADL_09,2,0,0.33644405007362366,1,0.2,A3_motion_attention,42,balanced
41,S2_ADL_10,2,0,0.12995898723602295,0,0.2,A3_motion_attention,42,balanced
42,S2_ADL_11,2,0,0.004603482782840729,0,0.2,A3_motion_attention,42,balanced
43,S2_ADL_12,2,0,0.3320053517818451,1,0.2,A3_motion_attention,42,balanced
44,S2_ADL_13,2,0,0.21226060390472412,1,0.2,A3_motion_attention,42,balanced
45,S2_ADL_14,2,0,0.007310798857361078,0,0.2,A3_motion_attention,42,balanced
46,S2_ADL_15,2,0,0.002390814246609807,0,0.2,A3_motion_attention,42,balanced
47,S2_ADL_16,2,0,0.20446167886257172,1,0.2,A3_motion_attention,42,balanced
48,S2_ADL_17,2,0,0.0026383858639746904,0,0.2,A3_motion_attention,42,balanced
49,S2_ADL_18,2,0,0.0010761423036456108,0,0.2,A3_motion_attention,42,balanced
50,S2_ADL_19,2,0,0.22624990344047546,1,0.2,A3_motion_attention,42,balanced
51,S2_ADL_20,2,0,0.006244427990168333,0,0.2,A3_motion_attention,42,balanced
52,S2_ADL_21,2,0,0.020793583244085312,0,0.2,A3_motion_attention,42,balanced
53,S2_ADL_22,2,0,0.05779588222503662,0,0.2,A3_motion_attention,42,balanced
54,S2_ADL_23,2,0,0.015047082677483559,0,0.2,A3_motion_attention,42,balanced
55,S2_FALL_01,2,1,0.9918347597122192,1,0.2,A3_motion_attention,42,balanced
56,S2_FALL_02,2,1,0.99989914894104,1,0.2,A3_motion_attention,42,balanced
57,S2_FALL_03,2,1,0.07553629577159882,0,0.2,A3_motion_attention,42,balanced
58,S2_FALL_04,2,1,0.9998453855514526,1,0.2,A3_motion_attention,42,balanced
59,S2_FALL_05,2,1,0.9828384518623352,1,0.2,A3_motion_attention,42,balanced
60,S2_FALL_06,2,1,0.9997145533561707,1,0.2,A3_motion_attention,42,balanced
61,S2_FALL_07,2,1,0.952520489692688,1,0.2,A3_motion_attention,42,balanced
62,S2_FALL_08,2,1,0.9858664870262146,1,0.2,A3_motion_attention,42,balanced
63,S2_FALL_09,2,1,0.9997724890708923,1,0.2,A3_motion_attention,42,balanced
64,S2_FALL_10,2,1,0.9991101622581482,1,0.2,A3_motion_attention,42,balanced
65,S2_FALL_11,2,1,0.9995088577270508,1,0.2,A3_motion_attention,42,balanced
66,S2_FALL_12,2,1,0.9990018010139465,1,0.2,A3_motion_attention,42,balanced
67,S2_FALL_13,2,1,0.19133490324020386,0,0.2,A3_motion_attention,42,balanced
68,S2_FALL_14,2,1,0.9739145040512085,1,0.2,A3_motion_attention,42,balanced
69,S2_FALL_15,2,1,0.9818597435951233,1,0.2,A3_motion_attention,42,balanced
70,S2_FALL_16,2,1,0.9999988079071045,1,0.2,A3_motion_attention,42,balanced
71,S2_FALL_17,2,1,0.9999991655349731,1,0.2,A3_motion_attention,42,balanced
72,S2_FALL_18,2,1,0.9771687984466553,1,0.2,A3_motion_attention,42,balanced
73,S2_FALL_19,2,1,0.9972367286682129,1,0.2,A3_motion_attention,42,balanced
74,S2_FALL_20,2,1,0.9996028542518616,1,0.2,A3_motion_attention,42,balanced
75,S2_FALL_21,2,1,0.9998403787612915,1,0.2,A3_motion_attention,42,balanced
76,S2_FALL_22,2,1,0.9999984502792358,1,0.2,A3_motion_attention,42,balanced
77,S2_FALL_23,2,1,0.9999457597732544,1,0.2,A3_motion_attention,42,balanced
78,S2_FALL_24,2,1,0.9994893074035645,1,0.2,A3_motion_attention,42,balanced
79,S2_FALL_25,2,1,0.999991774559021,1,0.2,A3_motion_attention,42,balanced
32,S2_ADL_01,2,0,0.09452709555625916,0,0.2,A3_motion_attention,42,sensitivity
33,S2_ADL_02,2,0,0.027087591588497162,0,0.2,A3_motion_attention,42,sensitivity
34,S2_ADL_03,2,0,0.008957693353295326,0,0.2,A3_motion_attention,42,sensitivity
35,S2_ADL_04,2,0,0.028297366574406624,0,0.2,A3_motion_attention,42,sensitivity
36,S2_ADL_05,2,0,0.003995210397988558,0,0.2,A3_motion_attention,42,sensitivity
37,S2_ADL_06,2,0,0.019819684326648712,0,0.2,A3_motion_attention,42,sensitivity
38,S2_ADL_07,2,0,0.015618021599948406,0,0.2,A3_motion_attention,42,sensitivity
39,S2_ADL_08,2,0,0.02781863883137703,0,0.2,A3_motion_attention,42,sensitivity
40,S2_ADL_09,2,0,0.33644405007362366,1,0.2,A3_motion_attention,42,sensitivity
41,S2_ADL_10,2,0,0.12995898723602295,0,0.2,A3_motion_attention,42,sensitivity
42,S2_ADL_11,2,0,0.004603482782840729,0,0.2,A3_motion_attention,42,sensitivity
43,S2_ADL_12,2,0,0.3320053517818451,1,0.2,A3_motion_attention,42,sensitivity
44,S2_ADL_13,2,0,0.21226060390472412,1,0.2,A3_motion_attention,42,sensitivity
45,S2_ADL_14,2,0,0.007310798857361078,0,0.2,A3_motion_attention,42,sensitivity
46,S2_ADL_15,2,0,0.002390814246609807,0,0.2,A3_motion_attention,42,sensitivity
47,S2_ADL_16,2,0,0.20446167886257172,1,0.2,A3_motion_attention,42,sensitivity
48,S2_ADL_17,2,0,0.0026383858639746904,0,0.2,A3_motion_attention,42,sensitivity
49,S2_ADL_18,2,0,0.0010761423036456108,0,0.2,A3_motion_attention,42,sensitivity
50,S2_ADL_19,2,0,0.22624990344047546,1,0.2,A3_motion_attention,42,sensitivity
51,S2_ADL_20,2,0,0.006244427990168333,0,0.2,A3_motion_attention,42,sensitivity
52,S2_ADL_21,2,0,0.020793583244085312,0,0.2,A3_motion_attention,42,sensitivity
53,S2_ADL_22,2,0,0.05779588222503662,0,0.2,A3_motion_attention,42,sensitivity
54,S2_ADL_23,2,0,0.015047082677483559,0,0.2,A3_motion_attention,42,sensitivity
55,S2_FALL_01,2,1,0.9918347597122192,1,0.2,A3_motion_attention,42,sensitivity
56,S2_FALL_02,2,1,0.99989914894104,1,0.2,A3_motion_attention,42,sensitivity
57,S2_FALL_03,2,1,0.07553629577159882,0,0.2,A3_motion_attention,42,sensitivity
58,S2_FALL_04,2,1,0.9998453855514526,1,0.2,A3_motion_attention,42,sensitivity
59,S2_FALL_05,2,1,0.9828384518623352,1,0.2,A3_motion_attention,42,sensitivity
60,S2_FALL_06,2,1,0.9997145533561707,1,0.2,A3_motion_attention,42,sensitivity
61,S2_FALL_07,2,1,0.952520489692688,1,0.2,A3_motion_attention,42,sensitivity
62,S2_FALL_08,2,1,0.9858664870262146,1,0.2,A3_motion_attention,42,sensitivity
63,S2_FALL_09,2,1,0.9997724890708923,1,0.2,A3_motion_attention,42,sensitivity
64,S2_FALL_10,2,1,0.9991101622581482,1,0.2,A3_motion_attention,42,sensitivity
65,S2_FALL_11,2,1,0.9995088577270508,1,0.2,A3_motion_attention,42,sensitivity
66,S2_FALL_12,2,1,0.9990018010139465,1,0.2,A3_motion_attention,42,sensitivity
67,S2_FALL_13,2,1,0.19133490324020386,0,0.2,A3_motion_attention,42,sensitivity
68,S2_FALL_14,2,1,0.9739145040512085,1,0.2,A3_motion_attention,42,sensitivity
69,S2_FALL_15,2,1,0.9818597435951233,1,0.2,A3_motion_attention,42,sensitivity
70,S2_FALL_16,2,1,0.9999988079071045,1,0.2,A3_motion_attention,42,sensitivity
71,S2_FALL_17,2,1,0.9999991655349731,1,0.2,A3_motion_attention,42,sensitivity
72,S2_FALL_18,2,1,0.9771687984466553,1,0.2,A3_motion_attention,42,sensitivity
73,S2_FALL_19,2,1,0.9972367286682129,1,0.2,A3_motion_attention,42,sensitivity
74,S2_FALL_20,2,1,0.9996028542518616,1,0.2,A3_motion_attention,42,sensitivity
75,S2_FALL_21,2,1,0.9998403787612915,1,0.2,A3_motion_attention,42,sensitivity
76,S2_FALL_22,2,1,0.9999984502792358,1,0.2,A3_motion_attention,42,sensitivity
77,S2_FALL_23,2,1,0.9999457597732544,1,0.2,A3_motion_attention,42,sensitivity
78,S2_FALL_24,2,1,0.9994893074035645,1,0.2,A3_motion_attention,42,sensitivity
79,S2_FALL_25,2,1,0.999991774559021,1,0.2,A3_motion_attention,42,sensitivity
80,S3_ADL_01,3,0,0.16331279277801514,0,0.5,A3_motion_attention,42,fixed
81,S3_ADL_02,3,0,0.02317894622683525,0,0.5,A3_motion_attention,42,fixed
82,S3_ADL_03,3,0,0.07665658742189407,0,0.5,A3_motion_attention,42,fixed
83,S3_ADL_04,3,0,0.06572670489549637,0,0.5,A3_motion_attention,42,fixed
84,S3_ADL_05,3,0,0.707358717918396,1,0.5,A3_motion_attention,42,fixed
85,S3_ADL_06,3,0,0.3357267379760742,0,0.5,A3_motion_attention,42,fixed
86,S3_ADL_07,3,0,0.07495420426130295,0,0.5,A3_motion_attention,42,fixed
87,S3_ADL_08,3,0,0.36096426844596863,0,0.5,A3_motion_attention,42,fixed
88,S3_ADL_09,3,0,0.03130294010043144,0,0.5,A3_motion_attention,42,fixed
89,S3_ADL_10,3,0,0.02615932933986187,0,0.5,A3_motion_attention,42,fixed
90,S3_ADL_11,3,0,0.0009089944651350379,0,0.5,A3_motion_attention,42,fixed
91,S3_ADL_12,3,0,0.029915975406765938,0,0.5,A3_motion_attention,42,fixed
92,S3_ADL_13,3,0,0.01507415622472763,0,0.5,A3_motion_attention,42,fixed
93,S3_ADL_14,3,0,0.06185809522867203,0,0.5,A3_motion_attention,42,fixed
94,S3_ADL_15,3,0,0.07210807502269745,0,0.5,A3_motion_attention,42,fixed
95,S3_ADL_16,3,0,0.037237703800201416,0,0.5,A3_motion_attention,42,fixed
96,S3_ADL_17,3,0,0.053389810025691986,0,0.5,A3_motion_attention,42,fixed
97,S3_ADL_18,3,0,0.004490624647587538,0,0.5,A3_motion_attention,42,fixed
98,S3_ADL_19,3,0,0.018550356850028038,0,0.5,A3_motion_attention,42,fixed
99,S3_ADL_20,3,0,0.0983373299241066,0,0.5,A3_motion_attention,42,fixed
100,S3_ADL_21,3,0,0.018399352207779884,0,0.5,A3_motion_attention,42,fixed
101,S3_ADL_22,3,0,0.012834715656936169,0,0.5,A3_motion_attention,42,fixed
102,S3_FALL_01,3,1,0.895893394947052,1,0.5,A3_motion_attention,42,fixed
103,S3_FALL_02,3,1,0.9993313550949097,1,0.5,A3_motion_attention,42,fixed
104,S3_FALL_03,3,1,0.9995085000991821,1,0.5,A3_motion_attention,42,fixed
105,S3_FALL_04,3,1,0.9964151382446289,1,0.5,A3_motion_attention,42,fixed
106,S3_FALL_05,3,1,0.9991699457168579,1,0.5,A3_motion_attention,42,fixed
107,S3_FALL_06,3,1,0.16803555190563202,0,0.5,A3_motion_attention,42,fixed
108,S3_FALL_07,3,1,0.7580586671829224,1,0.5,A3_motion_attention,42,fixed
109,S3_FALL_08,3,1,0.6589400172233582,1,0.5,A3_motion_attention,42,fixed
110,S3_FALL_09,3,1,0.9956658482551575,1,0.5,A3_motion_attention,42,fixed
111,S3_FALL_10,3,1,0.8742473721504211,1,0.5,A3_motion_attention,42,fixed
112,S3_FALL_11,3,1,0.99998939037323,1,0.5,A3_motion_attention,42,fixed
113,S3_FALL_12,3,1,0.9898634552955627,1,0.5,A3_motion_attention,42,fixed
114,S3_FALL_13,3,1,0.9882376790046692,1,0.5,A3_motion_attention,42,fixed
115,S3_FALL_14,3,1,0.9992475509643555,1,0.5,A3_motion_attention,42,fixed
116,S3_FALL_15,3,1,0.9996786117553711,1,0.5,A3_motion_attention,42,fixed
117,S3_FALL_16,3,1,0.9993122816085815,1,0.5,A3_motion_attention,42,fixed
118,S3_FALL_17,3,1,0.939939022064209,1,0.5,A3_motion_attention,42,fixed
119,S3_FALL_18,3,1,0.999221920967102,1,0.5,A3_motion_attention,42,fixed
120,S3_FALL_19,3,1,0.9995705485343933,1,0.5,A3_motion_attention,42,fixed
121,S3_FALL_20,3,1,0.9999721050262451,1,0.5,A3_motion_attention,42,fixed
122,S3_FALL_21,3,1,0.9966307282447815,1,0.5,A3_motion_attention,42,fixed
80,S3_ADL_01,3,0,0.16331279277801514,0,0.525,A3_motion_attention,42,balanced
81,S3_ADL_02,3,0,0.02317894622683525,0,0.525,A3_motion_attention,42,balanced
82,S3_ADL_03,3,0,0.07665658742189407,0,0.525,A3_motion_attention,42,balanced
83,S3_ADL_04,3,0,0.06572670489549637,0,0.525,A3_motion_attention,42,balanced
84,S3_ADL_05,3,0,0.707358717918396,1,0.525,A3_motion_attention,42,balanced
85,S3_ADL_06,3,0,0.3357267379760742,0,0.525,A3_motion_attention,42,balanced
86,S3_ADL_07,3,0,0.07495420426130295,0,0.525,A3_motion_attention,42,balanced
87,S3_ADL_08,3,0,0.36096426844596863,0,0.525,A3_motion_attention,42,balanced
88,S3_ADL_09,3,0,0.03130294010043144,0,0.525,A3_motion_attention,42,balanced
89,S3_ADL_10,3,0,0.02615932933986187,0,0.525,A3_motion_attention,42,balanced
90,S3_ADL_11,3,0,0.0009089944651350379,0,0.525,A3_motion_attention,42,balanced
91,S3_ADL_12,3,0,0.029915975406765938,0,0.525,A3_motion_attention,42,balanced
92,S3_ADL_13,3,0,0.01507415622472763,0,0.525,A3_motion_attention,42,balanced
93,S3_ADL_14,3,0,0.06185809522867203,0,0.525,A3_motion_attention,42,balanced
94,S3_ADL_15,3,0,0.07210807502269745,0,0.525,A3_motion_attention,42,balanced
95,S3_ADL_16,3,0,0.037237703800201416,0,0.525,A3_motion_attention,42,balanced
96,S3_ADL_17,3,0,0.053389810025691986,0,0.525,A3_motion_attention,42,balanced
97,S3_ADL_18,3,0,0.004490624647587538,0,0.525,A3_motion_attention,42,balanced
98,S3_ADL_19,3,0,0.018550356850028038,0,0.525,A3_motion_attention,42,balanced
99,S3_ADL_20,3,0,0.0983373299241066,0,0.525,A3_motion_attention,42,balanced
100,S3_ADL_21,3,0,0.018399352207779884,0,0.525,A3_motion_attention,42,balanced
101,S3_ADL_22,3,0,0.012834715656936169,0,0.525,A3_motion_attention,42,balanced
102,S3_FALL_01,3,1,0.895893394947052,1,0.525,A3_motion_attention,42,balanced
103,S3_FALL_02,3,1,0.9993313550949097,1,0.525,A3_motion_attention,42,balanced
104,S3_FALL_03,3,1,0.9995085000991821,1,0.525,A3_motion_attention,42,balanced
105,S3_FALL_04,3,1,0.9964151382446289,1,0.525,A3_motion_attention,42,balanced
106,S3_FALL_05,3,1,0.9991699457168579,1,0.525,A3_motion_attention,42,balanced
107,S3_FALL_06,3,1,0.16803555190563202,0,0.525,A3_motion_attention,42,balanced
108,S3_FALL_07,3,1,0.7580586671829224,1,0.525,A3_motion_attention,42,balanced
109,S3_FALL_08,3,1,0.6589400172233582,1,0.525,A3_motion_attention,42,balanced
110,S3_FALL_09,3,1,0.9956658482551575,1,0.525,A3_motion_attention,42,balanced
111,S3_FALL_10,3,1,0.8742473721504211,1,0.525,A3_motion_attention,42,balanced
112,S3_FALL_11,3,1,0.99998939037323,1,0.525,A3_motion_attention,42,balanced
113,S3_FALL_12,3,1,0.9898634552955627,1,0.525,A3_motion_attention,42,balanced
114,S3_FALL_13,3,1,0.9882376790046692,1,0.525,A3_motion_attention,42,balanced
115,S3_FALL_14,3,1,0.9992475509643555,1,0.525,A3_motion_attention,42,balanced
116,S3_FALL_15,3,1,0.9996786117553711,1,0.525,A3_motion_attention,42,balanced
117,S3_FALL_16,3,1,0.9993122816085815,1,0.525,A3_motion_attention,42,balanced
118,S3_FALL_17,3,1,0.939939022064209,1,0.525,A3_motion_attention,42,balanced
119,S3_FALL_18,3,1,0.999221920967102,1,0.525,A3_motion_attention,42,balanced
120,S3_FALL_19,3,1,0.9995705485343933,1,0.525,A3_motion_attention,42,balanced
121,S3_FALL_20,3,1,0.9999721050262451,1,0.525,A3_motion_attention,42,balanced
122,S3_FALL_21,3,1,0.9966307282447815,1,0.525,A3_motion_attention,42,balanced
80,S3_ADL_01,3,0,0.16331279277801514,0,0.2,A3_motion_attention,42,sensitivity
81,S3_ADL_02,3,0,0.02317894622683525,0,0.2,A3_motion_attention,42,sensitivity
82,S3_ADL_03,3,0,0.07665658742189407,0,0.2,A3_motion_attention,42,sensitivity
83,S3_ADL_04,3,0,0.06572670489549637,0,0.2,A3_motion_attention,42,sensitivity
84,S3_ADL_05,3,0,0.707358717918396,1,0.2,A3_motion_attention,42,sensitivity
85,S3_ADL_06,3,0,0.3357267379760742,1,0.2,A3_motion_attention,42,sensitivity
86,S3_ADL_07,3,0,0.07495420426130295,0,0.2,A3_motion_attention,42,sensitivity
87,S3_ADL_08,3,0,0.36096426844596863,1,0.2,A3_motion_attention,42,sensitivity
88,S3_ADL_09,3,0,0.03130294010043144,0,0.2,A3_motion_attention,42,sensitivity
89,S3_ADL_10,3,0,0.02615932933986187,0,0.2,A3_motion_attention,42,sensitivity
90,S3_ADL_11,3,0,0.0009089944651350379,0,0.2,A3_motion_attention,42,sensitivity
91,S3_ADL_12,3,0,0.029915975406765938,0,0.2,A3_motion_attention,42,sensitivity
92,S3_ADL_13,3,0,0.01507415622472763,0,0.2,A3_motion_attention,42,sensitivity
93,S3_ADL_14,3,0,0.06185809522867203,0,0.2,A3_motion_attention,42,sensitivity
94,S3_ADL_15,3,0,0.07210807502269745,0,0.2,A3_motion_attention,42,sensitivity
95,S3_ADL_16,3,0,0.037237703800201416,0,0.2,A3_motion_attention,42,sensitivity
96,S3_ADL_17,3,0,0.053389810025691986,0,0.2,A3_motion_attention,42,sensitivity
97,S3_ADL_18,3,0,0.004490624647587538,0,0.2,A3_motion_attention,42,sensitivity
98,S3_ADL_19,3,0,0.018550356850028038,0,0.2,A3_motion_attention,42,sensitivity
99,S3_ADL_20,3,0,0.0983373299241066,0,0.2,A3_motion_attention,42,sensitivity
100,S3_ADL_21,3,0,0.018399352207779884,0,0.2,A3_motion_attention,42,sensitivity
101,S3_ADL_22,3,0,0.012834715656936169,0,0.2,A3_motion_attention,42,sensitivity
102,S3_FALL_01,3,1,0.895893394947052,1,0.2,A3_motion_attention,42,sensitivity
103,S3_FALL_02,3,1,0.9993313550949097,1,0.2,A3_motion_attention,42,sensitivity
104,S3_FALL_03,3,1,0.9995085000991821,1,0.2,A3_motion_attention,42,sensitivity
105,S3_FALL_04,3,1,0.9964151382446289,1,0.2,A3_motion_attention,42,sensitivity
106,S3_FALL_05,3,1,0.9991699457168579,1,0.2,A3_motion_attention,42,sensitivity
107,S3_FALL_06,3,1,0.16803555190563202,0,0.2,A3_motion_attention,42,sensitivity
108,S3_FALL_07,3,1,0.7580586671829224,1,0.2,A3_motion_attention,42,sensitivity
109,S3_FALL_08,3,1,0.6589400172233582,1,0.2,A3_motion_attention,42,sensitivity
110,S3_FALL_09,3,1,0.9956658482551575,1,0.2,A3_motion_attention,42,sensitivity
111,S3_FALL_10,3,1,0.8742473721504211,1,0.2,A3_motion_attention,42,sensitivity
112,S3_FALL_11,3,1,0.99998939037323,1,0.2,A3_motion_attention,42,sensitivity
113,S3_FALL_12,3,1,0.9898634552955627,1,0.2,A3_motion_attention,42,sensitivity
114,S3_FALL_13,3,1,0.9882376790046692,1,0.2,A3_motion_attention,42,sensitivity
115,S3_FALL_14,3,1,0.9992475509643555,1,0.2,A3_motion_attention,42,sensitivity
116,S3_FALL_15,3,1,0.9996786117553711,1,0.2,A3_motion_attention,42,sensitivity
117,S3_FALL_16,3,1,0.9993122816085815,1,0.2,A3_motion_attention,42,sensitivity
118,S3_FALL_17,3,1,0.939939022064209,1,0.2,A3_motion_attention,42,sensitivity
119,S3_FALL_18,3,1,0.999221920967102,1,0.2,A3_motion_attention,42,sensitivity
120,S3_FALL_19,3,1,0.9995705485343933,1,0.2,A3_motion_attention,42,sensitivity
121,S3_FALL_20,3,1,0.9999721050262451,1,0.2,A3_motion_attention,42,sensitivity
122,S3_FALL_21,3,1,0.9966307282447815,1,0.2,A3_motion_attention,42,sensitivity
123,S4_ADL_01,4,0,0.0077059948816895485,0,0.5,A3_motion_attention,42,fixed
124,S4_ADL_02,4,0,0.01148765254765749,0,0.5,A3_motion_attention,42,fixed
125,S4_ADL_03,4,0,0.13168855011463165,0,0.5,A3_motion_attention,42,fixed
126,S4_ADL_04,4,0,0.01833473891019821,0,0.5,A3_motion_attention,42,fixed
127,S4_ADL_05,4,0,0.9999203681945801,1,0.5,A3_motion_attention,42,fixed
128,S4_ADL_06,4,0,0.9630193114280701,1,0.5,A3_motion_attention,42,fixed
129,S4_ADL_07,4,0,0.9688439965248108,1,0.5,A3_motion_attention,42,fixed
130,S4_ADL_08,4,0,0.0043725986033678055,0,0.5,A3_motion_attention,42,fixed
131,S4_ADL_09,4,0,0.07613763958215714,0,0.5,A3_motion_attention,42,fixed
132,S4_ADL_10,4,0,0.8765816688537598,1,0.5,A3_motion_attention,42,fixed
133,S4_ADL_11,4,0,0.004127155989408493,0,0.5,A3_motion_attention,42,fixed
134,S4_ADL_12,4,0,0.037974126636981964,0,0.5,A3_motion_attention,42,fixed
135,S4_ADL_13,4,0,0.02345462515950203,0,0.5,A3_motion_attention,42,fixed
136,S4_ADL_14,4,0,0.11840090155601501,0,0.5,A3_motion_attention,42,fixed
137,S4_ADL_15,4,0,0.03973736986517906,0,0.5,A3_motion_attention,42,fixed
138,S4_ADL_16,4,0,0.6618748903274536,1,0.5,A3_motion_attention,42,fixed
139,S4_ADL_17,4,0,0.003567658131942153,0,0.5,A3_motion_attention,42,fixed
140,S4_ADL_18,4,0,0.004427888430655003,0,0.5,A3_motion_attention,42,fixed
141,S4_ADL_19,4,0,0.03653377667069435,0,0.5,A3_motion_attention,42,fixed
142,S4_ADL_20,4,0,0.006263351533561945,0,0.5,A3_motion_attention,42,fixed
143,S4_FALL_01,4,1,0.9995090961456299,1,0.5,A3_motion_attention,42,fixed
144,S4_FALL_02,4,1,0.9881482720375061,1,0.5,A3_motion_attention,42,fixed
145,S4_FALL_03,4,1,0.9935535192489624,1,0.5,A3_motion_attention,42,fixed
146,S4_FALL_04,4,1,0.9999992847442627,1,0.5,A3_motion_attention,42,fixed
147,S4_FALL_05,4,1,0.5004818439483643,1,0.5,A3_motion_attention,42,fixed
148,S4_FALL_06,4,1,0.8315057158470154,1,0.5,A3_motion_attention,42,fixed
149,S4_FALL_07,4,1,0.9997462630271912,1,0.5,A3_motion_attention,42,fixed
150,S4_FALL_08,4,1,0.9988952875137329,1,0.5,A3_motion_attention,42,fixed
151,S4_FALL_09,4,1,0.9972044825553894,1,0.5,A3_motion_attention,42,fixed
152,S4_FALL_10,4,1,0.9999977350234985,1,0.5,A3_motion_attention,42,fixed
153,S4_FALL_11,4,1,1.0,1,0.5,A3_motion_attention,42,fixed
154,S4_FALL_12,4,1,0.9999624490737915,1,0.5,A3_motion_attention,42,fixed
155,S4_FALL_13,4,1,0.5210093855857849,1,0.5,A3_motion_attention,42,fixed
156,S4_FALL_14,4,1,0.9999790191650391,1,0.5,A3_motion_attention,42,fixed
157,S4_FALL_15,4,1,1.0,1,0.5,A3_motion_attention,42,fixed
158,S4_FALL_16,4,1,1.0,1,0.5,A3_motion_attention,42,fixed
159,S4_FALL_17,4,1,0.9288835525512695,1,0.5,A3_motion_attention,42,fixed
123,S4_ADL_01,4,0,0.0077059948816895485,0,0.575,A3_motion_attention,42,balanced
124,S4_ADL_02,4,0,0.01148765254765749,0,0.575,A3_motion_attention,42,balanced
125,S4_ADL_03,4,0,0.13168855011463165,0,0.575,A3_motion_attention,42,balanced
126,S4_ADL_04,4,0,0.01833473891019821,0,0.575,A3_motion_attention,42,balanced
127,S4_ADL_05,4,0,0.9999203681945801,1,0.575,A3_motion_attention,42,balanced
128,S4_ADL_06,4,0,0.9630193114280701,1,0.575,A3_motion_attention,42,balanced
129,S4_ADL_07,4,0,0.9688439965248108,1,0.575,A3_motion_attention,42,balanced
130,S4_ADL_08,4,0,0.0043725986033678055,0,0.575,A3_motion_attention,42,balanced
131,S4_ADL_09,4,0,0.07613763958215714,0,0.575,A3_motion_attention,42,balanced
132,S4_ADL_10,4,0,0.8765816688537598,1,0.575,A3_motion_attention,42,balanced
133,S4_ADL_11,4,0,0.004127155989408493,0,0.575,A3_motion_attention,42,balanced
134,S4_ADL_12,4,0,0.037974126636981964,0,0.575,A3_motion_attention,42,balanced
135,S4_ADL_13,4,0,0.02345462515950203,0,0.575,A3_motion_attention,42,balanced
136,S4_ADL_14,4,0,0.11840090155601501,0,0.575,A3_motion_attention,42,balanced
137,S4_ADL_15,4,0,0.03973736986517906,0,0.575,A3_motion_attention,42,balanced
138,S4_ADL_16,4,0,0.6618748903274536,1,0.575,A3_motion_attention,42,balanced
139,S4_ADL_17,4,0,0.003567658131942153,0,0.575,A3_motion_attention,42,balanced
140,S4_ADL_18,4,0,0.004427888430655003,0,0.575,A3_motion_attention,42,balanced
141,S4_ADL_19,4,0,0.03653377667069435,0,0.575,A3_motion_attention,42,balanced
142,S4_ADL_20,4,0,0.006263351533561945,0,0.575,A3_motion_attention,42,balanced
143,S4_FALL_01,4,1,0.9995090961456299,1,0.575,A3_motion_attention,42,balanced
144,S4_FALL_02,4,1,0.9881482720375061,1,0.575,A3_motion_attention,42,balanced
145,S4_FALL_03,4,1,0.9935535192489624,1,0.575,A3_motion_attention,42,balanced
146,S4_FALL_04,4,1,0.9999992847442627,1,0.575,A3_motion_attention,42,balanced
147,S4_FALL_05,4,1,0.5004818439483643,0,0.575,A3_motion_attention,42,balanced
148,S4_FALL_06,4,1,0.8315057158470154,1,0.575,A3_motion_attention,42,balanced
149,S4_FALL_07,4,1,0.9997462630271912,1,0.575,A3_motion_attention,42,balanced
150,S4_FALL_08,4,1,0.9988952875137329,1,0.575,A3_motion_attention,42,balanced
151,S4_FALL_09,4,1,0.9972044825553894,1,0.575,A3_motion_attention,42,balanced
152,S4_FALL_10,4,1,0.9999977350234985,1,0.575,A3_motion_attention,42,balanced
153,S4_FALL_11,4,1,1.0,1,0.575,A3_motion_attention,42,balanced
154,S4_FALL_12,4,1,0.9999624490737915,1,0.575,A3_motion_attention,42,balanced
155,S4_FALL_13,4,1,0.5210093855857849,0,0.575,A3_motion_attention,42,balanced
156,S4_FALL_14,4,1,0.9999790191650391,1,0.575,A3_motion_attention,42,balanced
157,S4_FALL_15,4,1,1.0,1,0.575,A3_motion_attention,42,balanced
158,S4_FALL_16,4,1,1.0,1,0.575,A3_motion_attention,42,balanced
159,S4_FALL_17,4,1,0.9288835525512695,1,0.575,A3_motion_attention,42,balanced
123,S4_ADL_01,4,0,0.0077059948816895485,0,0.49999999999999994,A3_motion_attention,42,sensitivity
124,S4_ADL_02,4,0,0.01148765254765749,0,0.49999999999999994,A3_motion_attention,42,sensitivity
125,S4_ADL_03,4,0,0.13168855011463165,0,0.49999999999999994,A3_motion_attention,42,sensitivity
126,S4_ADL_04,4,0,0.01833473891019821,0,0.49999999999999994,A3_motion_attention,42,sensitivity
127,S4_ADL_05,4,0,0.9999203681945801,1,0.49999999999999994,A3_motion_attention,42,sensitivity
128,S4_ADL_06,4,0,0.9630193114280701,1,0.49999999999999994,A3_motion_attention,42,sensitivity
129,S4_ADL_07,4,0,0.9688439965248108,1,0.49999999999999994,A3_motion_attention,42,sensitivity
130,S4_ADL_08,4,0,0.0043725986033678055,0,0.49999999999999994,A3_motion_attention,42,sensitivity
131,S4_ADL_09,4,0,0.07613763958215714,0,0.49999999999999994,A3_motion_attention,42,sensitivity
132,S4_ADL_10,4,0,0.8765816688537598,1,0.49999999999999994,A3_motion_attention,42,sensitivity
133,S4_ADL_11,4,0,0.004127155989408493,0,0.49999999999999994,A3_motion_attention,42,sensitivity
134,S4_ADL_12,4,0,0.037974126636981964,0,0.49999999999999994,A3_motion_attention,42,sensitivity
135,S4_ADL_13,4,0,0.02345462515950203,0,0.49999999999999994,A3_motion_attention,42,sensitivity
136,S4_ADL_14,4,0,0.11840090155601501,0,0.49999999999999994,A3_motion_attention,42,sensitivity
137,S4_ADL_15,4,0,0.03973736986517906,0,0.49999999999999994,A3_motion_attention,42,sensitivity
138,S4_ADL_16,4,0,0.6618748903274536,1,0.49999999999999994,A3_motion_attention,42,sensitivity
139,S4_ADL_17,4,0,0.003567658131942153,0,0.49999999999999994,A3_motion_attention,42,sensitivity
140,S4_ADL_18,4,0,0.004427888430655003,0,0.49999999999999994,A3_motion_attention,42,sensitivity
141,S4_ADL_19,4,0,0.03653377667069435,0,0.49999999999999994,A3_motion_attention,42,sensitivity
142,S4_ADL_20,4,0,0.006263351533561945,0,0.49999999999999994,A3_motion_attention,42,sensitivity
143,S4_FALL_01,4,1,0.9995090961456299,1,0.49999999999999994,A3_motion_attention,42,sensitivity
144,S4_FALL_02,4,1,0.9881482720375061,1,0.49999999999999994,A3_motion_attention,42,sensitivity
145,S4_FALL_03,4,1,0.9935535192489624,1,0.49999999999999994,A3_motion_attention,42,sensitivity
146,S4_FALL_04,4,1,0.9999992847442627,1,0.49999999999999994,A3_motion_attention,42,sensitivity
147,S4_FALL_05,4,1,0.5004818439483643,1,0.49999999999999994,A3_motion_attention,42,sensitivity
148,S4_FALL_06,4,1,0.8315057158470154,1,0.49999999999999994,A3_motion_attention,42,sensitivity
149,S4_FALL_07,4,1,0.9997462630271912,1,0.49999999999999994,A3_motion_attention,42,sensitivity
150,S4_FALL_08,4,1,0.9988952875137329,1,0.49999999999999994,A3_motion_attention,42,sensitivity
151,S4_FALL_09,4,1,0.9972044825553894,1,0.49999999999999994,A3_motion_attention,42,sensitivity
152,S4_FALL_10,4,1,0.9999977350234985,1,0.49999999999999994,A3_motion_attention,42,sensitivity
153,S4_FALL_11,4,1,1.0,1,0.49999999999999994,A3_motion_attention,42,sensitivity
154,S4_FALL_12,4,1,0.9999624490737915,1,0.49999999999999994,A3_motion_attention,42,sensitivity
155,S4_FALL_13,4,1,0.5210093855857849,1,0.49999999999999994,A3_motion_attention,42,sensitivity
156,S4_FALL_14,4,1,0.9999790191650391,1,0.49999999999999994,A3_motion_attention,42,sensitivity
157,S4_FALL_15,4,1,1.0,1,0.49999999999999994,A3_motion_attention,42,sensitivity
158,S4_FALL_16,4,1,1.0,1,0.49999999999999994,A3_motion_attention,42,sensitivity
159,S4_FALL_17,4,1,0.9288835525512695,1,0.49999999999999994,A3_motion_attention,42,sensitivity
0,S1_ADL_01,1,0,-1.2063366795989574,0,0.0,SVM_v2,0,fixed
1,S1_ADL_02,1,0,1.2019758334536785,1,0.0,SVM_v2,0,fixed
2,S1_ADL_03,1,0,0.5362264350667337,1,0.0,SVM_v2,0,fixed
3,S1_ADL_04,1,0,-1.3064321107548822,0,0.0,SVM_v2,0,fixed
4,S1_ADL_05,1,0,-0.990633534466714,0,0.0,SVM_v2,0,fixed
5,S1_ADL_06,1,0,-0.8785872455721316,0,0.0,SVM_v2,0,fixed
6,S1_ADL_07,1,0,-1.5440970088819648,0,0.0,SVM_v2,0,fixed
7,S1_ADL_08,1,0,-1.406362501473558,0,0.0,SVM_v2,0,fixed
8,S1_ADL_09,1,0,-0.6733772180142202,0,0.0,SVM_v2,0,fixed
9,S1_ADL_10,1,0,-1.7874593402587395,0,0.0,SVM_v2,0,fixed
10,S1_ADL_11,1,0,-0.8338686516067356,0,0.0,SVM_v2,0,fixed
11,S1_ADL_12,1,0,-1.7224264497825441,0,0.0,SVM_v2,0,fixed
12,S1_ADL_13,1,0,-0.3110972066351555,0,0.0,SVM_v2,0,fixed
13,S1_ADL_14,1,0,-0.4574222804353304,0,0.0,SVM_v2,0,fixed
14,S1_ADL_15,1,0,0.018514595764951847,1,0.0,SVM_v2,0,fixed
15,S1_ADL_16,1,0,-1.6025298072028664,0,0.0,SVM_v2,0,fixed
16,S1_FALL_01,1,1,0.41605863273317867,1,0.0,SVM_v2,0,fixed
17,S1_FALL_02,1,1,0.7775039435991474,1,0.0,SVM_v2,0,fixed
18,S1_FALL_03,1,1,1.3707848795467013,1,0.0,SVM_v2,0,fixed
19,S1_FALL_04,1,1,1.9486496060983467,1,0.0,SVM_v2,0,fixed
20,S1_FALL_05,1,1,1.6805407042084943,1,0.0,SVM_v2,0,fixed
21,S1_FALL_06,1,1,1.44547707368802,1,0.0,SVM_v2,0,fixed
22,S1_FALL_07,1,1,1.115647688708472,1,0.0,SVM_v2,0,fixed
23,S1_FALL_08,1,1,0.8080245119798524,1,0.0,SVM_v2,0,fixed
24,S1_FALL_09,1,1,0.6050524474032377,1,0.0,SVM_v2,0,fixed
25,S1_FALL_10,1,1,1.023684788785764,1,0.0,SVM_v2,0,fixed
26,S1_FALL_11,1,1,1.2194248153819078,1,0.0,SVM_v2,0,fixed
27,S1_FALL_12,1,1,1.5985058976558797,1,0.0,SVM_v2,0,fixed
28,S1_FALL_13,1,1,0.4367608463421894,1,0.0,SVM_v2,0,fixed
29,S1_FALL_14,1,1,0.5232079298229745,1,0.0,SVM_v2,0,fixed
30,S1_FALL_15,1,1,0.6982474156221562,1,0.0,SVM_v2,0,fixed
31,S1_FALL_16,1,1,0.34149231241789113,1,0.0,SVM_v2,0,fixed
0,S1_ADL_01,1,0,-1.2063366795989574,0,0.0,SVM_v2,0,balanced
1,S1_ADL_02,1,0,1.2019758334536785,1,0.0,SVM_v2,0,balanced
2,S1_ADL_03,1,0,0.5362264350667337,1,0.0,SVM_v2,0,balanced
3,S1_ADL_04,1,0,-1.3064321107548822,0,0.0,SVM_v2,0,balanced
4,S1_ADL_05,1,0,-0.990633534466714,0,0.0,SVM_v2,0,balanced
5,S1_ADL_06,1,0,-0.8785872455721316,0,0.0,SVM_v2,0,balanced
6,S1_ADL_07,1,0,-1.5440970088819648,0,0.0,SVM_v2,0,balanced
7,S1_ADL_08,1,0,-1.406362501473558,0,0.0,SVM_v2,0,balanced
8,S1_ADL_09,1,0,-0.6733772180142202,0,0.0,SVM_v2,0,balanced
9,S1_ADL_10,1,0,-1.7874593402587395,0,0.0,SVM_v2,0,balanced
10,S1_ADL_11,1,0,-0.8338686516067356,0,0.0,SVM_v2,0,balanced
11,S1_ADL_12,1,0,-1.7224264497825441,0,0.0,SVM_v2,0,balanced
12,S1_ADL_13,1,0,-0.3110972066351555,0,0.0,SVM_v2,0,balanced
13,S1_ADL_14,1,0,-0.4574222804353304,0,0.0,SVM_v2,0,balanced
14,S1_ADL_15,1,0,0.018514595764951847,1,0.0,SVM_v2,0,balanced
15,S1_ADL_16,1,0,-1.6025298072028664,0,0.0,SVM_v2,0,balanced
16,S1_FALL_01,1,1,0.41605863273317867,1,0.0,SVM_v2,0,balanced
17,S1_FALL_02,1,1,0.7775039435991474,1,0.0,SVM_v2,0,balanced
18,S1_FALL_03,1,1,1.3707848795467013,1,0.0,SVM_v2,0,balanced
19,S1_FALL_04,1,1,1.9486496060983467,1,0.0,SVM_v2,0,balanced
20,S1_FALL_05,1,1,1.6805407042084943,1,0.0,SVM_v2,0,balanced
21,S1_FALL_06,1,1,1.44547707368802,1,0.0,SVM_v2,0,balanced
22,S1_FALL_07,1,1,1.115647688708472,1,0.0,SVM_v2,0,balanced
23,S1_FALL_08,1,1,0.8080245119798524,1,0.0,SVM_v2,0,balanced
24,S1_FALL_09,1,1,0.6050524474032377,1,0.0,SVM_v2,0,balanced
25,S1_FALL_10,1,1,1.023684788785764,1,0.0,SVM_v2,0,balanced
26,S1_FALL_11,1,1,1.2194248153819078,1,0.0,SVM_v2,0,balanced
27,S1_FALL_12,1,1,1.5985058976558797,1,0.0,SVM_v2,0,balanced
28,S1_FALL_13,1,1,0.4367608463421894,1,0.0,SVM_v2,0,balanced
29,S1_FALL_14,1,1,0.5232079298229745,1,0.0,SVM_v2,0,balanced
30,S1_FALL_15,1,1,0.6982474156221562,1,0.0,SVM_v2,0,balanced
31,S1_FALL_16,1,1,0.34149231241789113,1,0.0,SVM_v2,0,balanced
0,S1_ADL_01,1,0,-1.2063366795989574,0,-0.263783303339003,SVM_v2,0,sensitivity
1,S1_ADL_02,1,0,1.2019758334536785,1,-0.263783303339003,SVM_v2,0,sensitivity
2,S1_ADL_03,1,0,0.5362264350667337,1,-0.263783303339003,SVM_v2,0,sensitivity
3,S1_ADL_04,1,0,-1.3064321107548822,0,-0.263783303339003,SVM_v2,0,sensitivity
4,S1_ADL_05,1,0,-0.990633534466714,0,-0.263783303339003,SVM_v2,0,sensitivity
5,S1_ADL_06,1,0,-0.8785872455721316,0,-0.263783303339003,SVM_v2,0,sensitivity
6,S1_ADL_07,1,0,-1.5440970088819648,0,-0.263783303339003,SVM_v2,0,sensitivity
7,S1_ADL_08,1,0,-1.406362501473558,0,-0.263783303339003,SVM_v2,0,sensitivity
8,S1_ADL_09,1,0,-0.6733772180142202,0,-0.263783303339003,SVM_v2,0,sensitivity
9,S1_ADL_10,1,0,-1.7874593402587395,0,-0.263783303339003,SVM_v2,0,sensitivity
10,S1_ADL_11,1,0,-0.8338686516067356,0,-0.263783303339003,SVM_v2,0,sensitivity
11,S1_ADL_12,1,0,-1.7224264497825441,0,-0.263783303339003,SVM_v2,0,sensitivity
12,S1_ADL_13,1,0,-0.3110972066351555,0,-0.263783303339003,SVM_v2,0,sensitivity
13,S1_ADL_14,1,0,-0.4574222804353304,0,-0.263783303339003,SVM_v2,0,sensitivity
14,S1_ADL_15,1,0,0.018514595764951847,1,-0.263783303339003,SVM_v2,0,sensitivity
15,S1_ADL_16,1,0,-1.6025298072028664,0,-0.263783303339003,SVM_v2,0,sensitivity
16,S1_FALL_01,1,1,0.41605863273317867,1,-0.263783303339003,SVM_v2,0,sensitivity
17,S1_FALL_02,1,1,0.7775039435991474,1,-0.263783303339003,SVM_v2,0,sensitivity
18,S1_FALL_03,1,1,1.3707848795467013,1,-0.263783303339003,SVM_v2,0,sensitivity
19,S1_FALL_04,1,1,1.9486496060983467,1,-0.263783303339003,SVM_v2,0,sensitivity
20,S1_FALL_05,1,1,1.6805407042084943,1,-0.263783303339003,SVM_v2,0,sensitivity
21,S1_FALL_06,1,1,1.44547707368802,1,-0.263783303339003,SVM_v2,0,sensitivity
22,S1_FALL_07,1,1,1.115647688708472,1,-0.263783303339003,SVM_v2,0,sensitivity
23,S1_FALL_08,1,1,0.8080245119798524,1,-0.263783303339003,SVM_v2,0,sensitivity
24,S1_FALL_09,1,1,0.6050524474032377,1,-0.263783303339003,SVM_v2,0,sensitivity
25,S1_FALL_10,1,1,1.023684788785764,1,-0.263783303339003,SVM_v2,0,sensitivity
26,S1_FALL_11,1,1,1.2194248153819078,1,-0.263783303339003,SVM_v2,0,sensitivity
27,S1_FALL_12,1,1,1.5985058976558797,1,-0.263783303339003,SVM_v2,0,sensitivity
28,S1_FALL_13,1,1,0.4367608463421894,1,-0.263783303339003,SVM_v2,0,sensitivity
29,S1_FALL_14,1,1,0.5232079298229745,1,-0.263783303339003,SVM_v2,0,sensitivity
30,S1_FALL_15,1,1,0.6982474156221562,1,-0.263783303339003,SVM_v2,0,sensitivity
31,S1_FALL_16,1,1,0.34149231241789113,1,-0.263783303339003,SVM_v2,0,sensitivity
32,S2_ADL_01,2,0,-1.2686314964844705,0,0.0,SVM_v2,0,fixed
33,S2_ADL_02,2,0,-1.4052035591160363,0,0.0,SVM_v2,0,fixed
34,S2_ADL_03,2,0,0.03144506862526686,1,0.0,SVM_v2,0,fixed
35,S2_ADL_04,2,0,-0.1440408403967962,0,0.0,SVM_v2,0,fixed
36,S2_ADL_05,2,0,-0.6079347737106066,0,0.0,SVM_v2,0,fixed
37,S2_ADL_06,2,0,-0.25228522490446015,0,0.0,SVM_v2,0,fixed
38,S2_ADL_07,2,0,-1.1548182141882313,0,0.0,SVM_v2,0,fixed
39,S2_ADL_08,2,0,-0.6357710482275066,0,0.0,SVM_v2,0,fixed
40,S2_ADL_09,2,0,-0.7351496762044826,0,0.0,SVM_v2,0,fixed
41,S2_ADL_10,2,0,-1.1974653314820194,0,0.0,SVM_v2,0,fixed
42,S2_ADL_11,2,0,-1.640793688517853,0,0.0,SVM_v2,0,fixed
43,S2_ADL_12,2,0,-0.353514079618961,0,0.0,SVM_v2,0,fixed
44,S2_ADL_13,2,0,0.5080576655506154,1,0.0,SVM_v2,0,fixed
45,S2_ADL_14,2,0,0.28604480053735715,1,0.0,SVM_v2,0,fixed
46,S2_ADL_15,2,0,-1.487542996031089,0,0.0,SVM_v2,0,fixed
47,S2_ADL_16,2,0,-0.6943798210838424,0,0.0,SVM_v2,0,fixed
48,S2_ADL_17,2,0,-0.2862266448580201,0,0.0,SVM_v2,0,fixed
49,S2_ADL_18,2,0,-1.4664189624212245,0,0.0,SVM_v2,0,fixed
50,S2_ADL_19,2,0,-0.2668019098789568,0,0.0,SVM_v2,0,fixed
51,S2_ADL_20,2,0,0.11838477859731611,1,0.0,SVM_v2,0,fixed
52,S2_ADL_21,2,0,-0.8157651193344445,0,0.0,SVM_v2,0,fixed
53,S2_ADL_22,2,0,-0.5643073403761943,0,0.0,SVM_v2,0,fixed
54,S2_ADL_23,2,0,-1.1079520049205698,0,0.0,SVM_v2,0,fixed
55,S2_FALL_01,2,1,0.46371386870781695,1,0.0,SVM_v2,0,fixed
56,S2_FALL_02,2,1,1.3407441011320866,1,0.0,SVM_v2,0,fixed
57,S2_FALL_03,2,1,-0.470492917422889,0,0.0,SVM_v2,0,fixed
58,S2_FALL_04,2,1,0.5587044922688696,1,0.0,SVM_v2,0,fixed
59,S2_FALL_05,2,1,0.7299605616629669,1,0.0,SVM_v2,0,fixed
60,S2_FALL_06,2,1,1.1331956525032858,1,0.0,SVM_v2,0,fixed
61,S2_FALL_07,2,1,0.6830567843384322,1,0.0,SVM_v2,0,fixed
62,S2_FALL_08,2,1,-0.36351515548558855,0,0.0,SVM_v2,0,fixed
63,S2_FALL_09,2,1,0.995605533514747,1,0.0,SVM_v2,0,fixed
64,S2_FALL_10,2,1,1.4087976840195915,1,0.0,SVM_v2,0,fixed
65,S2_FALL_11,2,1,1.0654320600572516,1,0.0,SVM_v2,0,fixed
66,S2_FALL_12,2,1,0.9448653516821656,1,0.0,SVM_v2,0,fixed
67,S2_FALL_13,2,1,1.0659415300041282,1,0.0,SVM_v2,0,fixed
68,S2_FALL_14,2,1,0.35564089260831533,1,0.0,SVM_v2,0,fixed
69,S2_FALL_15,2,1,0.5596698950410736,1,0.0,SVM_v2,0,fixed
70,S2_FALL_16,2,1,2.0712515814153027,1,0.0,SVM_v2,0,fixed
71,S2_FALL_17,2,1,0.8923407772728095,1,0.0,SVM_v2,0,fixed
72,S2_FALL_18,2,1,0.024469818617529948,1,0.0,SVM_v2,0,fixed
73,S2_FALL_19,2,1,0.4027975557642337,1,0.0,SVM_v2,0,fixed
74,S2_FALL_20,2,1,0.8898923026761291,1,0.0,SVM_v2,0,fixed
75,S2_FALL_21,2,1,0.9325097561458345,1,0.0,SVM_v2,0,fixed
76,S2_FALL_22,2,1,1.5549429548289435,1,0.0,SVM_v2,0,fixed
77,S2_FALL_23,2,1,0.9725399165468532,1,0.0,SVM_v2,0,fixed
78,S2_FALL_24,2,1,1.203962360454189,1,0.0,SVM_v2,0,fixed
79,S2_FALL_25,2,1,1.1127974227577906,1,0.0,SVM_v2,0,fixed
32,S2_ADL_01,2,0,-1.2686314964844705,0,0.04186369705644935,SVM_v2,0,balanced
33,S2_ADL_02,2,0,-1.4052035591160363,0,0.04186369705644935,SVM_v2,0,balanced
34,S2_ADL_03,2,0,0.03144506862526686,0,0.04186369705644935,SVM_v2,0,balanced
35,S2_ADL_04,2,0,-0.1440408403967962,0,0.04186369705644935,SVM_v2,0,balanced
36,S2_ADL_05,2,0,-0.6079347737106066,0,0.04186369705644935,SVM_v2,0,balanced
37,S2_ADL_06,2,0,-0.25228522490446015,0,0.04186369705644935,SVM_v2,0,balanced
38,S2_ADL_07,2,0,-1.1548182141882313,0,0.04186369705644935,SVM_v2,0,balanced
39,S2_ADL_08,2,0,-0.6357710482275066,0,0.04186369705644935,SVM_v2,0,balanced
40,S2_ADL_09,2,0,-0.7351496762044826,0,0.04186369705644935,SVM_v2,0,balanced
41,S2_ADL_10,2,0,-1.1974653314820194,0,0.04186369705644935,SVM_v2,0,balanced
42,S2_ADL_11,2,0,-1.640793688517853,0,0.04186369705644935,SVM_v2,0,balanced
43,S2_ADL_12,2,0,-0.353514079618961,0,0.04186369705644935,SVM_v2,0,balanced
44,S2_ADL_13,2,0,0.5080576655506154,1,0.04186369705644935,SVM_v2,0,balanced
45,S2_ADL_14,2,0,0.28604480053735715,1,0.04186369705644935,SVM_v2,0,balanced
46,S2_ADL_15,2,0,-1.487542996031089,0,0.04186369705644935,SVM_v2,0,balanced
47,S2_ADL_16,2,0,-0.6943798210838424,0,0.04186369705644935,SVM_v2,0,balanced
48,S2_ADL_17,2,0,-0.2862266448580201,0,0.04186369705644935,SVM_v2,0,balanced
49,S2_ADL_18,2,0,-1.4664189624212245,0,0.04186369705644935,SVM_v2,0,balanced
50,S2_ADL_19,2,0,-0.2668019098789568,0,0.04186369705644935,SVM_v2,0,balanced
51,S2_ADL_20,2,0,0.11838477859731611,1,0.04186369705644935,SVM_v2,0,balanced
52,S2_ADL_21,2,0,-0.8157651193344445,0,0.04186369705644935,SVM_v2,0,balanced
53,S2_ADL_22,2,0,-0.5643073403761943,0,0.04186369705644935,SVM_v2,0,balanced
54,S2_ADL_23,2,0,-1.1079520049205698,0,0.04186369705644935,SVM_v2,0,balanced
55,S2_FALL_01,2,1,0.46371386870781695,1,0.04186369705644935,SVM_v2,0,balanced
56,S2_FALL_02,2,1,1.3407441011320866,1,0.04186369705644935,SVM_v2,0,balanced
57,S2_FALL_03,2,1,-0.470492917422889,0,0.04186369705644935,SVM_v2,0,balanced
58,S2_FALL_04,2,1,0.5587044922688696,1,0.04186369705644935,SVM_v2,0,balanced
59,S2_FALL_05,2,1,0.7299605616629669,1,0.04186369705644935,SVM_v2,0,balanced
60,S2_FALL_06,2,1,1.1331956525032858,1,0.04186369705644935,SVM_v2,0,balanced
61,S2_FALL_07,2,1,0.6830567843384322,1,0.04186369705644935,SVM_v2,0,balanced
62,S2_FALL_08,2,1,-0.36351515548558855,0,0.04186369705644935,SVM_v2,0,balanced
63,S2_FALL_09,2,1,0.995605533514747,1,0.04186369705644935,SVM_v2,0,balanced
64,S2_FALL_10,2,1,1.4087976840195915,1,0.04186369705644935,SVM_v2,0,balanced
65,S2_FALL_11,2,1,1.0654320600572516,1,0.04186369705644935,SVM_v2,0,balanced
66,S2_FALL_12,2,1,0.9448653516821656,1,0.04186369705644935,SVM_v2,0,balanced
67,S2_FALL_13,2,1,1.0659415300041282,1,0.04186369705644935,SVM_v2,0,balanced
68,S2_FALL_14,2,1,0.35564089260831533,1,0.04186369705644935,SVM_v2,0,balanced
69,S2_FALL_15,2,1,0.5596698950410736,1,0.04186369705644935,SVM_v2,0,balanced
70,S2_FALL_16,2,1,2.0712515814153027,1,0.04186369705644935,SVM_v2,0,balanced
71,S2_FALL_17,2,1,0.8923407772728095,1,0.04186369705644935,SVM_v2,0,balanced
72,S2_FALL_18,2,1,0.024469818617529948,0,0.04186369705644935,SVM_v2,0,balanced
73,S2_FALL_19,2,1,0.4027975557642337,1,0.04186369705644935,SVM_v2,0,balanced
74,S2_FALL_20,2,1,0.8898923026761291,1,0.04186369705644935,SVM_v2,0,balanced
75,S2_FALL_21,2,1,0.9325097561458345,1,0.04186369705644935,SVM_v2,0,balanced
76,S2_FALL_22,2,1,1.5549429548289435,1,0.04186369705644935,SVM_v2,0,balanced
77,S2_FALL_23,2,1,0.9725399165468532,1,0.04186369705644935,SVM_v2,0,balanced
78,S2_FALL_24,2,1,1.203962360454189,1,0.04186369705644935,SVM_v2,0,balanced
79,S2_FALL_25,2,1,1.1127974227577906,1,0.04186369705644935,SVM_v2,0,balanced
32,S2_ADL_01,2,0,-1.2686314964844705,0,-0.5146880191688498,SVM_v2,0,sensitivity
33,S2_ADL_02,2,0,-1.4052035591160363,0,-0.5146880191688498,SVM_v2,0,sensitivity
34,S2_ADL_03,2,0,0.03144506862526686,1,-0.5146880191688498,SVM_v2,0,sensitivity
35,S2_ADL_04,2,0,-0.1440408403967962,1,-0.5146880191688498,SVM_v2,0,sensitivity
36,S2_ADL_05,2,0,-0.6079347737106066,0,-0.5146880191688498,SVM_v2,0,sensitivity
37,S2_ADL_06,2,0,-0.25228522490446015,1,-0.5146880191688498,SVM_v2,0,sensitivity
38,S2_ADL_07,2,0,-1.1548182141882313,0,-0.5146880191688498,SVM_v2,0,sensitivity
39,S2_ADL_08,2,0,-0.6357710482275066,0,-0.5146880191688498,SVM_v2,0,sensitivity
40,S2_ADL_09,2,0,-0.7351496762044826,0,-0.5146880191688498,SVM_v2,0,sensitivity
41,S2_ADL_10,2,0,-1.1974653314820194,0,-0.5146880191688498,SVM_v2,0,sensitivity
42,S2_ADL_11,2,0,-1.640793688517853,0,-0.5146880191688498,SVM_v2,0,sensitivity
43,S2_ADL_12,2,0,-0.353514079618961,1,-0.5146880191688498,SVM_v2,0,sensitivity
44,S2_ADL_13,2,0,0.5080576655506154,1,-0.5146880191688498,SVM_v2,0,sensitivity
45,S2_ADL_14,2,0,0.28604480053735715,1,-0.5146880191688498,SVM_v2,0,sensitivity
46,S2_ADL_15,2,0,-1.487542996031089,0,-0.5146880191688498,SVM_v2,0,sensitivity
47,S2_ADL_16,2,0,-0.6943798210838424,0,-0.5146880191688498,SVM_v2,0,sensitivity
48,S2_ADL_17,2,0,-0.2862266448580201,1,-0.5146880191688498,SVM_v2,0,sensitivity
49,S2_ADL_18,2,0,-1.4664189624212245,0,-0.5146880191688498,SVM_v2,0,sensitivity
50,S2_ADL_19,2,0,-0.2668019098789568,1,-0.5146880191688498,SVM_v2,0,sensitivity
51,S2_ADL_20,2,0,0.11838477859731611,1,-0.5146880191688498,SVM_v2,0,sensitivity
52,S2_ADL_21,2,0,-0.8157651193344445,0,-0.5146880191688498,SVM_v2,0,sensitivity
53,S2_ADL_22,2,0,-0.5643073403761943,0,-0.5146880191688498,SVM_v2,0,sensitivity
54,S2_ADL_23,2,0,-1.1079520049205698,0,-0.5146880191688498,SVM_v2,0,sensitivity
55,S2_FALL_01,2,1,0.46371386870781695,1,-0.5146880191688498,SVM_v2,0,sensitivity
56,S2_FALL_02,2,1,1.3407441011320866,1,-0.5146880191688498,SVM_v2,0,sensitivity
57,S2_FALL_03,2,1,-0.470492917422889,1,-0.5146880191688498,SVM_v2,0,sensitivity
58,S2_FALL_04,2,1,0.5587044922688696,1,-0.5146880191688498,SVM_v2,0,sensitivity
59,S2_FALL_05,2,1,0.7299605616629669,1,-0.5146880191688498,SVM_v2,0,sensitivity
60,S2_FALL_06,2,1,1.1331956525032858,1,-0.5146880191688498,SVM_v2,0,sensitivity
61,S2_FALL_07,2,1,0.6830567843384322,1,-0.5146880191688498,SVM_v2,0,sensitivity
62,S2_FALL_08,2,1,-0.36351515548558855,1,-0.5146880191688498,SVM_v2,0,sensitivity
63,S2_FALL_09,2,1,0.995605533514747,1,-0.5146880191688498,SVM_v2,0,sensitivity
64,S2_FALL_10,2,1,1.4087976840195915,1,-0.5146880191688498,SVM_v2,0,sensitivity
65,S2_FALL_11,2,1,1.0654320600572516,1,-0.5146880191688498,SVM_v2,0,sensitivity
66,S2_FALL_12,2,1,0.9448653516821656,1,-0.5146880191688498,SVM_v2,0,sensitivity
67,S2_FALL_13,2,1,1.0659415300041282,1,-0.5146880191688498,SVM_v2,0,sensitivity
68,S2_FALL_14,2,1,0.35564089260831533,1,-0.5146880191688498,SVM_v2,0,sensitivity
69,S2_FALL_15,2,1,0.5596698950410736,1,-0.5146880191688498,SVM_v2,0,sensitivity
70,S2_FALL_16,2,1,2.0712515814153027,1,-0.5146880191688498,SVM_v2,0,sensitivity
71,S2_FALL_17,2,1,0.8923407772728095,1,-0.5146880191688498,SVM_v2,0,sensitivity
72,S2_FALL_18,2,1,0.024469818617529948,1,-0.5146880191688498,SVM_v2,0,sensitivity
73,S2_FALL_19,2,1,0.4027975557642337,1,-0.5146880191688498,SVM_v2,0,sensitivity
74,S2_FALL_20,2,1,0.8898923026761291,1,-0.5146880191688498,SVM_v2,0,sensitivity
75,S2_FALL_21,2,1,0.9325097561458345,1,-0.5146880191688498,SVM_v2,0,sensitivity
76,S2_FALL_22,2,1,1.5549429548289435,1,-0.5146880191688498,SVM_v2,0,sensitivity
77,S2_FALL_23,2,1,0.9725399165468532,1,-0.5146880191688498,SVM_v2,0,sensitivity
78,S2_FALL_24,2,1,1.203962360454189,1,-0.5146880191688498,SVM_v2,0,sensitivity
79,S2_FALL_25,2,1,1.1127974227577906,1,-0.5146880191688498,SVM_v2,0,sensitivity
80,S3_ADL_01,3,0,-1.3517023599861517,0,0.0,SVM_v2,0,fixed
81,S3_ADL_02,3,0,-1.458276419615839,0,0.0,SVM_v2,0,fixed
82,S3_ADL_03,3,0,-1.3475416528955537,0,0.0,SVM_v2,0,fixed
83,S3_ADL_04,3,0,-0.982479645999788,0,0.0,SVM_v2,0,fixed
84,S3_ADL_05,3,0,-0.8406965946334468,0,0.0,SVM_v2,0,fixed
85,S3_ADL_06,3,0,0.24346673729928464,1,0.0,SVM_v2,0,fixed
86,S3_ADL_07,3,0,-0.27157466061139385,0,0.0,SVM_v2,0,fixed
87,S3_ADL_08,3,0,-0.9361100111035805,0,0.0,SVM_v2,0,fixed
88,S3_ADL_09,3,0,-1.232277180710002,0,0.0,SVM_v2,0,fixed
89,S3_ADL_10,3,0,-1.5487388671056515,0,0.0,SVM_v2,0,fixed
90,S3_ADL_11,3,0,-1.552779351175677,0,0.0,SVM_v2,0,fixed
91,S3_ADL_12,3,0,-1.635549329549821,0,0.0,SVM_v2,0,fixed
92,S3_ADL_13,3,0,-0.050049796186203144,0,0.0,SVM_v2,0,fixed
93,S3_ADL_14,3,0,0.378662408279253,1,0.0,SVM_v2,0,fixed
94,S3_ADL_15,3,0,-1.6465728611221127,0,0.0,SVM_v2,0,fixed
95,S3_ADL_16,3,0,-1.4965554556907268,0,0.0,SVM_v2,0,fixed
96,S3_ADL_17,3,0,-1.5669395092714968,0,0.0,SVM_v2,0,fixed
97,S3_ADL_18,3,0,-1.3716277187006485,0,0.0,SVM_v2,0,fixed
98,S3_ADL_19,3,0,-0.6334454864296002,0,0.0,SVM_v2,0,fixed
99,S3_ADL_20,3,0,-1.5866022903201773,0,0.0,SVM_v2,0,fixed
100,S3_ADL_21,3,0,-1.4079314736387964,0,0.0,SVM_v2,0,fixed
101,S3_ADL_22,3,0,-1.2856928878933394,0,0.0,SVM_v2,0,fixed
102,S3_FALL_01,3,1,0.20020573646666345,1,0.0,SVM_v2,0,fixed
103,S3_FALL_02,3,1,0.4409590862061982,1,0.0,SVM_v2,0,fixed
104,S3_FALL_03,3,1,1.2914510255545606,1,0.0,SVM_v2,0,fixed
105,S3_FALL_04,3,1,0.6823153787828589,1,0.0,SVM_v2,0,fixed
106,S3_FALL_05,3,1,1.0428393644267513,1,0.0,SVM_v2,0,fixed
107,S3_FALL_06,3,1,-0.507909728380342,0,0.0,SVM_v2,0,fixed
108,S3_FALL_07,3,1,0.6708747774773078,1,0.0,SVM_v2,0,fixed
109,S3_FALL_08,3,1,0.4548031164850789,1,0.0,SVM_v2,0,fixed
110,S3_FALL_09,3,1,-0.5643936018870459,0,0.0,SVM_v2,0,fixed
111,S3_FALL_10,3,1,0.30574399180091155,1,0.0,SVM_v2,0,fixed
112,S3_FALL_11,3,1,0.8807568797767948,1,0.0,SVM_v2,0,fixed
113,S3_FALL_12,3,1,0.4982506077425019,1,0.0,SVM_v2,0,fixed
114,S3_FALL_13,3,1,-0.4201441944460473,0,0.0,SVM_v2,0,fixed
115,S3_FALL_14,3,1,0.646805019647664,1,0.0,SVM_v2,0,fixed
116,S3_FALL_15,3,1,1.1989204305831183,1,0.0,SVM_v2,0,fixed
117,S3_FALL_16,3,1,1.2245002047589533,1,0.0,SVM_v2,0,fixed
118,S3_FALL_17,3,1,-0.6694500878078804,0,0.0,SVM_v2,0,fixed
119,S3_FALL_18,3,1,0.5344790809071684,1,0.0,SVM_v2,0,fixed
120,S3_FALL_19,3,1,1.2592194530183722,1,0.0,SVM_v2,0,fixed
121,S3_FALL_20,3,1,0.6165606673349573,1,0.0,SVM_v2,0,fixed
122,S3_FALL_21,3,1,0.9047608562711247,1,0.0,SVM_v2,0,fixed
80,S3_ADL_01,3,0,-1.3517023599861517,0,0.11609469776137571,SVM_v2,0,balanced
81,S3_ADL_02,3,0,-1.458276419615839,0,0.11609469776137571,SVM_v2,0,balanced
82,S3_ADL_03,3,0,-1.3475416528955537,0,0.11609469776137571,SVM_v2,0,balanced
83,S3_ADL_04,3,0,-0.982479645999788,0,0.11609469776137571,SVM_v2,0,balanced
84,S3_ADL_05,3,0,-0.8406965946334468,0,0.11609469776137571,SVM_v2,0,balanced
85,S3_ADL_06,3,0,0.24346673729928464,1,0.11609469776137571,SVM_v2,0,balanced
86,S3_ADL_07,3,0,-0.27157466061139385,0,0.11609469776137571,SVM_v2,0,balanced
87,S3_ADL_08,3,0,-0.9361100111035805,0,0.11609469776137571,SVM_v2,0,balanced
88,S3_ADL_09,3,0,-1.232277180710002,0,0.11609469776137571,SVM_v2,0,balanced
89,S3_ADL_10,3,0,-1.5487388671056515,0,0.11609469776137571,SVM_v2,0,balanced
90,S3_ADL_11,3,0,-1.552779351175677,0,0.11609469776137571,SVM_v2,0,balanced
91,S3_ADL_12,3,0,-1.635549329549821,0,0.11609469776137571,SVM_v2,0,balanced
92,S3_ADL_13,3,0,-0.050049796186203144,0,0.11609469776137571,SVM_v2,0,balanced
93,S3_ADL_14,3,0,0.378662408279253,1,0.11609469776137571,SVM_v2,0,balanced
94,S3_ADL_15,3,0,-1.6465728611221127,0,0.11609469776137571,SVM_v2,0,balanced
95,S3_ADL_16,3,0,-1.4965554556907268,0,0.11609469776137571,SVM_v2,0,balanced
96,S3_ADL_17,3,0,-1.5669395092714968,0,0.11609469776137571,SVM_v2,0,balanced
97,S3_ADL_18,3,0,-1.3716277187006485,0,0.11609469776137571,SVM_v2,0,balanced
98,S3_ADL_19,3,0,-0.6334454864296002,0,0.11609469776137571,SVM_v2,0,balanced
99,S3_ADL_20,3,0,-1.5866022903201773,0,0.11609469776137571,SVM_v2,0,balanced
100,S3_ADL_21,3,0,-1.4079314736387964,0,0.11609469776137571,SVM_v2,0,balanced
101,S3_ADL_22,3,0,-1.2856928878933394,0,0.11609469776137571,SVM_v2,0,balanced
102,S3_FALL_01,3,1,0.20020573646666345,1,0.11609469776137571,SVM_v2,0,balanced
103,S3_FALL_02,3,1,0.4409590862061982,1,0.11609469776137571,SVM_v2,0,balanced
104,S3_FALL_03,3,1,1.2914510255545606,1,0.11609469776137571,SVM_v2,0,balanced
105,S3_FALL_04,3,1,0.6823153787828589,1,0.11609469776137571,SVM_v2,0,balanced
106,S3_FALL_05,3,1,1.0428393644267513,1,0.11609469776137571,SVM_v2,0,balanced
107,S3_FALL_06,3,1,-0.507909728380342,0,0.11609469776137571,SVM_v2,0,balanced
108,S3_FALL_07,3,1,0.6708747774773078,1,0.11609469776137571,SVM_v2,0,balanced
109,S3_FALL_08,3,1,0.4548031164850789,1,0.11609469776137571,SVM_v2,0,balanced
110,S3_FALL_09,3,1,-0.5643936018870459,0,0.11609469776137571,SVM_v2,0,balanced
111,S3_FALL_10,3,1,0.30574399180091155,1,0.11609469776137571,SVM_v2,0,balanced
112,S3_FALL_11,3,1,0.8807568797767948,1,0.11609469776137571,SVM_v2,0,balanced
113,S3_FALL_12,3,1,0.4982506077425019,1,0.11609469776137571,SVM_v2,0,balanced
114,S3_FALL_13,3,1,-0.4201441944460473,0,0.11609469776137571,SVM_v2,0,balanced
115,S3_FALL_14,3,1,0.646805019647664,1,0.11609469776137571,SVM_v2,0,balanced
116,S3_FALL_15,3,1,1.1989204305831183,1,0.11609469776137571,SVM_v2,0,balanced
117,S3_FALL_16,3,1,1.2245002047589533,1,0.11609469776137571,SVM_v2,0,balanced
118,S3_FALL_17,3,1,-0.6694500878078804,0,0.11609469776137571,SVM_v2,0,balanced
119,S3_FALL_18,3,1,0.5344790809071684,1,0.11609469776137571,SVM_v2,0,balanced
120,S3_FALL_19,3,1,1.2592194530183722,1,0.11609469776137571,SVM_v2,0,balanced
121,S3_FALL_20,3,1,0.6165606673349573,1,0.11609469776137571,SVM_v2,0,balanced
122,S3_FALL_21,3,1,0.9047608562711247,1,0.11609469776137571,SVM_v2,0,balanced
80,S3_ADL_01,3,0,-1.3517023599861517,0,-0.5487315359090608,SVM_v2,0,sensitivity
81,S3_ADL_02,3,0,-1.458276419615839,0,-0.5487315359090608,SVM_v2,0,sensitivity
82,S3_ADL_03,3,0,-1.3475416528955537,0,-0.5487315359090608,SVM_v2,0,sensitivity
83,S3_ADL_04,3,0,-0.982479645999788,0,-0.5487315359090608,SVM_v2,0,sensitivity
84,S3_ADL_05,3,0,-0.8406965946334468,0,-0.5487315359090608,SVM_v2,0,sensitivity
85,S3_ADL_06,3,0,0.24346673729928464,1,-0.5487315359090608,SVM_v2,0,sensitivity
86,S3_ADL_07,3,0,-0.27157466061139385,1,-0.5487315359090608,SVM_v2,0,sensitivity
87,S3_ADL_08,3,0,-0.9361100111035805,0,-0.5487315359090608,SVM_v2,0,sensitivity
88,S3_ADL_09,3,0,-1.232277180710002,0,-0.5487315359090608,SVM_v2,0,sensitivity
89,S3_ADL_10,3,0,-1.5487388671056515,0,-0.5487315359090608,SVM_v2,0,sensitivity
90,S3_ADL_11,3,0,-1.552779351175677,0,-0.5487315359090608,SVM_v2,0,sensitivity
91,S3_ADL_12,3,0,-1.635549329549821,0,-0.5487315359090608,SVM_v2,0,sensitivity
92,S3_ADL_13,3,0,-0.050049796186203144,1,-0.5487315359090608,SVM_v2,0,sensitivity
93,S3_ADL_14,3,0,0.378662408279253,1,-0.5487315359090608,SVM_v2,0,sensitivity
94,S3_ADL_15,3,0,-1.6465728611221127,0,-0.5487315359090608,SVM_v2,0,sensitivity
95,S3_ADL_16,3,0,-1.4965554556907268,0,-0.5487315359090608,SVM_v2,0,sensitivity
96,S3_ADL_17,3,0,-1.5669395092714968,0,-0.5487315359090608,SVM_v2,0,sensitivity
97,S3_ADL_18,3,0,-1.3716277187006485,0,-0.5487315359090608,SVM_v2,0,sensitivity
98,S3_ADL_19,3,0,-0.6334454864296002,0,-0.5487315359090608,SVM_v2,0,sensitivity
99,S3_ADL_20,3,0,-1.5866022903201773,0,-0.5487315359090608,SVM_v2,0,sensitivity
100,S3_ADL_21,3,0,-1.4079314736387964,0,-0.5487315359090608,SVM_v2,0,sensitivity
101,S3_ADL_22,3,0,-1.2856928878933394,0,-0.5487315359090608,SVM_v2,0,sensitivity
102,S3_FALL_01,3,1,0.20020573646666345,1,-0.5487315359090608,SVM_v2,0,sensitivity
103,S3_FALL_02,3,1,0.4409590862061982,1,-0.5487315359090608,SVM_v2,0,sensitivity
104,S3_FALL_03,3,1,1.2914510255545606,1,-0.5487315359090608,SVM_v2,0,sensitivity
105,S3_FALL_04,3,1,0.6823153787828589,1,-0.5487315359090608,SVM_v2,0,sensitivity
106,S3_FALL_05,3,1,1.0428393644267513,1,-0.5487315359090608,SVM_v2,0,sensitivity
107,S3_FALL_06,3,1,-0.507909728380342,1,-0.5487315359090608,SVM_v2,0,sensitivity
108,S3_FALL_07,3,1,0.6708747774773078,1,-0.5487315359090608,SVM_v2,0,sensitivity
109,S3_FALL_08,3,1,0.4548031164850789,1,-0.5487315359090608,SVM_v2,0,sensitivity
110,S3_FALL_09,3,1,-0.5643936018870459,0,-0.5487315359090608,SVM_v2,0,sensitivity
111,S3_FALL_10,3,1,0.30574399180091155,1,-0.5487315359090608,SVM_v2,0,sensitivity
112,S3_FALL_11,3,1,0.8807568797767948,1,-0.5487315359090608,SVM_v2,0,sensitivity
113,S3_FALL_12,3,1,0.4982506077425019,1,-0.5487315359090608,SVM_v2,0,sensitivity
114,S3_FALL_13,3,1,-0.4201441944460473,1,-0.5487315359090608,SVM_v2,0,sensitivity
115,S3_FALL_14,3,1,0.646805019647664,1,-0.5487315359090608,SVM_v2,0,sensitivity
116,S3_FALL_15,3,1,1.1989204305831183,1,-0.5487315359090608,SVM_v2,0,sensitivity
117,S3_FALL_16,3,1,1.2245002047589533,1,-0.5487315359090608,SVM_v2,0,sensitivity
118,S3_FALL_17,3,1,-0.6694500878078804,0,-0.5487315359090608,SVM_v2,0,sensitivity
119,S3_FALL_18,3,1,0.5344790809071684,1,-0.5487315359090608,SVM_v2,0,sensitivity
120,S3_FALL_19,3,1,1.2592194530183722,1,-0.5487315359090608,SVM_v2,0,sensitivity
121,S3_FALL_20,3,1,0.6165606673349573,1,-0.5487315359090608,SVM_v2,0,sensitivity
122,S3_FALL_21,3,1,0.9047608562711247,1,-0.5487315359090608,SVM_v2,0,sensitivity
123,S4_ADL_01,4,0,-1.529026465893784,0,0.0,SVM_v2,0,fixed
124,S4_ADL_02,4,0,-1.6726493289722648,0,0.0,SVM_v2,0,fixed
125,S4_ADL_03,4,0,-1.0950096218774887,0,0.0,SVM_v2,0,fixed
126,S4_ADL_04,4,0,-1.4909042127066332,0,0.0,SVM_v2,0,fixed
127,S4_ADL_05,4,0,0.7830418523641471,1,0.0,SVM_v2,0,fixed
128,S4_ADL_06,4,0,-0.6496110967659149,0,0.0,SVM_v2,0,fixed
129,S4_ADL_07,4,0,0.5650260572509003,1,0.0,SVM_v2,0,fixed
130,S4_ADL_08,4,0,-1.0676578433036203,0,0.0,SVM_v2,0,fixed
131,S4_ADL_09,4,0,-1.330230658343428,0,0.0,SVM_v2,0,fixed
132,S4_ADL_10,4,0,0.26688974071350724,1,0.0,SVM_v2,0,fixed
133,S4_ADL_11,4,0,-1.0751245154114826,0,0.0,SVM_v2,0,fixed
134,S4_ADL_12,4,0,-1.0179651619786556,0,0.0,SVM_v2,0,fixed
135,S4_ADL_13,4,0,-2.294888184022061,0,0.0,SVM_v2,0,fixed
136,S4_ADL_14,4,0,-2.3603159668119558,0,0.0,SVM_v2,0,fixed
137,S4_ADL_15,4,0,0.0272585248097722,1,0.0,SVM_v2,0,fixed
138,S4_ADL_16,4,0,-0.042301125747683854,0,0.0,SVM_v2,0,fixed
139,S4_ADL_17,4,0,0.8829658861027555,1,0.0,SVM_v2,0,fixed
140,S4_ADL_18,4,0,-1.5489183627250531,0,0.0,SVM_v2,0,fixed
141,S4_ADL_19,4,0,0.4163213466614498,1,0.0,SVM_v2,0,fixed
142,S4_ADL_20,4,0,-1.2390261159248448,0,0.0,SVM_v2,0,fixed
143,S4_FALL_01,4,1,0.975286101805962,1,0.0,SVM_v2,0,fixed
144,S4_FALL_02,4,1,0.9721729866485612,1,0.0,SVM_v2,0,fixed
145,S4_FALL_03,4,1,0.7638302123232238,1,0.0,SVM_v2,0,fixed
146,S4_FALL_04,4,1,1.5580975182369368,1,0.0,SVM_v2,0,fixed
147,S4_FALL_05,4,1,-0.3688370266337452,0,0.0,SVM_v2,0,fixed
148,S4_FALL_06,4,1,-0.03408127486662249,0,0.0,SVM_v2,0,fixed
149,S4_FALL_07,4,1,0.9546296746462968,1,0.0,SVM_v2,0,fixed
150,S4_FALL_08,4,1,0.2577287860862977,1,0.0,SVM_v2,0,fixed
151,S4_FALL_09,4,1,0.36449974566695964,1,0.0,SVM_v2,0,fixed
152,S4_FALL_10,4,1,1.2374784297601467,1,0.0,SVM_v2,0,fixed
153,S4_FALL_11,4,1,0.9891706069001767,1,0.0,SVM_v2,0,fixed
154,S4_FALL_12,4,1,1.2061991843167021,1,0.0,SVM_v2,0,fixed
155,S4_FALL_13,4,1,1.0414315922607813,1,0.0,SVM_v2,0,fixed
156,S4_FALL_14,4,1,1.3332214105635998,1,0.0,SVM_v2,0,fixed
157,S4_FALL_15,4,1,0.7745282728781251,1,0.0,SVM_v2,0,fixed
158,S4_FALL_16,4,1,0.7644105361536975,1,0.0,SVM_v2,0,fixed
159,S4_FALL_17,4,1,-0.8820554347505628,0,0.0,SVM_v2,0,fixed
123,S4_ADL_01,4,0,-1.529026465893784,0,0.14512213974974153,SVM_v2,0,balanced
124,S4_ADL_02,4,0,-1.6726493289722648,0,0.14512213974974153,SVM_v2,0,balanced
125,S4_ADL_03,4,0,-1.0950096218774887,0,0.14512213974974153,SVM_v2,0,balanced
126,S4_ADL_04,4,0,-1.4909042127066332,0,0.14512213974974153,SVM_v2,0,balanced
127,S4_ADL_05,4,0,0.7830418523641471,1,0.14512213974974153,SVM_v2,0,balanced
128,S4_ADL_06,4,0,-0.6496110967659149,0,0.14512213974974153,SVM_v2,0,balanced
129,S4_ADL_07,4,0,0.5650260572509003,1,0.14512213974974153,SVM_v2,0,balanced
130,S4_ADL_08,4,0,-1.0676578433036203,0,0.14512213974974153,SVM_v2,0,balanced
131,S4_ADL_09,4,0,-1.330230658343428,0,0.14512213974974153,SVM_v2,0,balanced
132,S4_ADL_10,4,0,0.26688974071350724,1,0.14512213974974153,SVM_v2,0,balanced
133,S4_ADL_11,4,0,-1.0751245154114826,0,0.14512213974974153,SVM_v2,0,balanced
134,S4_ADL_12,4,0,-1.0179651619786556,0,0.14512213974974153,SVM_v2,0,balanced
135,S4_ADL_13,4,0,-2.294888184022061,0,0.14512213974974153,SVM_v2,0,balanced
136,S4_ADL_14,4,0,-2.3603159668119558,0,0.14512213974974153,SVM_v2,0,balanced
137,S4_ADL_15,4,0,0.0272585248097722,0,0.14512213974974153,SVM_v2,0,balanced
138,S4_ADL_16,4,0,-0.042301125747683854,0,0.14512213974974153,SVM_v2,0,balanced
139,S4_ADL_17,4,0,0.8829658861027555,1,0.14512213974974153,SVM_v2,0,balanced
140,S4_ADL_18,4,0,-1.5489183627250531,0,0.14512213974974153,SVM_v2,0,balanced
141,S4_ADL_19,4,0,0.4163213466614498,1,0.14512213974974153,SVM_v2,0,balanced
142,S4_ADL_20,4,0,-1.2390261159248448,0,0.14512213974974153,SVM_v2,0,balanced
143,S4_FALL_01,4,1,0.975286101805962,1,0.14512213974974153,SVM_v2,0,balanced
144,S4_FALL_02,4,1,0.9721729866485612,1,0.14512213974974153,SVM_v2,0,balanced
145,S4_FALL_03,4,1,0.7638302123232238,1,0.14512213974974153,SVM_v2,0,balanced
146,S4_FALL_04,4,1,1.5580975182369368,1,0.14512213974974153,SVM_v2,0,balanced
147,S4_FALL_05,4,1,-0.3688370266337452,0,0.14512213974974153,SVM_v2,0,balanced
148,S4_FALL_06,4,1,-0.03408127486662249,0,0.14512213974974153,SVM_v2,0,balanced
149,S4_FALL_07,4,1,0.9546296746462968,1,0.14512213974974153,SVM_v2,0,balanced
150,S4_FALL_08,4,1,0.2577287860862977,1,0.14512213974974153,SVM_v2,0,balanced
151,S4_FALL_09,4,1,0.36449974566695964,1,0.14512213974974153,SVM_v2,0,balanced
152,S4_FALL_10,4,1,1.2374784297601467,1,0.14512213974974153,SVM_v2,0,balanced
153,S4_FALL_11,4,1,0.9891706069001767,1,0.14512213974974153,SVM_v2,0,balanced
154,S4_FALL_12,4,1,1.2061991843167021,1,0.14512213974974153,SVM_v2,0,balanced
155,S4_FALL_13,4,1,1.0414315922607813,1,0.14512213974974153,SVM_v2,0,balanced
156,S4_FALL_14,4,1,1.3332214105635998,1,0.14512213974974153,SVM_v2,0,balanced
157,S4_FALL_15,4,1,0.7745282728781251,1,0.14512213974974153,SVM_v2,0,balanced
158,S4_FALL_16,4,1,0.7644105361536975,1,0.14512213974974153,SVM_v2,0,balanced
159,S4_FALL_17,4,1,-0.8820554347505628,0,0.14512213974974153,SVM_v2,0,balanced
123,S4_ADL_01,4,0,-1.529026465893784,0,-0.08538148068092064,SVM_v2,0,sensitivity
124,S4_ADL_02,4,0,-1.6726493289722648,0,-0.08538148068092064,SVM_v2,0,sensitivity
125,S4_ADL_03,4,0,-1.0950096218774887,0,-0.08538148068092064,SVM_v2,0,sensitivity
126,S4_ADL_04,4,0,-1.4909042127066332,0,-0.08538148068092064,SVM_v2,0,sensitivity
127,S4_ADL_05,4,0,0.7830418523641471,1,-0.08538148068092064,SVM_v2,0,sensitivity
128,S4_ADL_06,4,0,-0.6496110967659149,0,-0.08538148068092064,SVM_v2,0,sensitivity
129,S4_ADL_07,4,0,0.5650260572509003,1,-0.08538148068092064,SVM_v2,0,sensitivity
130,S4_ADL_08,4,0,-1.0676578433036203,0,-0.08538148068092064,SVM_v2,0,sensitivity
131,S4_ADL_09,4,0,-1.330230658343428,0,-0.08538148068092064,SVM_v2,0,sensitivity
132,S4_ADL_10,4,0,0.26688974071350724,1,-0.08538148068092064,SVM_v2,0,sensitivity
133,S4_ADL_11,4,0,-1.0751245154114826,0,-0.08538148068092064,SVM_v2,0,sensitivity
134,S4_ADL_12,4,0,-1.0179651619786556,0,-0.08538148068092064,SVM_v2,0,sensitivity
135,S4_ADL_13,4,0,-2.294888184022061,0,-0.08538148068092064,SVM_v2,0,sensitivity
136,S4_ADL_14,4,0,-2.3603159668119558,0,-0.08538148068092064,SVM_v2,0,sensitivity
137,S4_ADL_15,4,0,0.0272585248097722,1,-0.08538148068092064,SVM_v2,0,sensitivity
138,S4_ADL_16,4,0,-0.042301125747683854,1,-0.08538148068092064,SVM_v2,0,sensitivity
139,S4_ADL_17,4,0,0.8829658861027555,1,-0.08538148068092064,SVM_v2,0,sensitivity
140,S4_ADL_18,4,0,-1.5489183627250531,0,-0.08538148068092064,SVM_v2,0,sensitivity
141,S4_ADL_19,4,0,0.4163213466614498,1,-0.08538148068092064,SVM_v2,0,sensitivity
142,S4_ADL_20,4,0,-1.2390261159248448,0,-0.08538148068092064,SVM_v2,0,sensitivity
143,S4_FALL_01,4,1,0.975286101805962,1,-0.08538148068092064,SVM_v2,0,sensitivity
144,S4_FALL_02,4,1,0.9721729866485612,1,-0.08538148068092064,SVM_v2,0,sensitivity
145,S4_FALL_03,4,1,0.7638302123232238,1,-0.08538148068092064,SVM_v2,0,sensitivity
146,S4_FALL_04,4,1,1.5580975182369368,1,-0.08538148068092064,SVM_v2,0,sensitivity
147,S4_FALL_05,4,1,-0.3688370266337452,0,-0.08538148068092064,SVM_v2,0,sensitivity
148,S4_FALL_06,4,1,-0.03408127486662249,1,-0.08538148068092064,SVM_v2,0,sensitivity
149,S4_FALL_07,4,1,0.9546296746462968,1,-0.08538148068092064,SVM_v2,0,sensitivity
150,S4_FALL_08,4,1,0.2577287860862977,1,-0.08538148068092064,SVM_v2,0,sensitivity
151,S4_FALL_09,4,1,0.36449974566695964,1,-0.08538148068092064,SVM_v2,0,sensitivity
152,S4_FALL_10,4,1,1.2374784297601467,1,-0.08538148068092064,SVM_v2,0,sensitivity
153,S4_FALL_11,4,1,0.9891706069001767,1,-0.08538148068092064,SVM_v2,0,sensitivity
154,S4_FALL_12,4,1,1.2061991843167021,1,-0.08538148068092064,SVM_v2,0,sensitivity
155,S4_FALL_13,4,1,1.0414315922607813,1,-0.08538148068092064,SVM_v2,0,sensitivity
156,S4_FALL_14,4,1,1.3332214105635998,1,-0.08538148068092064,SVM_v2,0,sensitivity
157,S4_FALL_15,4,1,0.7745282728781251,1,-0.08538148068092064,SVM_v2,0,sensitivity
158,S4_FALL_16,4,1,0.7644105361536975,1,-0.08538148068092064,SVM_v2,0,sensitivity
159,S4_FALL_17,4,1,-0.8820554347505628,0,-0.08538148068092064,SVM_v2,0,sensitivity
